experiment,config_name,category,stack_types,period,frequency,forecast_length,backcast_length,n_stacks,n_blocks_per_stack,share_weights,run,seed,smape,mase,mae,mse,owa,norm_mae,norm_mse,n_params,training_time_seconds,epochs_trained,active_g,sum_losses,activation,stopping_reason,best_val_loss,final_val_loss,final_train_loss,best_epoch,loss_ratio,diverged,val_loss_curve,search_round,basis_dim,basis_offset,trend_thetas_dim_cfg,wavelet_family,bd_label,latent_dim_cfg,repeats_cfg,meta_predicted_best,meta_convergence_score
v3aelg_stackheight_sweep_traffic_r1,Haar_eq_fcast_ttd3_ld32_r2,v3aelg_stackheight_sweep_traffic,"['TrendAELG', 'HaarWaveletV3AELG']",Traffic-96,24,96,192,4,1,True,1,43,17.901733,0.714309,0.011034,0.000710,nan,0.236612,0.280341,725766,1420.00,15,False,False,ReLU,MAX_EPOCHS,18.80908585,18.93819618,20.24057007,13,1.006864,False,"[""31.16369820"", ""29.74664879"", ""29.32354736"", ""24.60957146"", ""22.65380096"", ""24.01266098"", ""23.32526970"", ""20.16623306"", ""20.31875229"", ""19.64572144"", ""20.81885529"", ""19.31019783"", ""21.73962593"", ""18.80908585"", ""18.93819618""]",1,96,0,3,HaarWaveletV3AELG,eq_fcast,32,2,,
v3aelg_stackheight_sweep_traffic_r1,Haar_eq_fcast_ttd3_ld32_r2,v3aelg_stackheight_sweep_traffic,"['TrendAELG', 'HaarWaveletV3AELG']",Traffic-96,24,96,192,4,1,True,0,42,17.777519,0.722035,0.011126,0.000722,nan,0.238773,0.285558,725766,1438.01,15,False,False,ReLU,MAX_EPOCHS,18.92742920,20.34241295,21.56178474,12,1.074758,False,"[""39.47843552"", ""31.82858849"", ""29.24068069"", ""25.77177620"", ""27.02689552"", ""22.11517715"", ""25.41640663"", ""20.81040382"", ""21.18227386"", ""20.23435593"", ""19.74460983"", ""21.19936752"", ""18.92742920"", ""20.20141220"", ""20.34241295""]",1,96,0,3,HaarWaveletV3AELG,eq_fcast,32,2,,
v3aelg_stackheight_sweep_traffic_r1,Haar_eq_fcast_ttd3_ld32_r2,v3aelg_stackheight_sweep_traffic,"['TrendAELG', 'HaarWaveletV3AELG']",Traffic-96,24,96,192,4,1,True,2,44,19.439142,0.749797,0.011514,0.000733,nan,0.247767,0.289505,725766,1423.36,15,False,False,ReLU,MAX_EPOCHS,19.44017029,21.26381493,22.46909523,10,1.093808,False,"[""31.68355370"", ""31.94359589"", ""27.44168282"", ""29.95004272"", ""24.37444878"", ""22.60034180"", ""20.96893692"", ""20.11300659"", ""20.94420242"", ""19.76861954"", ""19.44017029"", ""19.76414299"", ""20.53462410"", ""22.54205322"", ""21.26381493""]",1,96,0,3,HaarWaveletV3AELG,eq_fcast,32,2,,
v3aelg_stackheight_sweep_traffic_r1,Haar_eq_fcast_ttd3_ld32_r3,v3aelg_stackheight_sweep_traffic,"['TrendAELG', 'HaarWaveletV3AELG']",Traffic-96,24,96,192,6,1,True,0,42,17.303831,0.695389,0.010783,0.000701,nan,0.230359,0.275909,1088649,1456.69,15,False,False,ReLU,MAX_EPOCHS,17.93408585,20.42279625,23.94404793,13,1.138770,False,"[""31.36158943"", ""33.71387863"", ""26.47030067"", ""25.21273422"", ""25.55199623"", ""21.90872955"", ""25.31462860"", ""20.03573608"", ""21.38976669"", ""19.13826180"", ""18.37176514"", ""23.50077057"", ""22.75296021"", ""17.93408585"", ""20.42279625""]",1,96,0,3,HaarWaveletV3AELG,eq_fcast,32,3,,
v3aelg_stackheight_sweep_traffic_r1,Haar_eq_fcast_ttd3_ld32_r3,v3aelg_stackheight_sweep_traffic,"['TrendAELG', 'HaarWaveletV3AELG']",Traffic-96,24,96,192,6,1,True,1,43,17.689106,0.700724,0.010864,0.000712,nan,0.231917,0.277267,1088649,1448.61,15,False,False,ReLU,MAX_EPOCHS,18.46807861,18.46807861,20.03301239,14,1.000000,False,"[""38.01314926"", ""33.15402222"", ""28.61298561"", ""29.94168663"", ""26.40979958"", ""24.14665604"", ""21.93301392"", ""20.73512650"", ""20.22489357"", ""21.23844910"", ""20.45870399"", ""19.59690857"", ""19.67214966"", ""18.95262718"", ""18.46807861""]",1,96,0,3,HaarWaveletV3AELG,eq_fcast,32,3,,
v3aelg_stackheight_sweep_traffic_r1,Haar_eq_fcast_ttd3_ld32_r3,v3aelg_stackheight_sweep_traffic,"['TrendAELG', 'HaarWaveletV3AELG']",Traffic-96,24,96,192,6,1,True,2,44,17.723387,0.713166,0.011028,0.000724,nan,0.235694,0.283269,1088649,1465.94,15,False,False,ReLU,MAX_EPOCHS,18.57271194,20.25813293,23.38204002,13,1.090747,False,"[""31.16702652"", ""29.22540283"", ""32.25790024"", ""27.30014420"", ""30.65579224"", ""26.82594681"", ""23.75877571"", ""23.27195168"", ""24.47550964"", ""20.63358688"", ""19.50099564"", ""19.77322960"", ""20.90945244"", ""18.57271194"", ""20.25813293""]",1,96,0,3,HaarWaveletV3AELG,eq_fcast,32,3,,
v3aelg_stackheight_sweep_traffic_r1,Haar_eq_fcast_ttd3_ld32_r4,v3aelg_stackheight_sweep_traffic,"['TrendAELG', 'HaarWaveletV3AELG']",Traffic-96,24,96,192,8,1,True,0,42,17.994379,0.704174,0.010883,0.000699,nan,0.233215,0.276930,1451532,1457.30,15,False,False,ReLU,MAX_EPOCHS,18.87647057,18.87956047,21.31100273,11,1.000164,False,"[""35.82993317"", ""37.00239944"", ""29.07379150"", ""25.11551094"", ""23.35657883"", ""21.96575356"", ""21.04741096"", ""20.64172554"", ""19.53224373"", ""23.02744293"", ""19.53104973"", ""18.87647057"", ""18.98055458"", ""19.18847847"", ""18.87956047""]",1,96,0,3,HaarWaveletV3AELG,eq_fcast,32,4,,
v3aelg_stackheight_sweep_traffic_r1,Haar_eq_fcast_ttd3_ld32_r4,v3aelg_stackheight_sweep_traffic,"['TrendAELG', 'HaarWaveletV3AELG']",Traffic-96,24,96,192,8,1,True,1,43,18.016537,0.715535,0.011021,0.000714,nan,0.236417,0.282691,1451532,1476.40,15,False,False,ReLU,MAX_EPOCHS,19.19235229,19.19235229,20.47449875,14,1.000000,False,"[""35.19815445"", ""35.79499435"", ""32.35752106"", ""27.43369675"", ""26.10907173"", ""24.14132881"", ""21.98677635"", ""27.73032570"", ""20.91443443"", ""20.29392624"", ""19.99709892"", ""20.69932938"", ""21.10645294"", ""19.74084091"", ""19.19235229""]",1,96,0,3,HaarWaveletV3AELG,eq_fcast,32,4,,
v3aelg_stackheight_sweep_traffic_r1,Haar_eq_fcast_ttd3_ld32_r4,v3aelg_stackheight_sweep_traffic,"['TrendAELG', 'HaarWaveletV3AELG']",Traffic-96,24,96,192,8,1,True,2,44,17.262760,0.687555,0.010661,0.000687,nan,0.227812,0.271324,1451532,1462.44,15,False,False,ReLU,MAX_EPOCHS,18.31927490,18.31927490,19.51413155,14,1.000000,False,"[""42.00408936"", ""31.54999352"", ""27.82748222"", ""28.38482285"", ""21.73933220"", ""22.88440514"", ""21.03062248"", ""20.09028625"", ""22.62378502"", ""19.70416260"", ""19.16461754"", ""19.14995003"", ""20.90238380"", ""19.12195778"", ""18.31927490""]",1,96,0,3,HaarWaveletV3AELG,eq_fcast,32,4,,
v3aelg_stackheight_sweep_traffic_r1,Haar_eq_fcast_ttd3_ld32_r5,v3aelg_stackheight_sweep_traffic,"['TrendAELG', 'HaarWaveletV3AELG']",Traffic-96,24,96,192,10,1,True,0,42,17.385378,0.690739,0.010712,0.000697,nan,0.228622,0.273938,1814415,1489.67,15,False,False,ReLU,MAX_EPOCHS,18.02092361,20.88602257,23.26747513,12,1.158987,False,"[""41.33018112"", ""31.81420326"", ""27.06851387"", ""26.14560509"", ""22.66493797"", ""24.73733902"", ""20.58407211"", ""23.27594376"", ""19.58729553"", ""18.74037743"", ""19.48733902"", ""18.42315483"", ""18.02092361"", ""18.04381180"", ""20.88602257""]",1,96,0,3,HaarWaveletV3AELG,eq_fcast,32,5,,
v3aelg_stackheight_sweep_traffic_r1,Haar_eq_fcast_ttd3_ld32_r5,v3aelg_stackheight_sweep_traffic,"['TrendAELG', 'HaarWaveletV3AELG']",Traffic-96,24,96,192,10,1,True,1,43,17.555094,0.700338,0.010850,0.000709,nan,0.231568,0.279121,1814415,1483.07,15,False,False,ReLU,MAX_EPOCHS,18.44879913,21.36126900,24.01509666,12,1.157868,False,"[""32.24291229"", ""29.34079170"", ""33.03354263"", ""26.20841026"", ""25.94044304"", ""21.24855804"", ""21.70409203"", ""22.22674561"", ""22.79030418"", ""19.63360214"", ""18.79583931"", ""18.68550873"", ""18.44879913"", ""20.07633972"", ""21.36126900""]",1,96,0,3,HaarWaveletV3AELG,eq_fcast,32,5,,
v3aelg_stackheight_sweep_traffic_r1,Haar_eq_fcast_ttd3_ld32_r5,v3aelg_stackheight_sweep_traffic,"['TrendAELG', 'HaarWaveletV3AELG']",Traffic-96,24,96,192,10,1,True,2,44,18.045456,0.714493,0.011007,0.000701,nan,0.236493,0.279485,1814415,1486.26,15,False,False,ReLU,MAX_EPOCHS,18.55988121,20.78149414,21.86086655,13,1.119700,False,"[""38.06902695"", ""32.44589233"", ""29.70332146"", ""28.53456497"", ""25.40961266"", ""23.73818588"", ""24.10634804"", ""24.08519173"", ""20.09067154"", ""19.77878571"", ""19.46459389"", ""27.23548698"", ""21.12630463"", ""18.55988121"", ""20.78149414""]",1,96,0,3,HaarWaveletV3AELG,eq_fcast,32,5,,
v3aelg_stackheight_sweep_traffic_r1,Haar_lt_fcast_ttd3_ld32_r2,v3aelg_stackheight_sweep_traffic,"['TrendAELG', 'HaarWaveletV3AELG']",Traffic-96,24,96,192,4,1,True,0,42,19.307083,0.781942,0.012082,0.000865,nan,0.256889,0.325462,721670,1463.84,15,False,False,ReLU,MAX_EPOCHS,19.83509827,20.50047493,22.16301727,10,1.033545,False,"[""38.06674957"", ""31.01953506"", ""27.18252754"", ""24.97461128"", ""24.21992493"", ""22.22115135"", ""21.13632202"", ""23.55631828"", ""22.75283813"", ""19.90905762"", ""19.83509827"", ""20.31035042"", ""21.44539833"", ""22.70127869"", ""20.50047493""]",1,94,0,3,HaarWaveletV3AELG,lt_fcast,32,2,,
v3aelg_stackheight_sweep_traffic_r1,Haar_lt_fcast_ttd3_ld32_r2,v3aelg_stackheight_sweep_traffic,"['TrendAELG', 'HaarWaveletV3AELG']",Traffic-96,24,96,192,4,1,True,1,43,18.680672,0.768063,0.011875,0.000843,nan,0.252337,0.320829,721670,1481.78,15,False,False,ReLU,MAX_EPOCHS,19.36545944,19.36545944,20.84604263,14,1.000000,False,"[""33.18876266"", ""34.14463043"", ""30.36600876"", ""27.49671364"", ""24.44598007"", ""24.48630142"", ""22.29675674"", ""22.07692337"", ""20.64355850"", ""20.92027664"", ""20.54004860"", ""19.66662788"", ""20.56951904"", ""19.40194130"", ""19.36545944""]",1,94,0,3,HaarWaveletV3AELG,lt_fcast,32,2,,
v3aelg_stackheight_sweep_traffic_r1,Haar_lt_fcast_ttd3_ld32_r2,v3aelg_stackheight_sweep_traffic,"['TrendAELG', 'HaarWaveletV3AELG']",Traffic-96,24,96,192,4,1,True,2,44,18.662205,0.775488,0.012024,0.000868,nan,0.254883,0.323715,721670,1451.68,15,False,False,ReLU,MAX_EPOCHS,19.55001450,20.31527901,21.14055443,11,1.039144,False,"[""32.27870178"", ""32.74824905"", ""29.95810509"", ""24.04818153"", ""24.69602394"", ""22.35704231"", ""26.71289444"", ""21.48509789"", ""22.10885620"", ""22.63928413"", ""20.24974823"", ""19.55001450"", ""22.43492508"", ""21.65908623"", ""20.31527901""]",1,94,0,3,HaarWaveletV3AELG,lt_fcast,32,2,,
v3aelg_stackheight_sweep_traffic_r1,Haar_lt_fcast_ttd3_ld32_r3,v3aelg_stackheight_sweep_traffic,"['TrendAELG', 'HaarWaveletV3AELG']",Traffic-96,24,96,192,6,1,True,0,42,18.193052,0.733567,0.011374,0.000776,nan,0.241875,0.297673,1082505,1481.13,15,False,False,ReLU,MAX_EPOCHS,18.54870224,18.54870224,20.21434975,14,1.000000,False,"[""33.77875137"", ""32.25803757"", ""33.78293991"", ""28.22200966"", ""24.06331444"", ""26.35155296"", ""22.24029350"", ""21.99003792"", ""21.64358711"", ""19.92781830"", ""22.16456604"", ""19.50272369"", ""21.31649780"", ""21.09381294"", ""18.54870224""]",1,94,0,3,HaarWaveletV3AELG,lt_fcast,32,3,,
v3aelg_stackheight_sweep_traffic_r1,Haar_lt_fcast_ttd3_ld32_r3,v3aelg_stackheight_sweep_traffic,"['TrendAELG', 'HaarWaveletV3AELG']",Traffic-96,24,96,192,6,1,True,1,43,18.987949,0.778049,0.012003,0.000868,nan,0.255462,0.328781,1082505,1474.35,15,False,False,ReLU,MAX_EPOCHS,18.96573448,19.18914986,20.75336647,13,1.011780,False,"[""32.33498383"", ""32.53700256"", ""28.68676758"", ""27.39946747"", ""25.90557098"", ""22.54431152"", ""21.74132919"", ""21.20322227"", ""28.58370399"", ""19.97630692"", ""19.55404472"", ""20.43862152"", ""20.38048744"", ""18.96573448"", ""19.18914986""]",1,94,0,3,HaarWaveletV3AELG,lt_fcast,32,3,,
v3aelg_stackheight_sweep_traffic_r1,Haar_lt_fcast_ttd3_ld32_r3,v3aelg_stackheight_sweep_traffic,"['TrendAELG', 'HaarWaveletV3AELG']",Traffic-96,24,96,192,6,1,True,2,44,18.756916,0.748206,0.011593,0.000801,nan,0.246338,0.304769,1082505,1499.28,15,False,False,ReLU,MAX_EPOCHS,19.30120468,26.39878464,27.62517548,11,1.367727,False,"[""35.82169342"", ""33.67533875"", ""30.19642258"", ""25.95073318"", ""23.81949043"", ""22.74766350"", ""22.02075768"", ""21.19224930"", ""21.99143219"", ""22.23819733"", ""22.10372925"", ""19.30120468"", ""21.02827072"", ""19.50414276"", ""26.39878464""]",1,94,0,3,HaarWaveletV3AELG,lt_fcast,32,3,,
v3aelg_stackheight_sweep_traffic_r1,Haar_lt_fcast_ttd3_ld32_r4,v3aelg_stackheight_sweep_traffic,"['TrendAELG', 'HaarWaveletV3AELG']",Traffic-96,24,96,192,8,1,True,0,42,17.257421,0.697289,0.010832,0.000722,nan,0.230263,0.280686,1443340,1501.29,15,False,False,ReLU,MAX_EPOCHS,18.37383270,18.37383270,20.19306374,14,1.000000,False,"[""42.61207962"", ""33.89514160"", ""30.27417946"", ""27.65965080"", ""25.68380165"", ""22.86382103"", ""22.20967865"", ""23.86107254"", ""22.97371483"", ""19.92227936"", ""19.15201569"", ""19.49035454"", ""18.75591850"", ""19.13342476"", ""18.37383270""]",1,94,0,3,HaarWaveletV3AELG,lt_fcast,32,4,,
v3aelg_stackheight_sweep_traffic_r1,Haar_lt_fcast_ttd3_ld32_r4,v3aelg_stackheight_sweep_traffic,"['TrendAELG', 'HaarWaveletV3AELG']",Traffic-96,24,96,192,8,1,True,1,43,17.687782,0.709983,0.011015,0.000750,nan,0.234474,0.290297,1443340,1516.42,15,False,False,ReLU,MAX_EPOCHS,18.07504654,18.07504654,19.96352196,14,1.000000,False,"[""44.01980209"", ""33.30827713"", ""27.73399353"", ""25.41351318"", ""24.98606300"", ""22.52569771"", ""21.72537804"", ""21.73336601"", ""20.97011948"", ""21.08207703"", ""19.39030075"", ""20.38964272"", ""22.63791275"", ""19.20884323"", ""18.07504654""]",1,94,0,3,HaarWaveletV3AELG,lt_fcast,32,4,,
v3aelg_stackheight_sweep_traffic_r1,Haar_lt_fcast_ttd3_ld32_r4,v3aelg_stackheight_sweep_traffic,"['TrendAELG', 'HaarWaveletV3AELG']",Traffic-96,24,96,192,8,1,True,2,44,17.863493,0.727948,0.011291,0.000763,nan,0.240222,0.293356,1443340,1559.44,15,False,False,ReLU,MAX_EPOCHS,18.69768715,18.82595444,20.09393883,13,1.006860,False,"[""33.49889374"", ""31.08617973"", ""31.14716339"", ""26.63866234"", ""25.26602364"", ""26.02964401"", ""21.14109612"", ""20.83573723"", ""22.38364983"", ""25.66011620"", ""20.13123131"", ""20.73284340"", ""19.03596306"", ""18.69768715"", ""18.82595444""]",1,94,0,3,HaarWaveletV3AELG,lt_fcast,32,4,,
v3aelg_stackheight_sweep_traffic_r1,Haar_lt_fcast_ttd3_ld32_r5,v3aelg_stackheight_sweep_traffic,"['TrendAELG', 'HaarWaveletV3AELG']",Traffic-96,24,96,192,10,1,True,0,42,17.538210,0.711160,0.011061,0.000743,nan,0.234873,0.286802,1804175,1585.12,15,False,False,ReLU,MAX_EPOCHS,18.75433350,19.03587341,20.13404274,13,1.015012,False,"[""37.73663330"", ""32.88833237"", ""28.52566910"", ""28.10928154"", ""24.69772530"", ""22.45084000"", ""21.68231010"", ""22.98700333"", ""21.46475983"", ""21.26091385"", ""19.93035507"", ""20.40894127"", ""21.51820946"", ""18.75433350"", ""19.03587341""]",1,94,0,3,HaarWaveletV3AELG,lt_fcast,32,5,,
v3aelg_stackheight_sweep_traffic_r1,Haar_lt_fcast_ttd3_ld32_r5,v3aelg_stackheight_sweep_traffic,"['TrendAELG', 'HaarWaveletV3AELG']",Traffic-96,24,96,192,10,1,True,1,43,18.011539,0.711256,0.011060,0.000755,nan,0.234906,0.290477,1804175,1545.77,15,False,False,ReLU,MAX_EPOCHS,18.67229271,18.67229271,19.80083656,14,1.000000,False,"[""35.00579453"", ""35.83244705"", ""31.58748245"", ""26.55091667"", ""23.86547279"", ""23.44253159"", ""23.11354256"", ""22.03501701"", ""20.25296974"", ""23.12129021"", ""20.25293159"", ""19.74084091"", ""18.68064308"", ""19.24711990"", ""18.67229271""]",1,94,0,3,HaarWaveletV3AELG,lt_fcast,32,5,,
v3aelg_stackheight_sweep_traffic_r1,Haar_lt_fcast_ttd3_ld32_r5,v3aelg_stackheight_sweep_traffic,"['TrendAELG', 'HaarWaveletV3AELG']",Traffic-96,24,96,192,10,1,True,2,44,18.568521,0.737087,0.011451,0.000803,nan,0.242914,0.303760,1804175,1559.64,15,False,False,ReLU,MAX_EPOCHS,19.09621429,19.09621429,21.83740234,14,1.000000,False,"[""36.88859177"", ""45.52787018"", ""29.30113602"", ""28.51848984"", ""23.20612526"", ""22.99757195"", ""21.46803856"", ""27.00178337"", ""23.53221703"", ""19.97373772"", ""19.24877739"", ""22.38409805"", ""21.21871758"", ""28.52477455"", ""19.09621429""]",1,94,0,3,HaarWaveletV3AELG,lt_fcast,32,5,,
v3aelg_stackheight_sweep_traffic_r1,Haar_eq_bcast_ttd3_ld32_r2,v3aelg_stackheight_sweep_traffic,"['TrendAELG', 'HaarWaveletV3AELG']",Traffic-96,24,96,192,4,1,True,0,42,17.765499,0.716640,0.011061,0.000714,nan,0.237003,0.281632,824070,1531.01,15,False,False,ReLU,MAX_EPOCHS,18.84407043,20.52217102,21.53092766,12,1.089052,False,"[""31.08238792"", ""32.73444366"", ""31.31399727"", ""25.89156723"", ""23.86521530"", ""22.45226669"", ""23.10828209"", ""25.09914589"", ""20.38606834"", ""19.89216995"", ""22.40209007"", ""19.03045845"", ""18.84407043"", ""19.00463104"", ""20.52217102""]",1,192,0,3,HaarWaveletV3AELG,eq_bcast,32,2,,
v3aelg_stackheight_sweep_traffic_r1,Haar_eq_bcast_ttd3_ld32_r2,v3aelg_stackheight_sweep_traffic,"['TrendAELG', 'HaarWaveletV3AELG']",Traffic-96,24,96,192,4,1,True,1,43,17.434553,0.699748,0.010816,0.000697,nan,0.231900,0.276454,824070,1551.92,15,False,False,ReLU,MAX_EPOCHS,18.46058464,20.37475586,23.40109253,13,1.103690,False,"[""35.77933502"", ""30.40718079"", ""28.96532059"", ""27.18030357"", ""24.15271759"", ""26.55916405"", ""22.08864784"", ""20.45488739"", ""19.87303543"", ""19.91133881"", ""21.37313271"", ""19.08018875"", ""18.48675156"", ""18.46058464"", ""20.37475586""]",1,192,0,3,HaarWaveletV3AELG,eq_bcast,32,2,,
v3aelg_stackheight_sweep_traffic_r1,Haar_eq_bcast_ttd3_ld32_r2,v3aelg_stackheight_sweep_traffic,"['TrendAELG', 'HaarWaveletV3AELG']",Traffic-96,24,96,192,4,1,True,2,44,17.520206,0.705366,0.010907,0.000711,nan,0.233306,0.279268,824070,1516.07,15,False,False,ReLU,MAX_EPOCHS,18.29494095,18.64701462,20.43135643,13,1.019244,False,"[""31.69089890"", ""28.51559258"", ""29.20171356"", ""23.49574661"", ""23.47163391"", ""21.06053925"", ""20.62813759"", ""19.98343658"", ""20.12251663"", ""19.05214310"", ""20.81471252"", ""18.75497437"", ""25.72340965"", ""18.29494095"", ""18.64701462""]",1,192,0,3,HaarWaveletV3AELG,eq_bcast,32,2,,
v3aelg_stackheight_sweep_traffic_r1,Haar_eq_bcast_ttd3_ld32_r3,v3aelg_stackheight_sweep_traffic,"['TrendAELG', 'HaarWaveletV3AELG']",Traffic-96,24,96,192,6,1,True,0,42,17.184587,0.692710,0.010720,0.000693,nan,0.229409,0.274228,1236105,1544.80,15,False,False,ReLU,MAX_EPOCHS,18.19027901,18.19027901,19.95733261,14,1.000000,False,"[""35.06378555"", ""31.01144791"", ""26.20593262"", ""24.23292923"", ""22.21943283"", ""21.19130898"", ""24.19162941"", ""19.55419159"", ""19.84991264"", ""19.09138489"", ""20.29062271"", ""18.91799545"", ""18.54584122"", ""19.45717049"", ""18.19027901""]",1,192,0,3,HaarWaveletV3AELG,eq_bcast,32,3,,
v3aelg_stackheight_sweep_traffic_r1,Haar_eq_bcast_ttd3_ld32_r3,v3aelg_stackheight_sweep_traffic,"['TrendAELG', 'HaarWaveletV3AELG']",Traffic-96,24,96,192,6,1,True,1,43,18.771593,0.736021,0.011324,0.000738,nan,0.243214,0.289876,1236105,1545.28,15,False,False,ReLU,MAX_EPOCHS,19.65011787,19.65011787,20.64002800,14,1.000000,False,"[""34.25917053"", ""33.16460419"", ""32.74622345"", ""28.31336021"", ""29.00397873"", ""25.03121758"", ""22.62523270"", ""22.98033333"", ""23.14510727"", ""22.26367950"", ""20.01293373"", ""21.34351921"", ""19.71674156"", ""20.66408157"", ""19.65011787""]",1,192,0,3,HaarWaveletV3AELG,eq_bcast,32,3,,
v3aelg_stackheight_sweep_traffic_r1,Haar_eq_bcast_ttd3_ld32_r3,v3aelg_stackheight_sweep_traffic,"['TrendAELG', 'HaarWaveletV3AELG']",Traffic-96,24,96,192,6,1,True,2,44,17.071627,0.683391,0.010568,0.000687,nan,0.226439,0.271721,1236105,1545.36,15,False,False,ReLU,MAX_EPOCHS,18.07527733,18.07527733,19.66286087,14,1.000000,False,"[""34.82089233"", ""31.03781700"", ""26.09386253"", ""24.72543907"", ""25.01665878"", ""26.61033630"", ""20.15545845"", ""19.95869446"", ""18.98627853"", ""18.82361984"", ""18.78002739"", ""23.91886330"", ""18.93558502"", ""18.21336555"", ""18.07527733""]",1,192,0,3,HaarWaveletV3AELG,eq_bcast,32,3,,
v3aelg_stackheight_sweep_traffic_r1,Haar_eq_bcast_ttd3_ld32_r4,v3aelg_stackheight_sweep_traffic,"['TrendAELG', 'HaarWaveletV3AELG']",Traffic-96,24,96,192,8,1,True,0,42,16.724598,0.670824,0.010435,0.000676,nan,0.222690,0.267807,1648140,1551.59,15,False,False,ReLU,MAX_EPOCHS,17.84907532,17.84907532,19.29226685,14,1.000000,False,"[""31.86346817"", ""33.26125336"", ""28.52590370"", ""24.29058075"", ""22.92301750"", ""22.48922539"", ""21.05898094"", ""22.62802124"", ""19.43676567"", ""18.84655190"", ""18.88242912"", ""18.33091736"", ""22.44942474"", ""18.44247818"", ""17.84907532""]",1,192,0,3,HaarWaveletV3AELG,eq_bcast,32,4,,
v3aelg_stackheight_sweep_traffic_r1,Haar_eq_bcast_ttd3_ld32_r4,v3aelg_stackheight_sweep_traffic,"['TrendAELG', 'HaarWaveletV3AELG']",Traffic-96,24,96,192,8,1,True,1,43,17.156359,0.686628,0.010652,0.000698,nan,0.227340,0.275070,1648140,1553.04,15,False,False,ReLU,MAX_EPOCHS,18.31514168,18.31514168,19.82820129,14,1.000000,False,"[""38.71539688"", ""34.42834091"", ""27.44056892"", ""29.21706963"", ""23.02880669"", ""22.56722260"", ""20.87856293"", ""22.04244614"", ""20.23476791"", ""20.27175522"", ""19.70012474"", ""25.92305374"", ""20.49124146"", ""18.89034081"", ""18.31514168""]",1,192,0,3,HaarWaveletV3AELG,eq_bcast,32,4,,
v3aelg_stackheight_sweep_traffic_r1,Haar_eq_bcast_ttd3_ld32_r4,v3aelg_stackheight_sweep_traffic,"['TrendAELG', 'HaarWaveletV3AELG']",Traffic-96,24,96,192,8,1,True,2,44,16.714497,0.665220,0.010346,0.000668,nan,0.220796,0.263487,1648140,1550.62,15,False,False,ReLU,MAX_EPOCHS,17.83999443,17.83999443,19.16868591,14,1.000000,False,"[""37.67662811"", ""32.89181137"", ""26.42168045"", ""25.94215775"", ""21.15336227"", ""25.44919205"", ""20.31766319"", ""19.86157990"", ""19.22188759"", ""22.42624474"", ""20.02079201"", ""19.46469498"", ""18.41256714"", ""17.89752960"", ""17.83999443""]",1,192,0,3,HaarWaveletV3AELG,eq_bcast,32,4,,
v3aelg_stackheight_sweep_traffic_r1,Haar_eq_bcast_ttd3_ld32_r5,v3aelg_stackheight_sweep_traffic,"['TrendAELG', 'HaarWaveletV3AELG']",Traffic-96,24,96,192,10,1,True,0,42,18.280203,0.703787,0.010924,0.000702,nan,0.233166,0.276515,2060175,1567.28,15,False,False,ReLU,MAX_EPOCHS,18.57324028,19.08871269,21.74122238,12,1.027753,False,"[""33.76317215"", ""31.29030991"", ""36.73789597"", ""29.52301025"", ""32.79833603"", ""24.94876099"", ""22.94236183"", ""21.37897110"", ""21.32826614"", ""19.56158066"", ""19.13284492"", ""19.07016373"", ""18.57324028"", ""20.28065109"", ""19.08871269""]",1,192,0,3,HaarWaveletV3AELG,eq_bcast,32,5,,
v3aelg_stackheight_sweep_traffic_r1,Haar_eq_bcast_ttd3_ld32_r5,v3aelg_stackheight_sweep_traffic,"['TrendAELG', 'HaarWaveletV3AELG']",Traffic-96,24,96,192,10,1,True,1,43,17.037453,0.681542,0.010575,0.000681,nan,0.225963,0.271096,2060175,1564.74,15,False,False,ReLU,MAX_EPOCHS,18.25252342,18.25252342,19.74774361,14,1.000000,False,"[""31.59359169"", ""31.03585625"", ""31.41273499"", ""27.65411758"", ""24.86626434"", ""22.53879547"", ""21.11335754"", ""25.65165329"", ""20.37964439"", ""19.37914848"", ""19.66472244"", ""21.05198288"", ""19.24591827"", ""18.64735031"", ""18.25252342""]",1,192,0,3,HaarWaveletV3AELG,eq_bcast,32,5,,
v3aelg_stackheight_sweep_traffic_r1,Haar_eq_bcast_ttd3_ld32_r5,v3aelg_stackheight_sweep_traffic,"['TrendAELG', 'HaarWaveletV3AELG']",Traffic-96,24,96,192,10,1,True,2,44,17.200253,0.686936,0.010642,0.000684,nan,0.227627,0.272503,2060175,1573.98,15,False,False,ReLU,MAX_EPOCHS,18.38589478,18.38589478,19.80898285,14,1.000000,False,"[""38.31668472"", ""34.67379379"", ""37.64196777"", ""29.32730103"", ""23.54864120"", ""24.94650078"", ""21.88354492"", ""22.22639084"", ""20.05753517"", ""20.46899414"", ""19.58643913"", ""22.66108322"", ""19.62898064"", ""18.58666611"", ""18.38589478""]",1,192,0,3,HaarWaveletV3AELG,eq_bcast,32,5,,
v3aelg_stackheight_sweep_traffic_r1,Haar_lt_bcast_ttd3_ld32_r2,v3aelg_stackheight_sweep_traffic,"['TrendAELG', 'HaarWaveletV3AELG']",Traffic-96,24,96,192,4,1,True,0,42,17.777519,0.722035,0.011126,0.000722,nan,0.238773,0.285558,725766,1514.43,15,False,False,ReLU,MAX_EPOCHS,18.92742920,20.34241295,21.56178474,12,1.074758,False,"[""39.47843552"", ""31.82858849"", ""29.24068069"", ""25.77177620"", ""27.02689552"", ""22.11517715"", ""25.41640663"", ""20.81040382"", ""21.18227386"", ""20.23435593"", ""19.74460983"", ""21.19936752"", ""18.92742920"", ""20.20141220"", ""20.34241295""]",1,96,0,3,HaarWaveletV3AELG,lt_bcast,32,2,,
v3aelg_stackheight_sweep_traffic_r1,Haar_lt_bcast_ttd3_ld32_r2,v3aelg_stackheight_sweep_traffic,"['TrendAELG', 'HaarWaveletV3AELG']",Traffic-96,24,96,192,4,1,True,1,43,17.901733,0.714309,0.011034,0.000710,nan,0.236612,0.280341,725766,1538.27,15,False,False,ReLU,MAX_EPOCHS,18.80908585,18.93819618,20.24057007,13,1.006864,False,"[""31.16369820"", ""29.74664879"", ""29.32354736"", ""24.60957146"", ""22.65380096"", ""24.01266098"", ""23.32526970"", ""20.16623306"", ""20.31875229"", ""19.64572144"", ""20.81885529"", ""19.31019783"", ""21.73962593"", ""18.80908585"", ""18.93819618""]",1,96,0,3,HaarWaveletV3AELG,lt_bcast,32,2,,
v3aelg_stackheight_sweep_traffic_r1,Haar_lt_bcast_ttd3_ld32_r2,v3aelg_stackheight_sweep_traffic,"['TrendAELG', 'HaarWaveletV3AELG']",Traffic-96,24,96,192,4,1,True,2,44,19.439142,0.749797,0.011514,0.000733,nan,0.247767,0.289505,725766,1515.12,15,False,False,ReLU,MAX_EPOCHS,19.44017029,21.26381493,22.46909523,10,1.093808,False,"[""31.68355370"", ""31.94359589"", ""27.44168282"", ""29.95004272"", ""24.37444878"", ""22.60034180"", ""20.96893692"", ""20.11300659"", ""20.94420242"", ""19.76861954"", ""19.44017029"", ""19.76414299"", ""20.53462410"", ""22.54205322"", ""21.26381493""]",1,96,0,3,HaarWaveletV3AELG,lt_bcast,32,2,,
v3aelg_stackheight_sweep_traffic_r1,Haar_lt_bcast_ttd3_ld32_r3,v3aelg_stackheight_sweep_traffic,"['TrendAELG', 'HaarWaveletV3AELG']",Traffic-96,24,96,192,6,1,True,0,42,17.303831,0.695389,0.010783,0.000701,nan,0.230359,0.275909,1088649,1559.76,15,False,False,ReLU,MAX_EPOCHS,17.93408585,20.42279625,23.94404793,13,1.138770,False,"[""31.36158943"", ""33.71387863"", ""26.47030067"", ""25.21273422"", ""25.55199623"", ""21.90872955"", ""25.31462860"", ""20.03573608"", ""21.38976669"", ""19.13826180"", ""18.37176514"", ""23.50077057"", ""22.75296021"", ""17.93408585"", ""20.42279625""]",1,96,0,3,HaarWaveletV3AELG,lt_bcast,32,3,,
v3aelg_stackheight_sweep_traffic_r1,Haar_lt_bcast_ttd3_ld32_r3,v3aelg_stackheight_sweep_traffic,"['TrendAELG', 'HaarWaveletV3AELG']",Traffic-96,24,96,192,6,1,True,1,43,17.689106,0.700724,0.010864,0.000712,nan,0.231917,0.277267,1088649,1540.77,15,False,False,ReLU,MAX_EPOCHS,18.46807861,18.46807861,20.03301239,14,1.000000,False,"[""38.01314926"", ""33.15402222"", ""28.61298561"", ""29.94168663"", ""26.40979958"", ""24.14665604"", ""21.93301392"", ""20.73512650"", ""20.22489357"", ""21.23844910"", ""20.45870399"", ""19.59690857"", ""19.67214966"", ""18.95262718"", ""18.46807861""]",1,96,0,3,HaarWaveletV3AELG,lt_bcast,32,3,,
v3aelg_stackheight_sweep_traffic_r1,Haar_lt_bcast_ttd3_ld32_r3,v3aelg_stackheight_sweep_traffic,"['TrendAELG', 'HaarWaveletV3AELG']",Traffic-96,24,96,192,6,1,True,2,44,17.723387,0.713166,0.011028,0.000724,nan,0.235694,0.283269,1088649,1541.16,15,False,False,ReLU,MAX_EPOCHS,18.57271194,20.25813293,23.38204002,13,1.090747,False,"[""31.16702652"", ""29.22540283"", ""32.25790024"", ""27.30014420"", ""30.65579224"", ""26.82594681"", ""23.75877571"", ""23.27195168"", ""24.47550964"", ""20.63358688"", ""19.50099564"", ""19.77322960"", ""20.90945244"", ""18.57271194"", ""20.25813293""]",1,96,0,3,HaarWaveletV3AELG,lt_bcast,32,3,,
v3aelg_stackheight_sweep_traffic_r1,Haar_lt_bcast_ttd3_ld32_r4,v3aelg_stackheight_sweep_traffic,"['TrendAELG', 'HaarWaveletV3AELG']",Traffic-96,24,96,192,8,1,True,0,42,17.994379,0.704174,0.010883,0.000699,nan,0.233215,0.276930,1451532,1539.88,15,False,False,ReLU,MAX_EPOCHS,18.87647057,18.87956047,21.31100273,11,1.000164,False,"[""35.82993317"", ""37.00239944"", ""29.07379150"", ""25.11551094"", ""23.35657883"", ""21.96575356"", ""21.04741096"", ""20.64172554"", ""19.53224373"", ""23.02744293"", ""19.53104973"", ""18.87647057"", ""18.98055458"", ""19.18847847"", ""18.87956047""]",1,96,0,3,HaarWaveletV3AELG,lt_bcast,32,4,,
v3aelg_stackheight_sweep_traffic_r1,Haar_lt_bcast_ttd3_ld32_r4,v3aelg_stackheight_sweep_traffic,"['TrendAELG', 'HaarWaveletV3AELG']",Traffic-96,24,96,192,8,1,True,1,43,18.016537,0.715535,0.011021,0.000714,nan,0.236417,0.282691,1451532,1572.70,15,False,False,ReLU,MAX_EPOCHS,19.19235229,19.19235229,20.47449875,14,1.000000,False,"[""35.19815445"", ""35.79499435"", ""32.35752106"", ""27.43369675"", ""26.10907173"", ""24.14132881"", ""21.98677635"", ""27.73032570"", ""20.91443443"", ""20.29392624"", ""19.99709892"", ""20.69932938"", ""21.10645294"", ""19.74084091"", ""19.19235229""]",1,96,0,3,HaarWaveletV3AELG,lt_bcast,32,4,,
v3aelg_stackheight_sweep_traffic_r1,Haar_lt_bcast_ttd3_ld32_r4,v3aelg_stackheight_sweep_traffic,"['TrendAELG', 'HaarWaveletV3AELG']",Traffic-96,24,96,192,8,1,True,2,44,17.262760,0.687555,0.010661,0.000687,nan,0.227812,0.271324,1451532,1553.83,15,False,False,ReLU,MAX_EPOCHS,18.31927490,18.31927490,19.51413155,14,1.000000,False,"[""42.00408936"", ""31.54999352"", ""27.82748222"", ""28.38482285"", ""21.73933220"", ""22.88440514"", ""21.03062248"", ""20.09028625"", ""22.62378502"", ""19.70416260"", ""19.16461754"", ""19.14995003"", ""20.90238380"", ""19.12195778"", ""18.31927490""]",1,96,0,3,HaarWaveletV3AELG,lt_bcast,32,4,,
v3aelg_stackheight_sweep_traffic_r1,Haar_lt_bcast_ttd3_ld32_r5,v3aelg_stackheight_sweep_traffic,"['TrendAELG', 'HaarWaveletV3AELG']",Traffic-96,24,96,192,10,1,True,0,42,17.385378,0.690739,0.010712,0.000697,nan,0.228622,0.273938,1814415,1584.15,15,False,False,ReLU,MAX_EPOCHS,18.02092361,20.88602257,23.26747513,12,1.158987,False,"[""41.33018112"", ""31.81420326"", ""27.06851387"", ""26.14560509"", ""22.66493797"", ""24.73733902"", ""20.58407211"", ""23.27594376"", ""19.58729553"", ""18.74037743"", ""19.48733902"", ""18.42315483"", ""18.02092361"", ""18.04381180"", ""20.88602257""]",1,96,0,3,HaarWaveletV3AELG,lt_bcast,32,5,,
v3aelg_stackheight_sweep_traffic_r1,Haar_lt_bcast_ttd3_ld32_r5,v3aelg_stackheight_sweep_traffic,"['TrendAELG', 'HaarWaveletV3AELG']",Traffic-96,24,96,192,10,1,True,1,43,17.555094,0.700338,0.010850,0.000709,nan,0.231568,0.279121,1814415,1562.75,15,False,False,ReLU,MAX_EPOCHS,18.44879913,21.36126900,24.01509666,12,1.157868,False,"[""32.24291229"", ""29.34079170"", ""33.03354263"", ""26.20841026"", ""25.94044304"", ""21.24855804"", ""21.70409203"", ""22.22674561"", ""22.79030418"", ""19.63360214"", ""18.79583931"", ""18.68550873"", ""18.44879913"", ""20.07633972"", ""21.36126900""]",1,96,0,3,HaarWaveletV3AELG,lt_bcast,32,5,,
v3aelg_stackheight_sweep_traffic_r1,Haar_lt_bcast_ttd3_ld32_r5,v3aelg_stackheight_sweep_traffic,"['TrendAELG', 'HaarWaveletV3AELG']",Traffic-96,24,96,192,10,1,True,2,44,18.045456,0.714493,0.011007,0.000701,nan,0.236493,0.279485,1814415,1568.13,15,False,False,ReLU,MAX_EPOCHS,18.55988121,20.78149414,21.86086655,13,1.119700,False,"[""38.06902695"", ""32.44589233"", ""29.70332146"", ""28.53456497"", ""25.40961266"", ""23.73818588"", ""24.10634804"", ""24.08519173"", ""20.09067154"", ""19.77878571"", ""19.46459389"", ""27.23548698"", ""21.12630463"", ""18.55988121"", ""20.78149414""]",1,96,0,3,HaarWaveletV3AELG,lt_bcast,32,5,,
v3aelg_stackheight_sweep_traffic_r1,DB2_eq_fcast_ttd3_ld32_r2,v3aelg_stackheight_sweep_traffic,"['TrendAELG', 'DB2WaveletV3AELG']",Traffic-96,24,96,192,4,1,True,0,42,17.621452,0.712467,0.010985,0.000700,nan,0.235860,0.278566,725766,1523.44,15,False,False,ReLU,MAX_EPOCHS,18.81619453,18.81619453,20.41419983,14,1.000000,False,"[""34.13790894"", ""33.15631866"", ""28.17304802"", ""27.42968559"", ""24.03720093"", ""23.43199539"", ""22.57847977"", ""24.37754250"", ""20.06412506"", ""20.63886642"", ""20.88002205"", ""23.99447441"", ""19.66233635"", ""18.85727119"", ""18.81619453""]",1,96,0,3,DB2WaveletV3AELG,eq_fcast,32,2,,
v3aelg_stackheight_sweep_traffic_r1,DB2_eq_fcast_ttd3_ld32_r2,v3aelg_stackheight_sweep_traffic,"['TrendAELG', 'DB2WaveletV3AELG']",Traffic-96,24,96,192,4,1,True,1,43,17.777195,0.714865,0.011008,0.000709,nan,0.236419,0.280857,725766,1543.55,15,False,False,ReLU,MAX_EPOCHS,18.67745590,22.02565575,23.79842949,12,1.179264,False,"[""32.51477051"", ""31.75128937"", ""32.85608292"", ""26.65646935"", ""27.62829018"", ""22.76548195"", ""23.24629021"", ""23.27473068"", ""20.68265152"", ""22.83206367"", ""19.52996635"", ""19.75751305"", ""18.67745590"", ""19.59789848"", ""22.02565575""]",1,96,0,3,DB2WaveletV3AELG,eq_fcast,32,2,,
v3aelg_stackheight_sweep_traffic_r1,DB2_eq_fcast_ttd3_ld32_r2,v3aelg_stackheight_sweep_traffic,"['TrendAELG', 'DB2WaveletV3AELG']",Traffic-96,24,96,192,4,1,True,2,44,18.081486,0.723584,0.011188,0.000735,nan,0.239173,0.286281,725766,1540.93,15,False,False,ReLU,MAX_EPOCHS,18.95815659,18.96404457,20.05509377,11,1.000311,False,"[""35.21372223"", ""29.35405350"", ""25.93686676"", ""23.45761108"", ""21.53742218"", ""22.79964256"", ""20.27456093"", ""22.86384392"", ""19.92485809"", ""20.42717361"", ""20.71081924"", ""18.95815659"", ""19.84705353"", ""21.15957069"", ""18.96404457""]",1,96,0,3,DB2WaveletV3AELG,eq_fcast,32,2,,
v3aelg_stackheight_sweep_traffic_r1,DB2_eq_fcast_ttd3_ld32_r3,v3aelg_stackheight_sweep_traffic,"['TrendAELG', 'DB2WaveletV3AELG']",Traffic-96,24,96,192,6,1,True,0,42,17.522594,0.698836,0.010805,0.000709,nan,0.231365,0.278934,1088649,1568.23,15,False,False,ReLU,MAX_EPOCHS,18.43095589,18.43095589,20.65121460,14,1.000000,False,"[""38.04094315"", ""30.50118637"", ""28.78144455"", ""25.68887711"", ""23.31822014"", ""21.17775345"", ""23.49879074"", ""20.63142395"", ""19.90876579"", ""25.44855499"", ""19.62342644"", ""21.29604721"", ""19.33390427"", ""18.51459885"", ""18.43095589""]",1,96,0,3,DB2WaveletV3AELG,eq_fcast,32,3,,
v3aelg_stackheight_sweep_traffic_r1,DB2_eq_fcast_ttd3_ld32_r3,v3aelg_stackheight_sweep_traffic,"['TrendAELG', 'DB2WaveletV3AELG']",Traffic-96,24,96,192,6,1,True,1,43,17.804893,0.700273,0.010832,0.000713,nan,0.231615,0.278848,1088649,1551.23,15,False,False,ReLU,MAX_EPOCHS,18.54933929,18.54933929,20.02103424,14,1.000000,False,"[""33.78091812"", ""33.65861893"", ""29.66058350"", ""25.53337479"", ""28.95750999"", ""22.61072540"", ""21.50974655"", ""20.28960609"", ""21.04307938"", ""19.98801422"", ""20.09543610"", ""20.38686752"", ""19.90044785"", ""19.58700180"", ""18.54933929""]",1,96,0,3,DB2WaveletV3AELG,eq_fcast,32,3,,
v3aelg_stackheight_sweep_traffic_r1,DB2_eq_fcast_ttd3_ld32_r3,v3aelg_stackheight_sweep_traffic,"['TrendAELG', 'DB2WaveletV3AELG']",Traffic-96,24,96,192,6,1,True,2,44,17.711033,0.717138,0.011100,0.000730,nan,0.236974,0.284411,1088649,1567.21,15,False,False,ReLU,MAX_EPOCHS,19.06739998,19.18489075,20.04663086,12,1.006162,False,"[""33.12685776"", ""33.93290329"", ""29.61697006"", ""26.67576218"", ""26.89565277"", ""22.58723259"", ""22.19388199"", ""21.56650543"", ""20.96779442"", ""19.77635956"", ""19.73882484"", ""19.48352432"", ""19.06739998"", ""20.43589020"", ""19.18489075""]",1,96,0,3,DB2WaveletV3AELG,eq_fcast,32,3,,
v3aelg_stackheight_sweep_traffic_r1,DB2_eq_fcast_ttd3_ld32_r4,v3aelg_stackheight_sweep_traffic,"['TrendAELG', 'DB2WaveletV3AELG']",Traffic-96,24,96,192,8,1,True,0,42,17.610235,0.703381,0.010896,0.000710,nan,0.233006,0.277563,1451532,1561.91,15,False,False,ReLU,MAX_EPOCHS,18.30490112,18.90912437,21.88462639,12,1.033009,False,"[""38.84757614"", ""31.37924957"", ""28.33579254"", ""25.90319824"", ""23.23244286"", ""24.48446655"", ""21.02464294"", ""20.33892822"", ""19.66583633"", ""20.45420647"", ""20.93384933"", ""18.72918701"", ""18.30490112"", ""18.42782021"", ""18.90912437""]",1,96,0,3,DB2WaveletV3AELG,eq_fcast,32,4,,
v3aelg_stackheight_sweep_traffic_r1,DB2_eq_fcast_ttd3_ld32_r4,v3aelg_stackheight_sweep_traffic,"['TrendAELG', 'DB2WaveletV3AELG']",Traffic-96,24,96,192,8,1,True,1,43,18.690863,0.728393,0.011212,0.000728,nan,0.240549,0.286606,1451532,1564.88,15,False,False,ReLU,MAX_EPOCHS,19.16146278,19.16146278,21.27099800,14,1.000000,False,"[""35.73512650"", ""32.68091202"", ""28.48028755"", ""30.59492874"", ""28.34139824"", ""22.12221146"", ""21.19050407"", ""20.90276718"", ""20.54832649"", ""24.20904732"", ""19.53237152"", ""19.59742355"", ""21.31311607"", ""19.47578049"", ""19.16146278""]",1,96,0,3,DB2WaveletV3AELG,eq_fcast,32,4,,
v3aelg_stackheight_sweep_traffic_r1,DB2_eq_fcast_ttd3_ld32_r4,v3aelg_stackheight_sweep_traffic,"['TrendAELG', 'DB2WaveletV3AELG']",Traffic-96,24,96,192,8,1,True,2,44,17.108988,0.686159,0.010646,0.000695,nan,0.227427,0.272316,1451532,1543.10,15,False,False,ReLU,MAX_EPOCHS,18.14111710,18.20980644,19.70319176,13,1.003786,False,"[""36.17935944"", ""33.40837479"", ""31.86392403"", ""24.55512619"", ""22.12483406"", ""22.55506897"", ""20.15373039"", ""20.23941040"", ""20.35340691"", ""21.81659889"", ""20.89837265"", ""18.66705513"", ""18.44850540"", ""18.14111710"", ""18.20980644""]",1,96,0,3,DB2WaveletV3AELG,eq_fcast,32,4,,
v3aelg_stackheight_sweep_traffic_r1,DB2_eq_fcast_ttd3_ld32_r5,v3aelg_stackheight_sweep_traffic,"['TrendAELG', 'DB2WaveletV3AELG']",Traffic-96,24,96,192,10,1,True,0,42,17.506048,0.684411,0.010613,0.000678,nan,0.226777,0.269542,1814415,1579.48,15,False,False,ReLU,MAX_EPOCHS,18.38240242,18.38240242,19.95091820,14,1.000000,False,"[""45.05283356"", ""30.35635376"", ""34.25041199"", ""30.41357613"", ""23.65410995"", ""21.17957115"", ""22.38845444"", ""19.81833267"", ""19.41383934"", ""19.63655853"", ""22.46589088"", ""18.98392296"", ""23.72443962"", ""18.57000542"", ""18.38240242""]",1,96,0,3,DB2WaveletV3AELG,eq_fcast,32,5,,
v3aelg_stackheight_sweep_traffic_r1,DB2_eq_fcast_ttd3_ld32_r5,v3aelg_stackheight_sweep_traffic,"['TrendAELG', 'DB2WaveletV3AELG']",Traffic-96,24,96,192,10,1,True,1,43,17.528605,0.696012,0.010803,0.000706,nan,0.230149,0.275849,1814415,1576.89,15,False,False,ReLU,MAX_EPOCHS,18.35313606,18.35313606,20.17952347,14,1.000000,False,"[""37.51852798"", ""34.51571274"", ""34.94157410"", ""28.37605476"", ""27.09788322"", ""24.58837700"", ""22.14638519"", ""20.89264297"", ""20.12236023"", ""19.50025177"", ""20.53089523"", ""19.78400612"", ""18.53088951"", ""18.73376083"", ""18.35313606""]",1,96,0,3,DB2WaveletV3AELG,eq_fcast,32,5,,
v3aelg_stackheight_sweep_traffic_r1,DB2_eq_fcast_ttd3_ld32_r5,v3aelg_stackheight_sweep_traffic,"['TrendAELG', 'DB2WaveletV3AELG']",Traffic-96,24,96,192,10,1,True,2,44,17.229187,0.690517,0.010697,0.000683,nan,0.228838,0.270528,1814415,1598.51,15,False,False,ReLU,MAX_EPOCHS,18.08421516,18.08421516,19.61782837,14,1.000000,False,"[""38.58360291"", ""32.74311829"", ""32.07923508"", ""28.21774101"", ""26.35557175"", ""24.27871323"", ""22.53027534"", ""21.17574310"", ""22.50145721"", ""21.18137741"", ""19.30432510"", ""19.49651337"", ""18.70242500"", ""18.60253525"", ""18.08421516""]",1,96,0,3,DB2WaveletV3AELG,eq_fcast,32,5,,
v3aelg_stackheight_sweep_traffic_r1,DB2_lt_fcast_ttd3_ld32_r2,v3aelg_stackheight_sweep_traffic,"['TrendAELG', 'DB2WaveletV3AELG']",Traffic-96,24,96,192,4,1,True,0,42,17.898256,0.726644,0.011184,0.000738,nan,0.240015,0.288199,721670,1585.11,15,False,False,ReLU,MAX_EPOCHS,19.06972885,19.18191910,20.66047287,13,1.005883,False,"[""32.33411026"", ""30.25464058"", ""28.52174377"", ""26.34809494"", ""24.19563103"", ""22.80829620"", ""22.82960129"", ""20.99795532"", ""21.24444962"", ""20.47762108"", ""20.12732506"", ""21.09404564"", ""21.79239082"", ""19.06972885"", ""19.18191910""]",1,94,0,3,DB2WaveletV3AELG,lt_fcast,32,2,,
v3aelg_stackheight_sweep_traffic_r1,DB2_lt_fcast_ttd3_ld32_r2,v3aelg_stackheight_sweep_traffic,"['TrendAELG', 'DB2WaveletV3AELG']",Traffic-96,24,96,192,4,1,True,1,43,18.133356,0.732178,0.011290,0.000747,nan,0.241573,0.292596,721670,1561.80,15,False,False,ReLU,MAX_EPOCHS,19.18505096,19.40484810,21.33737183,12,1.011457,False,"[""31.43266106"", ""32.86067963"", ""31.20613480"", ""26.09479141"", ""25.99076653"", ""24.35305595"", ""22.80937386"", ""23.83506775"", ""24.48693466"", ""20.01201439"", ""20.41677475"", ""20.99658012"", ""19.18505096"", ""19.42399406"", ""19.40484810""]",1,94,0,3,DB2WaveletV3AELG,lt_fcast,32,2,,
v3aelg_stackheight_sweep_traffic_r1,DB2_lt_fcast_ttd3_ld32_r2,v3aelg_stackheight_sweep_traffic,"['TrendAELG', 'DB2WaveletV3AELG']",Traffic-96,24,96,192,4,1,True,2,44,17.913099,0.726665,0.011243,0.000751,nan,0.239762,0.291094,721670,1556.10,15,False,False,ReLU,MAX_EPOCHS,18.53953552,19.35250473,22.44770050,13,1.043851,False,"[""37.13354874"", ""39.49087524"", ""38.17475510"", ""26.05455208"", ""24.60471153"", ""21.67363167"", ""21.94156647"", ""21.03294182"", ""22.85890388"", ""19.62308502"", ""19.32025146"", ""19.32202148"", ""18.99204636"", ""18.53953552"", ""19.35250473""]",1,94,0,3,DB2WaveletV3AELG,lt_fcast,32,2,,
v3aelg_stackheight_sweep_traffic_r1,DB2_lt_fcast_ttd3_ld32_r3,v3aelg_stackheight_sweep_traffic,"['TrendAELG', 'DB2WaveletV3AELG']",Traffic-96,24,96,192,6,1,True,0,42,17.678957,0.713318,0.011042,0.000725,nan,0.235976,0.284172,1082505,1653.92,15,False,False,ReLU,MAX_EPOCHS,19.00831985,19.24224281,20.32423210,13,1.012306,False,"[""31.08988380"", ""29.93734550"", ""29.50945282"", ""28.31513596"", ""24.07990646"", ""26.56737328"", ""21.97447968"", ""22.46451950"", ""20.92887497"", ""21.85906410"", ""19.83696365"", ""21.00463867"", ""21.15710831"", ""19.00831985"", ""19.24224281""]",1,94,0,3,DB2WaveletV3AELG,lt_fcast,32,3,,
v3aelg_stackheight_sweep_traffic_r1,DB2_lt_fcast_ttd3_ld32_r3,v3aelg_stackheight_sweep_traffic,"['TrendAELG', 'DB2WaveletV3AELG']",Traffic-96,24,96,192,6,1,True,1,43,17.346239,0.699268,0.010866,0.000723,nan,0.231433,0.281069,1082505,1756.35,15,False,False,ReLU,MAX_EPOCHS,18.25942039,18.25942039,19.96197319,14,1.000000,False,"[""32.45346832"", ""31.23171234"", ""29.83789062"", ""27.21797562"", ""23.42635918"", ""22.15332222"", ""22.53664589"", ""20.76249504"", ""21.18088531"", ""19.36779022"", ""19.36347771"", ""19.16047668"", ""20.31657410"", ""18.53997803"", ""18.25942039""]",1,94,0,3,DB2WaveletV3AELG,lt_fcast,32,3,,
v3aelg_stackheight_sweep_traffic_r1,DB2_lt_fcast_ttd3_ld32_r3,v3aelg_stackheight_sweep_traffic,"['TrendAELG', 'DB2WaveletV3AELG']",Traffic-96,24,96,192,6,1,True,2,44,17.632774,0.706591,0.010945,0.000710,nan,0.233746,0.277944,1082505,1754.10,15,False,False,ReLU,MAX_EPOCHS,18.33556175,18.33556175,20.21116257,14,1.000000,False,"[""32.75918961"", ""34.87025070"", ""31.49805069"", ""27.12752914"", ""24.00058937"", ""21.66149712"", ""20.70676994"", ""21.60044670"", ""23.52294922"", ""20.09837723"", ""19.56731606"", ""18.91393280"", ""18.96109390"", ""19.83184433"", ""18.33556175""]",1,94,0,3,DB2WaveletV3AELG,lt_fcast,32,3,,
v3aelg_stackheight_sweep_traffic_r1,DB2_lt_fcast_ttd3_ld32_r4,v3aelg_stackheight_sweep_traffic,"['TrendAELG', 'DB2WaveletV3AELG']",Traffic-96,24,96,192,8,1,True,0,42,17.370308,0.688062,0.010702,0.000697,nan,0.227946,0.271989,1443340,1754.47,15,False,False,ReLU,MAX_EPOCHS,18.48962402,18.48962402,20.21961784,14,1.000000,False,"[""36.27551270"", ""32.85127640"", ""35.06567383"", ""26.56303596"", ""27.10425568"", ""22.07625580"", ""22.80012131"", ""20.51747513"", ""20.21393204"", ""21.65300369"", ""20.05401993"", ""19.56055832"", ""19.56189728"", ""27.79227829"", ""18.48962402""]",1,94,0,3,DB2WaveletV3AELG,lt_fcast,32,4,,
v3aelg_stackheight_sweep_traffic_r1,DB2_lt_fcast_ttd3_ld32_r4,v3aelg_stackheight_sweep_traffic,"['TrendAELG', 'DB2WaveletV3AELG']",Traffic-96,24,96,192,8,1,True,1,43,17.623980,0.704311,0.010890,0.000701,nan,0.233136,0.276973,1443340,1766.14,15,False,False,ReLU,MAX_EPOCHS,18.69085884,21.73918343,26.80085373,13,1.163092,False,"[""34.71792603"", ""36.41407776"", ""29.90490532"", ""28.40632248"", ""28.14871407"", ""21.62929916"", ""21.07517242"", ""20.14288902"", ""20.34898567"", ""20.90092278"", ""21.96048164"", ""19.99590111"", ""19.08014679"", ""18.69085884"", ""21.73918343""]",1,94,0,3,DB2WaveletV3AELG,lt_fcast,32,4,,
v3aelg_stackheight_sweep_traffic_r1,DB2_lt_fcast_ttd3_ld32_r4,v3aelg_stackheight_sweep_traffic,"['TrendAELG', 'DB2WaveletV3AELG']",Traffic-96,24,96,192,8,1,True,2,44,17.380665,0.695607,0.010764,0.000698,nan,0.230238,0.275530,1443340,1759.52,15,False,False,ReLU,MAX_EPOCHS,18.37370872,18.37370872,20.22547722,14,1.000000,False,"[""38.01562881"", ""30.71855354"", ""33.26728439"", ""27.02757072"", ""25.16593933"", ""25.35611343"", ""23.45161629"", ""22.16555786"", ""20.37407684"", ""20.26562309"", ""20.70889854"", ""21.78157616"", ""19.13320351"", ""19.65333557"", ""18.37370872""]",1,94,0,3,DB2WaveletV3AELG,lt_fcast,32,4,,
v3aelg_stackheight_sweep_traffic_r1,DB2_lt_fcast_ttd3_ld32_r5,v3aelg_stackheight_sweep_traffic,"['TrendAELG', 'DB2WaveletV3AELG']",Traffic-96,24,96,192,10,1,True,0,42,17.284353,0.688532,0.010688,0.000686,nan,0.228079,0.270842,1804175,1791.31,15,False,False,ReLU,MAX_EPOCHS,18.56392670,19.01732063,20.83398628,13,1.024423,False,"[""40.54724121"", ""33.79161072"", ""29.02077293"", ""26.27415276"", ""23.89389420"", ""23.03974724"", ""21.82096100"", ""22.40181351"", ""19.57074165"", ""19.04494095"", ""19.41086578"", ""19.10019684"", ""19.29636765"", ""18.56392670"", ""19.01732063""]",1,94,0,3,DB2WaveletV3AELG,lt_fcast,32,5,,
v3aelg_stackheight_sweep_traffic_r1,DB2_lt_fcast_ttd3_ld32_r5,v3aelg_stackheight_sweep_traffic,"['TrendAELG', 'DB2WaveletV3AELG']",Traffic-96,24,96,192,10,1,True,1,43,17.176323,0.688239,0.010676,0.000695,nan,0.228042,0.275040,1804175,1757.53,15,False,False,ReLU,MAX_EPOCHS,18.45953369,18.45953369,19.81516457,14,1.000000,False,"[""40.21209717"", ""32.17205811"", ""30.20406151"", ""26.60963440"", ""21.99845886"", ""21.40023041"", ""20.56628227"", ""22.12989235"", ""19.96539116"", ""19.45800400"", ""19.56971550"", ""19.01426697"", ""20.06419373"", ""19.47163391"", ""18.45953369""]",1,94,0,3,DB2WaveletV3AELG,lt_fcast,32,5,,
v3aelg_stackheight_sweep_traffic_r1,DB2_lt_fcast_ttd3_ld32_r5,v3aelg_stackheight_sweep_traffic,"['TrendAELG', 'DB2WaveletV3AELG']",Traffic-96,24,96,192,10,1,True,2,44,17.610205,0.707381,0.010977,0.000725,nan,0.234000,0.282033,1804175,1784.94,15,False,False,ReLU,MAX_EPOCHS,18.56477928,18.56477928,20.14794159,14,1.000000,False,"[""43.49138260"", ""31.26547241"", ""29.52884102"", ""31.53418541"", ""26.52384567"", ""26.01114273"", ""26.64005470"", ""22.81818390"", ""20.46885300"", ""23.10104942"", ""20.42995262"", ""19.26286888"", ""22.83066368"", ""19.77587128"", ""18.56477928""]",1,94,0,3,DB2WaveletV3AELG,lt_fcast,32,5,,
v3aelg_stackheight_sweep_traffic_r1,DB2_eq_bcast_ttd3_ld32_r2,v3aelg_stackheight_sweep_traffic,"['TrendAELG', 'DB2WaveletV3AELG']",Traffic-96,24,96,192,4,1,True,0,42,17.427303,0.696221,0.010785,0.000712,nan,0.230436,0.278441,824070,1733.70,15,False,False,ReLU,MAX_EPOCHS,18.26101875,18.26101875,20.25598907,14,1.000000,False,"[""33.04975891"", ""31.98506165"", ""28.33869171"", ""27.38258934"", ""24.85871696"", ""21.55941200"", ""21.35885620"", ""23.07147789"", ""21.28147697"", ""19.08152962"", ""19.43893051"", ""19.23452950"", ""18.44997978"", ""20.56734467"", ""18.26101875""]",1,192,0,3,DB2WaveletV3AELG,eq_bcast,32,2,,
v3aelg_stackheight_sweep_traffic_r1,DB2_eq_bcast_ttd3_ld32_r2,v3aelg_stackheight_sweep_traffic,"['TrendAELG', 'DB2WaveletV3AELG']",Traffic-96,24,96,192,4,1,True,1,43,17.849770,0.719626,0.011167,0.000739,nan,0.238096,0.285156,824070,1755.80,15,False,False,ReLU,MAX_EPOCHS,18.66858101,20.65494728,22.08686829,12,1.106402,False,"[""32.59467697"", ""29.17073441"", ""30.71310425"", ""26.15789986"", ""23.29381752"", ""22.51967430"", ""20.54422188"", ""19.97642136"", ""23.42075348"", ""19.56672478"", ""21.35745621"", ""20.63411140"", ""18.66858101"", ""18.87192535"", ""20.65494728""]",1,192,0,3,DB2WaveletV3AELG,eq_bcast,32,2,,
v3aelg_stackheight_sweep_traffic_r1,DB2_eq_bcast_ttd3_ld32_r2,v3aelg_stackheight_sweep_traffic,"['TrendAELG', 'DB2WaveletV3AELG']",Traffic-96,24,96,192,4,1,True,2,44,19.686993,0.756806,0.011573,0.000753,nan,0.249181,0.295607,824070,1729.20,15,False,False,ReLU,MAX_EPOCHS,19.50697708,19.50697708,21.44743729,14,1.000000,False,"[""30.26359749"", ""29.08805656"", ""35.06240463"", ""24.17753220"", ""22.66941833"", ""21.74148750"", ""20.29797363"", ""19.86485481"", ""19.99993515"", ""20.10963631"", ""20.71018982"", ""21.77515984"", ""21.03521347"", ""21.37781525"", ""19.50697708""]",1,192,0,3,DB2WaveletV3AELG,eq_bcast,32,2,,
v3aelg_stackheight_sweep_traffic_r1,DB2_eq_bcast_ttd3_ld32_r3,v3aelg_stackheight_sweep_traffic,"['TrendAELG', 'DB2WaveletV3AELG']",Traffic-96,24,96,192,6,1,True,0,42,18.393330,0.724535,0.011180,0.000722,nan,0.239885,0.284143,1236105,1766.36,15,False,False,ReLU,MAX_EPOCHS,19.15586472,19.31046486,21.21656418,10,1.008071,False,"[""34.00562668"", ""30.59366417"", ""26.17632484"", ""24.03344727"", ""24.19305038"", ""21.71432877"", ""20.99891663"", ""23.88232613"", ""20.05125046"", ""19.37084007"", ""19.15586472"", ""19.34114647"", ""22.01566124"", ""19.95866203"", ""19.31046486""]",1,192,0,3,DB2WaveletV3AELG,eq_bcast,32,3,,
v3aelg_stackheight_sweep_traffic_r1,DB2_eq_bcast_ttd3_ld32_r3,v3aelg_stackheight_sweep_traffic,"['TrendAELG', 'DB2WaveletV3AELG']",Traffic-96,24,96,192,6,1,True,1,43,17.988085,0.711242,0.010979,0.000724,nan,0.234963,0.283601,1236105,1757.21,15,False,False,ReLU,MAX_EPOCHS,18.41737366,18.41737366,20.10732841,14,1.000000,False,"[""34.27544022"", ""30.63402176"", ""29.51692963"", ""25.82042885"", ""22.77134895"", ""22.26051140"", ""22.10420609"", ""21.45166016"", ""20.03129005"", ""19.32859612"", ""21.65975189"", ""19.47701645"", ""18.67234612"", ""20.63825989"", ""18.41737366""]",1,192,0,3,DB2WaveletV3AELG,eq_bcast,32,3,,
v3aelg_stackheight_sweep_traffic_r1,DB2_eq_bcast_ttd3_ld32_r3,v3aelg_stackheight_sweep_traffic,"['TrendAELG', 'DB2WaveletV3AELG']",Traffic-96,24,96,192,6,1,True,2,44,16.749506,0.671894,0.010432,0.000677,nan,0.222646,0.268043,1236105,1773.88,15,False,False,ReLU,MAX_EPOCHS,17.86430168,17.86430168,19.62267685,14,1.000000,False,"[""38.53716660"", ""35.61619568"", ""26.83288956"", ""24.09785271"", ""28.10299683"", ""21.35285378"", ""20.60512543"", ""19.68563080"", ""18.94166565"", ""20.84861374"", ""18.59066010"", ""20.43260956"", ""18.42586327"", ""18.15307808"", ""17.86430168""]",1,192,0,3,DB2WaveletV3AELG,eq_bcast,32,3,,
v3aelg_stackheight_sweep_traffic_r1,DB2_eq_bcast_ttd3_ld32_r4,v3aelg_stackheight_sweep_traffic,"['TrendAELG', 'DB2WaveletV3AELG']",Traffic-96,24,96,192,8,1,True,0,42,17.380959,0.682434,0.010611,0.000697,nan,0.226300,0.271626,1648140,1756.20,15,False,False,ReLU,MAX_EPOCHS,18.08082008,18.08082008,19.59958649,14,1.000000,False,"[""38.40434265"", ""37.00315475"", ""29.10169029"", ""25.87963295"", ""24.82497025"", ""21.42424393"", ""23.97869301"", ""20.20269394"", ""21.18841934"", ""19.31848907"", ""23.37492943"", ""19.50170898"", ""18.55739784"", ""18.23627090"", ""18.08082008""]",1,192,0,3,DB2WaveletV3AELG,eq_bcast,32,4,,
v3aelg_stackheight_sweep_traffic_r1,DB2_eq_bcast_ttd3_ld32_r4,v3aelg_stackheight_sweep_traffic,"['TrendAELG', 'DB2WaveletV3AELG']",Traffic-96,24,96,192,8,1,True,1,43,17.589491,0.697605,0.010791,0.000697,nan,0.231083,0.275985,1648140,1776.07,15,False,False,ReLU,MAX_EPOCHS,18.22517776,18.22517776,19.91374588,14,1.000000,False,"[""42.12490845"", ""34.11734009"", ""32.98225021"", ""27.00962639"", ""22.81837463"", ""23.43058205"", ""21.18625832"", ""20.39199829"", ""20.76687431"", ""20.23314285"", ""19.00687408"", ""18.65840912"", ""19.62696648"", ""18.33453941"", ""18.22517776""]",1,192,0,3,DB2WaveletV3AELG,eq_bcast,32,4,,
v3aelg_stackheight_sweep_traffic_r1,DB2_eq_bcast_ttd3_ld32_r4,v3aelg_stackheight_sweep_traffic,"['TrendAELG', 'DB2WaveletV3AELG']",Traffic-96,24,96,192,8,1,True,2,44,17.437958,0.693165,0.010754,0.000706,nan,0.229562,0.275867,1648140,1755.66,15,False,False,ReLU,MAX_EPOCHS,18.25480080,18.97735596,20.50678635,13,1.039582,False,"[""40.88761520"", ""31.41698837"", ""29.61662102"", ""24.44030190"", ""25.10907936"", ""22.12547112"", ""20.93761063"", ""22.68227577"", ""19.87687874"", ""19.11221313"", ""21.08281326"", ""18.86809540"", ""18.35308647"", ""18.25480080"", ""18.97735596""]",1,192,0,3,DB2WaveletV3AELG,eq_bcast,32,4,,
v3aelg_stackheight_sweep_traffic_r1,DB2_eq_bcast_ttd3_ld32_r5,v3aelg_stackheight_sweep_traffic,"['TrendAELG', 'DB2WaveletV3AELG']",Traffic-96,24,96,192,10,1,True,0,42,17.207783,0.691619,0.010730,0.000693,nan,0.229122,0.272441,2060175,1799.08,15,False,False,ReLU,MAX_EPOCHS,18.40616798,18.40616798,19.77511787,14,1.000000,False,"[""36.56056976"", ""35.04458237"", ""29.99517822"", ""26.40699768"", ""23.74147987"", ""21.42412758"", ""20.38215637"", ""20.28866005"", ""19.64790154"", ""19.31269264"", ""19.34690857"", ""20.34304047"", ""20.70842552"", ""18.72047424"", ""18.40616798""]",1,192,0,3,DB2WaveletV3AELG,eq_bcast,32,5,,
v3aelg_stackheight_sweep_traffic_r1,DB2_eq_bcast_ttd3_ld32_r5,v3aelg_stackheight_sweep_traffic,"['TrendAELG', 'DB2WaveletV3AELG']",Traffic-96,24,96,192,10,1,True,1,43,17.601799,0.706191,0.010912,0.000711,nan,0.233622,0.280245,2060175,1783.73,15,False,False,ReLU,MAX_EPOCHS,18.12036705,19.06555176,20.36973000,12,1.052161,False,"[""40.98186874"", ""36.51051331"", ""30.22780418"", ""27.79117203"", ""29.85458374"", ""22.33295441"", ""23.38949966"", ""21.36617279"", ""19.08682251"", ""21.88432693"", ""20.36845398"", ""18.47429276"", ""18.12036705"", ""23.20503235"", ""19.06555176""]",1,192,0,3,DB2WaveletV3AELG,eq_bcast,32,5,,
v3aelg_stackheight_sweep_traffic_r1,DB2_eq_bcast_ttd3_ld32_r5,v3aelg_stackheight_sweep_traffic,"['TrendAELG', 'DB2WaveletV3AELG']",Traffic-96,24,96,192,10,1,True,2,44,17.479826,0.691341,0.010705,0.000704,nan,0.228996,0.277191,2060175,1790.51,15,False,False,ReLU,MAX_EPOCHS,18.06242561,18.06242561,19.65958405,14,1.000000,False,"[""41.95768738"", ""30.59214020"", ""38.93861771"", ""27.95108032"", ""25.28631401"", ""24.95691872"", ""23.97917747"", ""22.22296906"", ""19.67873192"", ""19.37734413"", ""21.42697906"", ""18.89898109"", ""18.85910034"", ""19.69209671"", ""18.06242561""]",1,192,0,3,DB2WaveletV3AELG,eq_bcast,32,5,,
v3aelg_stackheight_sweep_traffic_r1,DB2_lt_bcast_ttd3_ld32_r2,v3aelg_stackheight_sweep_traffic,"['TrendAELG', 'DB2WaveletV3AELG']",Traffic-96,24,96,192,4,1,True,0,42,17.621452,0.712467,0.010985,0.000700,nan,0.235860,0.278566,725766,1742.33,15,False,False,ReLU,MAX_EPOCHS,18.81619453,18.81619453,20.41419983,14,1.000000,False,"[""34.13790894"", ""33.15631866"", ""28.17304802"", ""27.42968559"", ""24.03720093"", ""23.43199539"", ""22.57847977"", ""24.37754250"", ""20.06412506"", ""20.63886642"", ""20.88002205"", ""23.99447441"", ""19.66233635"", ""18.85727119"", ""18.81619453""]",1,96,0,3,DB2WaveletV3AELG,lt_bcast,32,2,,
v3aelg_stackheight_sweep_traffic_r1,DB2_lt_bcast_ttd3_ld32_r2,v3aelg_stackheight_sweep_traffic,"['TrendAELG', 'DB2WaveletV3AELG']",Traffic-96,24,96,192,4,1,True,1,43,17.777195,0.714865,0.011008,0.000709,nan,0.236419,0.280857,725766,1761.48,15,False,False,ReLU,MAX_EPOCHS,18.67745590,22.02565575,23.79842949,12,1.179264,False,"[""32.51477051"", ""31.75128937"", ""32.85608292"", ""26.65646935"", ""27.62829018"", ""22.76548195"", ""23.24629021"", ""23.27473068"", ""20.68265152"", ""22.83206367"", ""19.52996635"", ""19.75751305"", ""18.67745590"", ""19.59789848"", ""22.02565575""]",1,96,0,3,DB2WaveletV3AELG,lt_bcast,32,2,,
v3aelg_stackheight_sweep_traffic_r1,DB2_lt_bcast_ttd3_ld32_r2,v3aelg_stackheight_sweep_traffic,"['TrendAELG', 'DB2WaveletV3AELG']",Traffic-96,24,96,192,4,1,True,2,44,18.081486,0.723584,0.011188,0.000735,nan,0.239173,0.286281,725766,1753.81,15,False,False,ReLU,MAX_EPOCHS,18.95815659,18.96404457,20.05509377,11,1.000311,False,"[""35.21372223"", ""29.35405350"", ""25.93686676"", ""23.45761108"", ""21.53742218"", ""22.79964256"", ""20.27456093"", ""22.86384392"", ""19.92485809"", ""20.42717361"", ""20.71081924"", ""18.95815659"", ""19.84705353"", ""21.15957069"", ""18.96404457""]",1,96,0,3,DB2WaveletV3AELG,lt_bcast,32,2,,
v3aelg_stackheight_sweep_traffic_r1,DB2_lt_bcast_ttd3_ld32_r3,v3aelg_stackheight_sweep_traffic,"['TrendAELG', 'DB2WaveletV3AELG']",Traffic-96,24,96,192,6,1,True,0,42,17.522594,0.698836,0.010805,0.000709,nan,0.231365,0.278934,1088649,1769.73,15,False,False,ReLU,MAX_EPOCHS,18.43095589,18.43095589,20.65121460,14,1.000000,False,"[""38.04094315"", ""30.50118637"", ""28.78144455"", ""25.68887711"", ""23.31822014"", ""21.17775345"", ""23.49879074"", ""20.63142395"", ""19.90876579"", ""25.44855499"", ""19.62342644"", ""21.29604721"", ""19.33390427"", ""18.51459885"", ""18.43095589""]",1,96,0,3,DB2WaveletV3AELG,lt_bcast,32,3,,
v3aelg_stackheight_sweep_traffic_r1,DB2_lt_bcast_ttd3_ld32_r3,v3aelg_stackheight_sweep_traffic,"['TrendAELG', 'DB2WaveletV3AELG']",Traffic-96,24,96,192,6,1,True,1,43,17.804893,0.700273,0.010832,0.000713,nan,0.231615,0.278848,1088649,1756.76,15,False,False,ReLU,MAX_EPOCHS,18.54933929,18.54933929,20.02103424,14,1.000000,False,"[""33.78091812"", ""33.65861893"", ""29.66058350"", ""25.53337479"", ""28.95750999"", ""22.61072540"", ""21.50974655"", ""20.28960609"", ""21.04307938"", ""19.98801422"", ""20.09543610"", ""20.38686752"", ""19.90044785"", ""19.58700180"", ""18.54933929""]",1,96,0,3,DB2WaveletV3AELG,lt_bcast,32,3,,
v3aelg_stackheight_sweep_traffic_r1,DB2_lt_bcast_ttd3_ld32_r3,v3aelg_stackheight_sweep_traffic,"['TrendAELG', 'DB2WaveletV3AELG']",Traffic-96,24,96,192,6,1,True,2,44,17.711033,0.717138,0.011100,0.000730,nan,0.236974,0.284411,1088649,1788.30,15,False,False,ReLU,MAX_EPOCHS,19.06739998,19.18489075,20.04663086,12,1.006162,False,"[""33.12685776"", ""33.93290329"", ""29.61697006"", ""26.67576218"", ""26.89565277"", ""22.58723259"", ""22.19388199"", ""21.56650543"", ""20.96779442"", ""19.77635956"", ""19.73882484"", ""19.48352432"", ""19.06739998"", ""20.43589020"", ""19.18489075""]",1,96,0,3,DB2WaveletV3AELG,lt_bcast,32,3,,
v3aelg_stackheight_sweep_traffic_r1,DB2_lt_bcast_ttd3_ld32_r4,v3aelg_stackheight_sweep_traffic,"['TrendAELG', 'DB2WaveletV3AELG']",Traffic-96,24,96,192,8,1,True,0,42,17.610235,0.703381,0.010896,0.000710,nan,0.233006,0.277563,1451532,1713.98,15,False,False,ReLU,MAX_EPOCHS,18.30490112,18.90912437,21.88462639,12,1.033009,False,"[""38.84757614"", ""31.37924957"", ""28.33579254"", ""25.90319824"", ""23.23244286"", ""24.48446655"", ""21.02464294"", ""20.33892822"", ""19.66583633"", ""20.45420647"", ""20.93384933"", ""18.72918701"", ""18.30490112"", ""18.42782021"", ""18.90912437""]",1,96,0,3,DB2WaveletV3AELG,lt_bcast,32,4,,
v3aelg_stackheight_sweep_traffic_r1,DB2_lt_bcast_ttd3_ld32_r4,v3aelg_stackheight_sweep_traffic,"['TrendAELG', 'DB2WaveletV3AELG']",Traffic-96,24,96,192,8,1,True,1,43,18.690863,0.728393,0.011212,0.000728,nan,0.240549,0.286606,1451532,1794.12,15,False,False,ReLU,MAX_EPOCHS,19.16146278,19.16146278,21.27099800,14,1.000000,False,"[""35.73512650"", ""32.68091202"", ""28.48028755"", ""30.59492874"", ""28.34139824"", ""22.12221146"", ""21.19050407"", ""20.90276718"", ""20.54832649"", ""24.20904732"", ""19.53237152"", ""19.59742355"", ""21.31311607"", ""19.47578049"", ""19.16146278""]",1,96,0,3,DB2WaveletV3AELG,lt_bcast,32,4,,
v3aelg_stackheight_sweep_traffic_r1,DB2_lt_bcast_ttd3_ld32_r4,v3aelg_stackheight_sweep_traffic,"['TrendAELG', 'DB2WaveletV3AELG']",Traffic-96,24,96,192,8,1,True,2,44,17.108988,0.686159,0.010646,0.000695,nan,0.227427,0.272316,1451532,1704.40,15,False,False,ReLU,MAX_EPOCHS,18.14111710,18.20980644,19.70319176,13,1.003786,False,"[""36.17935944"", ""33.40837479"", ""31.86392403"", ""24.55512619"", ""22.12483406"", ""22.55506897"", ""20.15373039"", ""20.23941040"", ""20.35340691"", ""21.81659889"", ""20.89837265"", ""18.66705513"", ""18.44850540"", ""18.14111710"", ""18.20980644""]",1,96,0,3,DB2WaveletV3AELG,lt_bcast,32,4,,
v3aelg_stackheight_sweep_traffic_r1,DB2_lt_bcast_ttd3_ld32_r5,v3aelg_stackheight_sweep_traffic,"['TrendAELG', 'DB2WaveletV3AELG']",Traffic-96,24,96,192,10,1,True,0,42,17.506048,0.684411,0.010613,0.000678,nan,0.226777,0.269542,1814415,1742.26,15,False,False,ReLU,MAX_EPOCHS,18.38240242,18.38240242,19.95091820,14,1.000000,False,"[""45.05283356"", ""30.35635376"", ""34.25041199"", ""30.41357613"", ""23.65410995"", ""21.17957115"", ""22.38845444"", ""19.81833267"", ""19.41383934"", ""19.63655853"", ""22.46589088"", ""18.98392296"", ""23.72443962"", ""18.57000542"", ""18.38240242""]",1,96,0,3,DB2WaveletV3AELG,lt_bcast,32,5,,
v3aelg_stackheight_sweep_traffic_r1,DB2_lt_bcast_ttd3_ld32_r5,v3aelg_stackheight_sweep_traffic,"['TrendAELG', 'DB2WaveletV3AELG']",Traffic-96,24,96,192,10,1,True,1,43,17.528605,0.696012,0.010803,0.000706,nan,0.230149,0.275849,1814415,1793.02,15,False,False,ReLU,MAX_EPOCHS,18.35313606,18.35313606,20.17952347,14,1.000000,False,"[""37.51852798"", ""34.51571274"", ""34.94157410"", ""28.37605476"", ""27.09788322"", ""24.58837700"", ""22.14638519"", ""20.89264297"", ""20.12236023"", ""19.50025177"", ""20.53089523"", ""19.78400612"", ""18.53088951"", ""18.73376083"", ""18.35313606""]",1,96,0,3,DB2WaveletV3AELG,lt_bcast,32,5,,
v3aelg_stackheight_sweep_traffic_r1,DB2_lt_bcast_ttd3_ld32_r5,v3aelg_stackheight_sweep_traffic,"['TrendAELG', 'DB2WaveletV3AELG']",Traffic-96,24,96,192,10,1,True,2,44,17.229187,0.690517,0.010697,0.000683,nan,0.228838,0.270528,1814415,1798.46,15,False,False,ReLU,MAX_EPOCHS,18.08421516,18.08421516,19.61782837,14,1.000000,False,"[""38.58360291"", ""32.74311829"", ""32.07923508"", ""28.21774101"", ""26.35557175"", ""24.27871323"", ""22.53027534"", ""21.17574310"", ""22.50145721"", ""21.18137741"", ""19.30432510"", ""19.49651337"", ""18.70242500"", ""18.60253525"", ""18.08421516""]",1,96,0,3,DB2WaveletV3AELG,lt_bcast,32,5,,
v3aelg_stackheight_sweep_traffic_r1,DB3_eq_fcast_ttd3_ld32_r2,v3aelg_stackheight_sweep_traffic,"['TrendAELG', 'DB3WaveletV3AELG']",Traffic-96,24,96,192,4,1,True,0,42,17.861586,0.711464,0.010982,0.000729,nan,0.235222,0.287217,725766,1754.34,15,False,False,ReLU,MAX_EPOCHS,18.56526375,19.07996941,21.43999863,13,1.027724,False,"[""30.54449844"", ""31.18795204"", ""27.36979675"", ""24.79377174"", ""23.69423866"", ""23.43646812"", ""21.38657951"", ""20.22231674"", ""19.37495995"", ""19.16006279"", ""20.48014832"", ""20.42187119"", ""20.30156326"", ""18.56526375"", ""19.07996941""]",1,96,0,3,DB3WaveletV3AELG,eq_fcast,32,2,,
