experiment,config_name,category,stack_types,period,frequency,forecast_length,backcast_length,n_stacks,n_blocks_per_stack,share_weights,run,seed,smape,mase,mae,mse,owa,norm_mae,norm_mse,n_params,training_time_seconds,epochs_trained,active_g,sum_losses,activation,stopping_reason,best_val_loss,final_val_loss,final_train_loss,best_epoch,loss_ratio,diverged,val_loss_curve,search_round,block_type,backbone_family,wavelet_family,category_label,latent_dim
baseline_r1,GenericVAE2_ld8,generic,['GenericVAE2'],Traffic-96,24,96,192,5,1,True,0,42,19.384535,0.751623,0.011521,0.000746,nan,0.248332,0.296920,1674320,1398.14,15,False,False,ReLU,MAX_EPOCHS,19.51133156,19.79794121,21.72452927,13,1.014689,False,"[""35.69218445"", ""33.40457916"", ""30.22211266"", ""29.92666435"", ""28.60140419"", ""24.51042557"", ""22.04611969"", ""22.71603012"", ""21.88091660"", ""20.59096909"", ""20.44278336"", ""19.52622032"", ""19.74670982"", ""19.51133156"", ""19.79794121""]",1,GenericVAE2,VAE2,,generic,8
baseline_r1,GenericVAE2_ld8,generic,['GenericVAE2'],Traffic-96,24,96,192,5,1,True,1,43,19.300753,0.759246,0.011593,0.000730,nan,0.250491,0.292249,1674320,1411.49,15,False,False,ReLU,MAX_EPOCHS,19.79253006,19.79253006,22.20414543,14,1.000000,False,"[""39.62026978"", ""30.59331703"", ""29.31963730"", ""28.36174965"", ""27.52465820"", ""25.84249687"", ""24.45762634"", ""22.79548645"", ""21.70643425"", ""22.61586571"", ""21.36610985"", ""20.02069092"", ""20.48959160"", ""20.46340179"", ""19.79253006""]",1,GenericVAE2,VAE2,,generic,8
baseline_r1,GenericVAE2_ld8,generic,['GenericVAE2'],Traffic-96,24,96,192,5,1,True,2,44,18.747944,0.746612,0.011453,0.000735,nan,0.246627,0.292673,1674320,1380.64,15,False,False,ReLU,MAX_EPOCHS,19.55356026,19.55356026,21.89808655,14,1.000000,False,"[""39.47097778"", ""32.57746506"", ""29.92029572"", ""30.09133911"", ""30.20280647"", ""28.75028801"", ""26.25967789"", ""24.08155632"", ""22.83396530"", ""21.31741714"", ""21.00116730"", ""22.06271744"", ""20.55940437"", ""20.15574265"", ""19.55356026""]",1,GenericVAE2,VAE2,,generic,8
baseline_r1,GenericVAE2_ld16,generic,['GenericVAE2'],Traffic-96,24,96,192,5,1,True,0,42,18.315468,0.725945,0.011125,0.000703,nan,0.239960,0.279111,1705120,1376.52,15,False,False,ReLU,MAX_EPOCHS,18.95834732,18.95834732,21.80236816,14,1.000000,False,"[""35.59726715"", ""31.20310593"", ""29.68680191"", ""30.40715981"", ""28.17684746"", ""25.56583595"", ""23.62597275"", ""22.75685501"", ""21.17175674"", ""21.12639427"", ""20.37767982"", ""20.05519485"", ""19.33037567"", ""19.96268272"", ""18.95834732""]",1,GenericVAE2,VAE2,,generic,16
baseline_r1,GenericVAE2_ld16,generic,['GenericVAE2'],Traffic-96,24,96,192,5,1,True,1,43,17.913509,0.716492,0.011030,0.000687,nan,0.237560,0.277449,1705120,1384.67,15,False,False,ReLU,MAX_EPOCHS,18.79516411,18.88634682,21.82716560,13,1.004851,False,"[""35.39366913"", ""30.37855911"", ""31.17946434"", ""29.23155212"", ""26.87356949"", ""25.00780487"", ""23.53746414"", ""22.67160797"", ""21.63124466"", ""21.10989952"", ""20.65986443"", ""19.65333748"", ""19.86466408"", ""18.79516411"", ""18.88634682""]",1,GenericVAE2,VAE2,,generic,16
baseline_r1,GenericVAE2_ld16,generic,['GenericVAE2'],Traffic-96,24,96,192,5,1,True,2,44,18.606421,0.734694,0.011247,0.000727,nan,0.242584,0.288656,1705120,1394.10,15,False,False,ReLU,MAX_EPOCHS,18.99050713,18.99050713,21.12387848,14,1.000000,False,"[""37.16130829"", ""30.96691322"", ""30.77409935"", ""29.76255798"", ""30.57989693"", ""26.75190926"", ""25.82673073"", ""21.82163429"", ""23.30528831"", ""20.87662697"", ""20.50069427"", ""20.17020035"", ""20.33272743"", ""19.20608902"", ""18.99050713""]",1,GenericVAE2,VAE2,,generic,16
baseline_r1,GenericVAE2_ld32,generic,['GenericVAE2'],Traffic-96,24,96,192,5,1,True,0,42,17.785152,0.697574,0.010743,0.000680,nan,0.230950,0.273828,1766720,1402.55,15,False,False,ReLU,MAX_EPOCHS,18.34250450,18.34250450,21.33711433,14,1.000000,False,"[""35.01919937"", ""31.14015007"", ""29.97379684"", ""30.86227417"", ""28.24779129"", ""24.48884010"", ""22.71868896"", ""21.39942741"", ""20.05920792"", ""19.65471840"", ""20.62516785"", ""19.07656288"", ""19.41076660"", ""19.42803192"", ""18.34250450""]",1,GenericVAE2,VAE2,,generic,32
baseline_r1,GenericVAE2_ld32,generic,['GenericVAE2'],Traffic-96,24,96,192,5,1,True,1,43,17.500540,0.698697,0.010783,0.000695,nan,0.231150,0.276304,1766720,1432.88,15,False,False,ReLU,MAX_EPOCHS,19.01811028,19.01811028,21.09005165,14,1.000000,False,"[""33.62611771"", ""31.15792656"", ""30.65464401"", ""30.21121788"", ""29.90205193"", ""27.14218712"", ""25.07240105"", ""22.73368835"", ""21.24988365"", ""21.09351158"", ""19.76856232"", ""19.48671913"", ""19.37734604"", ""19.96825409"", ""19.01811028""]",1,GenericVAE2,VAE2,,generic,32
baseline_r1,GenericVAE2_ld32,generic,['GenericVAE2'],Traffic-96,24,96,192,5,1,True,2,44,18.616903,0.741263,0.011450,0.000749,nan,0.244943,0.291201,1766720,1476.14,15,False,False,ReLU,MAX_EPOCHS,18.94044685,18.94044685,21.23789406,14,1.000000,False,"[""35.12779617"", ""31.11823845"", ""29.66763115"", ""29.38961601"", ""27.49832726"", ""24.35066795"", ""22.26843834"", ""22.11717224"", ""20.52664948"", ""20.83878136"", ""20.11576653"", ""21.19380188"", ""20.11090660"", ""20.11131859"", ""18.94044685""]",1,GenericVAE2,VAE2,,generic,32
baseline_r1,GenericVAE_ld8,generic,['GenericVAE'],Traffic-96,24,96,192,5,1,True,0,42,17.920021,0.711134,0.010920,0.000689,nan,0.235302,0.276347,1987920,1479.30,15,False,False,ReLU,MAX_EPOCHS,18.54390907,18.54390907,20.66066742,14,1.000000,False,"[""36.26304245"", ""31.76063538"", ""30.57826805"", ""31.93513680"", ""30.49799538"", ""25.04141808"", ""23.08209229"", ""22.01242447"", ""20.91172600"", ""21.27474785"", ""21.13342857"", ""19.86935997"", ""20.36700821"", ""19.60215378"", ""18.54390907""]",1,GenericVAE,VAE1,,generic,8
baseline_r1,GenericVAE_ld8,generic,['GenericVAE'],Traffic-96,24,96,192,5,1,True,1,43,17.989670,0.712201,0.010970,0.000709,nan,0.236013,0.281197,1987920,1486.24,15,False,False,ReLU,MAX_EPOCHS,19.11435890,20.51665497,21.09441376,13,1.073363,False,"[""34.77913284"", ""34.33845520"", ""31.46001625"", ""29.59900284"", ""29.06543350"", ""30.37506294"", ""25.19546509"", ""23.30769348"", ""21.53492355"", ""20.32141113"", ""20.14713860"", ""21.70649529"", ""20.74140549"", ""19.11435890"", ""20.51665497""]",1,GenericVAE,VAE1,,generic,8
baseline_r1,GenericVAE_ld8,generic,['GenericVAE'],Traffic-96,24,96,192,5,1,True,2,44,18.256947,0.731932,0.011201,0.000726,nan,0.241738,0.289395,1987920,1486.54,15,False,False,ReLU,MAX_EPOCHS,18.38700867,18.38700867,20.64852524,14,1.000000,False,"[""37.57217789"", ""33.40805817"", ""30.79222679"", ""30.74862671"", ""29.69051933"", ""27.51856422"", ""23.77696991"", ""22.58842659"", ""22.67363167"", ""20.90437698"", ""19.68378067"", ""19.46858978"", ""19.44542313"", ""19.57627106"", ""18.38700867""]",1,GenericVAE,VAE1,,generic,8
baseline_r1,GenericVAE_ld16,generic,['GenericVAE'],Traffic-96,24,96,192,5,1,True,0,42,17.497646,0.712264,0.010977,0.000716,nan,0.235685,0.283900,2003360,1486.02,15,False,False,ReLU,MAX_EPOCHS,17.93690872,17.93690872,20.80120468,14,1.000000,False,"[""33.42488861"", ""33.37563324"", ""30.27567482"", ""30.28835678"", ""28.87496376"", ""25.36865425"", ""22.27941895"", ""21.58313751"", ""21.35667038"", ""19.84098625"", ""19.75728989"", ""19.16870689"", ""19.01006889"", ""18.49547386"", ""17.93690872""]",1,GenericVAE,VAE1,,generic,16
baseline_r1,GenericVAE_ld16,generic,['GenericVAE'],Traffic-96,24,96,192,5,1,True,1,43,17.694277,0.699930,0.010802,0.000682,nan,0.231918,0.272498,2003360,1487.67,15,False,False,ReLU,MAX_EPOCHS,19.29221344,20.09535789,21.35150528,13,1.041630,False,"[""35.21256256"", ""32.39191055"", ""30.58578110"", ""29.98220253"", ""28.83517075"", ""25.31194687"", ""24.03049278"", ""21.95119286"", ""21.85342216"", ""22.23816299"", ""19.52357674"", ""20.11335564"", ""19.90662384"", ""19.29221344"", ""20.09535789""]",1,GenericVAE,VAE1,,generic,16
baseline_r1,GenericVAE_ld16,generic,['GenericVAE'],Traffic-96,24,96,192,5,1,True,2,44,17.743216,0.714347,0.010973,0.000706,nan,0.236363,0.279431,2003360,1493.97,15,False,False,ReLU,MAX_EPOCHS,18.44400597,18.44400597,21.15366745,14,1.000000,False,"[""35.02167892"", ""31.23845673"", ""29.96837425"", ""30.42217255"", ""26.83217812"", ""24.98844910"", ""23.20530319"", ""21.39955330"", ""21.05645370"", ""20.27627754"", ""18.92720985"", ""18.58103752"", ""19.26363182"", ""18.47541046"", ""18.44400597""]",1,GenericVAE,VAE1,,generic,16
baseline_r1,GenericVAE_ld32,generic,['GenericVAE'],Traffic-96,24,96,192,5,1,True,0,42,17.819834,0.712086,0.010974,0.000697,nan,0.235821,0.277931,2034240,1491.98,15,False,False,ReLU,MAX_EPOCHS,18.51435852,18.51435852,21.45570374,14,1.000000,False,"[""36.34049225"", ""30.53058624"", ""31.10385513"", ""29.87960625"", ""27.24684143"", ""26.09471703"", ""24.24708557"", ""21.16521072"", ""21.03199005"", ""20.51039696"", ""19.85396767"", ""19.38604355"", ""18.89492798"", ""18.67247581"", ""18.51435852""]",1,GenericVAE,VAE1,,generic,32
baseline_r1,GenericVAE_ld32,generic,['GenericVAE'],Traffic-96,24,96,192,5,1,True,1,43,17.827789,0.720047,0.011075,0.000718,nan,0.238265,0.286097,2034240,1499.09,15,False,False,ReLU,MAX_EPOCHS,18.15419388,18.15419388,20.84255791,14,1.000000,False,"[""34.01605988"", ""32.73842621"", ""30.03845596"", ""29.53671837"", ""29.62573814"", ""25.92817307"", ""22.89499092"", ""20.82877922"", ""21.81185532"", ""19.43611145"", ""19.42007828"", ""18.95608902"", ""18.76292038"", ""19.23526573"", ""18.15419388""]",1,GenericVAE,VAE1,,generic,32
baseline_r1,GenericVAE_ld32,generic,['GenericVAE'],Traffic-96,24,96,192,5,1,True,2,44,17.288868,0.696876,0.010782,0.000696,nan,0.230726,0.274276,2034240,1539.37,15,False,False,ReLU,MAX_EPOCHS,18.43948174,18.43948174,20.60346222,14,1.000000,False,"[""34.69532013"", ""30.77195930"", ""30.23330116"", ""30.31553650"", ""26.94883919"", ""23.88473129"", ""20.77390862"", ""20.73236656"", ""21.57606506"", ""19.77586937"", ""19.62522888"", ""19.62423515"", ""19.19847488"", ""19.66862297"", ""18.43948174""]",1,GenericVAE,VAE1,,generic,32
baseline_r1,GenericAELG_ld8,generic,['GenericAELG'],Traffic-96,24,96,192,5,1,True,0,42,18.348036,0.743001,0.011446,0.000766,nan,0.245300,0.296143,1664080,1548.90,15,False,False,ReLU,MAX_EPOCHS,18.69975281,19.19850349,20.66834831,13,1.026672,False,"[""58.13351440"", ""30.05466843"", ""26.46205521"", ""22.45392418"", ""21.71002769"", ""21.53679466"", ""20.71560287"", ""20.23337746"", ""20.01708984"", ""20.02760887"", ""19.50311661"", ""19.78409195"", ""19.10675812"", ""18.69975281"", ""19.19850349""]",1,GenericAELG,AELG,,generic,8
baseline_r1,GenericAELG_ld8,generic,['GenericAELG'],Traffic-96,24,96,192,5,1,True,1,43,18.525509,0.750080,0.011548,0.000758,nan,0.247645,0.297012,1664080,1562.70,15,False,False,ReLU,MAX_EPOCHS,19.70367432,20.73693848,21.84012413,13,1.052440,False,"[""120.92085266"", ""29.66272545"", ""30.29497719"", ""28.29659653"", ""23.94008064"", ""21.99219704"", ""21.02010536"", ""21.34565926"", ""20.68254089"", ""20.87363815"", ""19.93819237"", ""19.84616089"", ""19.87357521"", ""19.70367432"", ""20.73693848""]",1,GenericAELG,AELG,,generic,8
baseline_r1,GenericAELG_ld8,generic,['GenericAELG'],Traffic-96,24,96,192,5,1,True,2,44,17.362934,0.703762,0.010849,0.000694,nan,0.233108,0.278034,1664080,1548.47,15,False,False,ReLU,MAX_EPOCHS,18.37655067,18.37655067,20.00195694,14,1.000000,False,"[""100.58395386"", ""28.99316788"", ""27.45472336"", ""23.16381836"", ""21.40261650"", ""20.46951866"", ""20.23453140"", ""19.80546951"", ""18.92120171"", ""19.56573105"", ""19.98293495"", ""18.51463509"", ""18.72156715"", ""18.62886047"", ""18.37655067""]",1,GenericAELG,AELG,,generic,8
baseline_r1,GenericAELG_ld16,generic,['GenericAELG'],Traffic-96,24,96,192,5,1,True,0,42,16.499464,0.673851,0.010431,0.000682,nan,0.223322,0.271892,1684640,1546.24,15,False,False,ReLU,MAX_EPOCHS,17.17455673,17.17455673,19.06708717,14,1.000000,False,"[""39.38969803"", ""27.87207413"", ""22.93837166"", ""21.56195068"", ""20.40403557"", ""19.32809067"", ""19.28653336"", ""19.21366882"", ""17.94945145"", ""18.40190697"", ""17.85223579"", ""18.23678398"", ""17.56144142"", ""17.64346123"", ""17.17455673""]",1,GenericAELG,AELG,,generic,16
baseline_r1,GenericAELG_ld16,generic,['GenericAELG'],Traffic-96,24,96,192,5,1,True,1,43,16.282772,0.661143,0.010229,0.000673,nan,0.219057,0.267050,1684640,1544.70,15,False,False,ReLU,MAX_EPOCHS,17.34401321,17.34401321,18.68798065,14,1.000000,False,"[""45.54791260"", ""26.82539177"", ""22.77570915"", ""20.41576004"", ""19.50335693"", ""19.57327271"", ""18.97798157"", ""18.55047607"", ""18.21886635"", ""18.27351570"", ""17.79791641"", ""18.94100189"", ""17.52412033"", ""17.73684692"", ""17.34401321""]",1,GenericAELG,AELG,,generic,16
baseline_r1,GenericAELG_ld16,generic,['GenericAELG'],Traffic-96,24,96,192,5,1,True,2,44,16.600086,0.667699,0.010334,0.000667,nan,0.221418,0.265720,1684640,1537.48,15,False,False,ReLU,MAX_EPOCHS,17.33243561,17.33243561,18.77989388,14,1.000000,False,"[""41.29161835"", ""26.26278114"", ""22.73145866"", ""21.07356453"", ""20.06979370"", ""19.29202652"", ""18.75603104"", ""19.03573608"", ""18.43411255"", ""17.82586861"", ""17.88269234"", ""19.42267799"", ""17.80348587"", ""17.68814087"", ""17.33243561""]",1,GenericAELG,AELG,,generic,16
baseline_r1,GenericAELG_ld32,generic,['GenericAELG'],Traffic-96,24,96,192,5,1,True,0,42,16.001745,0.643914,0.010018,0.000646,nan,0.214060,0.258288,1725760,1546.62,15,False,False,ReLU,MAX_EPOCHS,16.83195114,17.36988640,18.14381027,12,1.031959,False,"[""34.52019501"", ""25.42253494"", ""21.52465630"", ""20.05241585"", ""19.57836914"", ""19.57993889"", ""19.73773193"", ""18.66831589"", ""17.88365173"", ""17.23834038"", ""17.62893867"", ""17.23287773"", ""16.83195114"", ""17.67206573"", ""17.36988640""]",1,GenericAELG,AELG,,generic,32
baseline_r1,GenericAELG_ld32,generic,['GenericAELG'],Traffic-96,24,96,192,5,1,True,1,43,16.356918,0.650419,0.010098,0.000657,nan,0.216079,0.261954,1725760,1538.36,15,False,False,ReLU,MAX_EPOCHS,16.93163300,17.44533539,18.16249275,13,1.030340,False,"[""36.02838516"", ""26.27750969"", ""21.42922211"", ""19.69025993"", ""19.22523308"", ""18.92158890"", ""18.46446037"", ""18.30670166"", ""18.21161270"", ""17.70213127"", ""17.51315689"", ""17.31195831"", ""17.67989540"", ""16.93163300"", ""17.44533539""]",1,GenericAELG,AELG,,generic,32
baseline_r1,GenericAELG_ld32,generic,['GenericAELG'],Traffic-96,24,96,192,5,1,True,2,44,15.701400,0.631067,0.009843,0.000643,nan,0.209871,0.254460,1725760,1543.04,15,False,False,ReLU,MAX_EPOCHS,16.70967865,16.70967865,18.10103607,14,1.000000,False,"[""34.24198151"", ""26.95810509"", ""21.30759430"", ""19.72174263"", ""19.05956650"", ""18.37086296"", ""18.53945923"", ""18.15210342"", ""17.43673325"", ""17.47053337"", ""17.38017464"", ""16.94998741"", ""17.28720284"", ""16.89373779"", ""16.70967865""]",1,GenericAELG,AELG,,generic,32
baseline_r1,TrendVAE2+SeasonalityVAE2+GenericVAE2_ld8,trend_seasonality_generic,"['TrendVAE2', 'SeasonalityVAE2', 'GenericVAE2']",Traffic-96,24,96,192,6,1,True,0,42,20.851603,0.789151,0.012054,0.000765,nan,0.259692,0.297251,6609510,1594.83,15,False,False,ReLU,MAX_EPOCHS,28.81853485,28.81853485,26.70037270,14,1.000000,False,"[""62.95737076"", ""41.15262222"", ""45.64514923"", ""32.60318756"", ""34.81427002"", ""34.83016586"", ""35.95154190"", ""31.09544754"", ""30.68769264"", ""30.65250015"", ""32.02170563"", ""29.74946213"", ""29.61592102"", ""29.13568687"", ""28.81853485""]",1,TrendVAE2,VAE2,SeasonalityVAE2,trend_seasonality_generic,8
baseline_r1,TrendVAE2+SeasonalityVAE2+GenericVAE2_ld8,trend_seasonality_generic,"['TrendVAE2', 'SeasonalityVAE2', 'GenericVAE2']",Traffic-96,24,96,192,6,1,True,1,43,22.862261,0.855011,0.013101,0.000899,nan,0.280271,0.338104,6609510,1597.96,15,False,False,ReLU,MAX_EPOCHS,29.79553795,30.17053604,32.24017715,13,1.012586,False,"[""73.36503601"", ""39.80218887"", ""49.55795670"", ""32.51859665"", ""35.38563538"", ""33.00514984"", ""31.92964745"", ""32.58974075"", ""31.00638962"", ""31.67259407"", ""35.51658630"", ""30.36105347"", ""30.88089561"", ""29.79553795"", ""30.17053604""]",1,TrendVAE2,VAE2,SeasonalityVAE2,trend_seasonality_generic,8
baseline_r1,TrendVAE2+SeasonalityVAE2+GenericVAE2_ld8,trend_seasonality_generic,"['TrendVAE2', 'SeasonalityVAE2', 'GenericVAE2']",Traffic-96,24,96,192,6,1,True,2,44,20.861267,0.834401,0.012799,0.000884,nan,0.273776,0.335136,6609510,1600.66,15,False,False,ReLU,MAX_EPOCHS,27.83317947,27.83317947,28.21318245,14,1.000000,False,"[""57.11796951"", ""41.71179962"", ""36.20840836"", ""33.69601440"", ""32.55203629"", ""32.90704346"", ""31.81693840"", ""31.62147903"", ""31.55239487"", ""29.54200554"", ""29.74998665"", ""30.77487373"", ""31.32235718"", ""28.39372826"", ""27.83317947""]",1,TrendVAE2,VAE2,SeasonalityVAE2,trend_seasonality_generic,8
baseline_r1,TrendVAE2+SeasonalityVAE2+GenericVAE2_ld16,trend_seasonality_generic,"['TrendVAE2', 'SeasonalityVAE2', 'GenericVAE2']",Traffic-96,24,96,192,6,1,True,0,42,22.111992,0.810875,0.012451,0.000826,nan,0.266740,0.321512,6677190,1601.54,15,False,False,ReLU,MAX_EPOCHS,27.86571121,28.98805809,28.08442116,12,1.040277,False,"[""67.45414734"", ""39.71314621"", ""31.91748810"", ""32.96461105"", ""30.17082787"", ""30.95586395"", ""30.51232147"", ""30.86873055"", ""30.63749695"", ""29.03275871"", ""30.29426575"", ""29.00654411"", ""27.86571121"", ""30.31821251"", ""28.98805809""]",1,TrendVAE2,VAE2,SeasonalityVAE2,trend_seasonality_generic,16
baseline_r1,TrendVAE2+SeasonalityVAE2+GenericVAE2_ld16,trend_seasonality_generic,"['TrendVAE2', 'SeasonalityVAE2', 'GenericVAE2']",Traffic-96,24,96,192,6,1,True,1,43,21.034277,0.806544,0.012188,0.000773,nan,0.265118,0.308593,6677190,1602.31,15,False,False,ReLU,MAX_EPOCHS,22.25255203,27.42753983,26.57787895,13,1.232557,False,"[""56.43420792"", ""40.48767471"", ""37.97911835"", ""32.22924805"", ""31.19234085"", ""39.59880447"", ""30.56677818"", ""29.08130264"", ""29.11608505"", ""27.70256996"", ""32.08380127"", ""26.32874107"", ""23.11618042"", ""22.25255203"", ""27.42753983""]",1,TrendVAE2,VAE2,SeasonalityVAE2,trend_seasonality_generic,16
baseline_r1,TrendVAE2+SeasonalityVAE2+GenericVAE2_ld16,trend_seasonality_generic,"['TrendVAE2', 'SeasonalityVAE2', 'GenericVAE2']",Traffic-96,24,96,192,6,1,True,2,44,20.536280,0.784030,0.011975,0.000753,nan,0.258497,0.299506,6677190,1606.96,15,False,False,ReLU,MAX_EPOCHS,21.93696022,21.93696022,24.65837097,14,1.000000,False,"[""62.96896362"", ""46.23482895"", ""33.87655640"", ""30.92396164"", ""31.64930344"", ""30.25215340"", ""31.73113251"", ""30.05971527"", ""26.64935303"", ""23.82495689"", ""37.40146637"", ""23.72863388"", ""22.59026337"", ""25.12315178"", ""21.93696022""]",1,TrendVAE2,VAE2,SeasonalityVAE2,trend_seasonality_generic,16
baseline_r1,TrendVAE2+SeasonalityVAE2+GenericVAE2_ld32,trend_seasonality_generic,"['TrendVAE2', 'SeasonalityVAE2', 'GenericVAE2']",Traffic-96,24,96,192,6,1,True,0,42,20.527912,0.815609,0.012575,0.000934,nan,0.267171,0.345649,6812550,1608.64,15,False,False,ReLU,MAX_EPOCHS,22.50415611,22.50415611,25.07896423,14,1.000000,False,"[""46.26543045"", ""34.33703232"", ""30.28294754"", ""43.83067322"", ""32.07743073"", ""33.60404205"", ""30.45546150"", ""28.77127266"", ""26.40849495"", ""24.62094498"", ""25.16849327"", ""30.09235001"", ""25.43338776"", ""23.14015961"", ""22.50415611""]",1,TrendVAE2,VAE2,SeasonalityVAE2,trend_seasonality_generic,32
baseline_r1,TrendVAE2+SeasonalityVAE2+GenericVAE2_ld32,trend_seasonality_generic,"['TrendVAE2', 'SeasonalityVAE2', 'GenericVAE2']",Traffic-96,24,96,192,6,1,True,1,43,20.778234,0.846414,0.013217,0.001077,nan,0.276426,0.381111,6812550,1611.54,15,False,False,ReLU,MAX_EPOCHS,25.50923538,25.50923538,26.56872749,14,1.000000,False,"[""52.09751892"", ""41.39403534"", ""32.17522430"", ""36.28063965"", ""32.07186890"", ""33.73514557"", ""29.12162209"", ""30.94463348"", ""29.05672455"", ""28.96063042"", ""28.74214363"", ""29.15678978"", ""25.95541382"", ""25.62322235"", ""25.50923538""]",1,TrendVAE2,VAE2,SeasonalityVAE2,trend_seasonality_generic,32
baseline_r1,TrendVAE2+SeasonalityVAE2+GenericVAE2_ld32,trend_seasonality_generic,"['TrendVAE2', 'SeasonalityVAE2', 'GenericVAE2']",Traffic-96,24,96,192,6,1,True,2,44,21.244984,0.823852,0.012749,0.000956,nan,0.269576,0.348706,6812550,1609.72,15,False,False,ReLU,MAX_EPOCHS,28.07988167,30.01090813,27.56005669,13,1.068769,False,"[""45.90434265"", ""35.12451935"", ""32.56665421"", ""30.98331642"", ""30.34711456"", ""36.71881866"", ""38.79985046"", ""30.43372917"", ""30.12642288"", ""29.99955750"", ""30.07788658"", ""31.07444954"", ""28.57246780"", ""28.07988167"", ""30.01090813""]",1,TrendVAE2,VAE2,SeasonalityVAE2,trend_seasonality_generic,32
baseline_r1,TrendVAE+SeasonalityVAE+GenericVAE_ld8,trend_seasonality_generic,"['TrendVAE', 'SeasonalityVAE', 'GenericVAE']",Traffic-96,24,96,192,6,1,True,0,42,21.704588,0.906102,0.013870,0.001097,nan,0.295231,0.400082,8839526,1633.49,15,False,False,ReLU,MAX_EPOCHS,23.08490944,23.08490944,27.14617729,14,1.000000,False,"[""124.95423889"", ""120.62305450"", ""39.48183823"", ""32.54175949"", ""33.61013412"", ""29.28344727"", ""33.18133545"", ""29.70178795"", ""28.35298729"", ""26.87238503"", ""25.94576073"", ""26.53856277"", ""25.87061501"", ""25.28554153"", ""23.08490944""]",1,TrendVAE,VAE1,SeasonalityVAE,trend_seasonality_generic,8
baseline_r1,TrendVAE+SeasonalityVAE+GenericVAE_ld8,trend_seasonality_generic,"['TrendVAE', 'SeasonalityVAE', 'GenericVAE']",Traffic-96,24,96,192,6,1,True,1,43,24.165504,1.039547,0.015955,0.001341,nan,0.338371,0.481745,8839526,1660.42,15,False,False,ReLU,MAX_EPOCHS,23.77969551,23.77969551,26.29039001,14,1.000000,False,"[""37.38330460"", ""31.07069778"", ""32.11404800"", ""34.63297653"", ""31.47260094"", ""30.61034393"", ""31.14440727"", ""27.73286629"", ""26.94409180"", ""25.95974159"", ""29.11236954"", ""29.60413170"", ""25.00689316"", ""24.58697510"", ""23.77969551""]",1,TrendVAE,VAE1,SeasonalityVAE,trend_seasonality_generic,8
baseline_r1,TrendVAE+SeasonalityVAE+GenericVAE_ld8,trend_seasonality_generic,"['TrendVAE', 'SeasonalityVAE', 'GenericVAE']",Traffic-96,24,96,192,6,1,True,2,44,20.177380,0.799951,0.012189,0.000778,nan,0.263084,0.303558,8839526,1669.31,15,False,False,ReLU,MAX_EPOCHS,27.25863838,30.31871605,29.44723129,13,1.112261,False,"[""49.81715775"", ""40.21118164"", ""35.83990097"", ""32.74723816"", ""31.65186310"", ""32.37793732"", ""33.03617859"", ""29.91140938"", ""29.41298485"", ""31.90345383"", ""29.27762032"", ""28.79529762"", ""28.58747864"", ""27.25863838"", ""30.31871605""]",1,TrendVAE,VAE1,SeasonalityVAE,trend_seasonality_generic,8
baseline_r1,TrendVAE+SeasonalityVAE+GenericVAE_ld16,trend_seasonality_generic,"['TrendVAE', 'SeasonalityVAE', 'GenericVAE']",Traffic-96,24,96,192,6,1,True,0,42,19.443808,0.768276,0.011792,0.000788,nan,0.252866,0.306157,8873414,1825.52,15,False,False,ReLU,MAX_EPOCHS,20.57362938,22.65475082,23.69142532,13,1.101155,False,"[""33.72373962"", ""45.03207397"", ""30.72401810"", ""39.78169632"", ""29.62100220"", ""29.73024559"", ""28.14609146"", ""26.94251823"", ""29.10142326"", ""24.51450157"", ""22.99911308"", ""21.58680916"", ""21.34717941"", ""20.57362938"", ""22.65475082""]",1,TrendVAE,VAE1,SeasonalityVAE,trend_seasonality_generic,16
baseline_r1,TrendVAE+SeasonalityVAE+GenericVAE_ld16,trend_seasonality_generic,"['TrendVAE', 'SeasonalityVAE', 'GenericVAE']",Traffic-96,24,96,192,6,1,True,1,43,21.173048,0.893102,0.013829,0.001119,nan,0.291648,0.395432,8873414,1820.53,15,False,False,ReLU,MAX_EPOCHS,22.48645210,22.48645210,24.95395851,14,1.000000,False,"[""134.73208618"", ""34.81314087"", ""41.61258316"", ""34.29962540"", ""32.14475632"", ""30.01237297"", ""28.70499229"", ""28.05121994"", ""36.81893539"", ""25.83181190"", ""25.71499634"", ""23.48752594"", ""22.75864792"", ""25.26957130"", ""22.48645210""]",1,TrendVAE,VAE1,SeasonalityVAE,trend_seasonality_generic,16
baseline_r1,TrendVAE+SeasonalityVAE+GenericVAE_ld16,trend_seasonality_generic,"['TrendVAE', 'SeasonalityVAE', 'GenericVAE']",Traffic-96,24,96,192,6,1,True,2,44,19.939283,0.808764,0.012384,0.000855,nan,0.265865,0.325473,8873414,1837.32,15,False,False,ReLU,MAX_EPOCHS,21.32123947,22.12682915,23.92126656,12,1.037783,False,"[""143.66207886"", ""36.60458755"", ""31.38510895"", ""30.36211967"", ""31.73959541"", ""29.89569855"", ""28.86064911"", ""27.79528236"", ""25.75474930"", ""27.27736282"", ""31.90534210"", ""21.92144394"", ""21.32123947"", ""26.27172852"", ""22.12682915""]",1,TrendVAE,VAE1,SeasonalityVAE,trend_seasonality_generic,16
baseline_r1,TrendVAE+SeasonalityVAE+GenericVAE_ld32,trend_seasonality_generic,"['TrendVAE', 'SeasonalityVAE', 'GenericVAE']",Traffic-96,24,96,192,6,1,True,0,42,20.206999,0.785309,0.011936,0.000782,nan,0.258500,0.303690,8941190,1830.68,15,False,False,ReLU,MAX_EPOCHS,20.99574852,20.99574852,23.21417046,14,1.000000,False,"[""86.38879395"", ""32.74956894"", ""32.49793625"", ""32.53807068"", ""31.24492264"", ""31.55607605"", ""28.82393074"", ""26.35722160"", ""29.19292450"", ""24.11102104"", ""23.59451485"", ""23.04017830"", ""22.17591667"", ""22.62551117"", ""20.99574852""]",1,TrendVAE,VAE1,SeasonalityVAE,trend_seasonality_generic,32
baseline_r1,TrendVAE+SeasonalityVAE+GenericVAE_ld32,trend_seasonality_generic,"['TrendVAE', 'SeasonalityVAE', 'GenericVAE']",Traffic-96,24,96,192,6,1,True,1,43,22.233191,0.850611,0.012876,0.000877,nan,0.278535,0.336045,8941190,1830.45,15,False,False,ReLU,MAX_EPOCHS,24.38077354,28.59743309,28.30700684,12,1.172950,False,"[""118.02271271"", ""35.07749557"", ""34.82139969"", ""32.03739929"", ""31.44399834"", ""30.80651093"", ""30.48020363"", ""29.74200058"", ""27.88747025"", ""30.65655899"", ""27.55738831"", ""25.05096817"", ""24.38077354"", ""29.07916641"", ""28.59743309""]",1,TrendVAE,VAE1,SeasonalityVAE,trend_seasonality_generic,32
baseline_r1,TrendVAE+SeasonalityVAE+GenericVAE_ld32,trend_seasonality_generic,"['TrendVAE', 'SeasonalityVAE', 'GenericVAE']",Traffic-96,24,96,192,6,1,True,2,44,20.929411,0.840730,0.012866,0.000912,nan,0.276056,0.342621,8941190,1836.53,15,False,False,ReLU,MAX_EPOCHS,22.66288948,22.84207726,23.36095428,13,1.007907,False,"[""130.82585144"", ""45.24489212"", ""41.18267441"", ""32.74182510"", ""30.00551987"", ""29.37176132"", ""32.03872681"", ""26.96957970"", ""24.84245682"", ""23.81879234"", ""25.22952271"", ""23.17783356"", ""26.44384193"", ""22.66288948"", ""22.84207726""]",1,TrendVAE,VAE1,SeasonalityVAE,trend_seasonality_generic,32
baseline_r1,TrendAELG+SeasonalityAELG+GenericAELG_ld8,trend_seasonality_generic,"['TrendAELG', 'SeasonalityAELG', 'GenericAELG']",Traffic-96,24,96,192,6,1,True,0,42,200.000000,1102978.551798,13174.324219,181886432.000000,nan,349396.843750,154680197120.000000,6586982,1335.82,11,False,False,ReLU,EARLY_STOPPED,200.00000000,200.00000000,200.00000000,0,1.000000,False,"[""200.00000000"", ""200.00000000"", ""200.00000000"", ""200.00000000"", ""200.00000000"", ""200.00000000"", ""200.00000000"", ""200.00000000"", ""200.00000000"", ""200.00000000"", ""200.00000000""]",1,TrendAELG,AELG,SeasonalityAELG,trend_seasonality_generic,8
baseline_r1,TrendAELG+SeasonalityAELG+GenericAELG_ld8,trend_seasonality_generic,"['TrendAELG', 'SeasonalityAELG', 'GenericAELG']",Traffic-96,24,96,192,6,1,True,1,43,200.000000,149382.565023,1763.377441,3288062.750000,nan,47242.015625,2910482176.000000,6586982,1324.89,11,False,False,ReLU,EARLY_STOPPED,200.00000000,200.00000000,200.00000000,0,1.000000,False,"[""200.00000000"", ""200.00000000"", ""200.00000000"", ""200.00000000"", ""200.00000000"", ""200.00000000"", ""200.00000000"", ""200.00000000"", ""200.00000000"", ""200.00000000"", ""200.00000000""]",1,TrendAELG,AELG,SeasonalityAELG,trend_seasonality_generic,8
baseline_r1,TrendAELG+SeasonalityAELG+GenericAELG_ld8,trend_seasonality_generic,"['TrendAELG', 'SeasonalityAELG', 'GenericAELG']",Traffic-96,24,96,192,6,1,True,2,44,200.000000,238061.891613,2810.615723,8634978.000000,nan,75287.937500,7639420416.000000,6586982,1327.50,11,False,False,ReLU,EARLY_STOPPED,200.00000000,200.00000000,200.00000000,0,1.000000,False,"[""200.00000000"", ""200.00000000"", ""200.00000000"", ""200.00000000"", ""200.00000000"", ""200.00000000"", ""200.00000000"", ""200.00000000"", ""200.00000000"", ""200.00000000"", ""200.00000000""]",1,TrendAELG,AELG,SeasonalityAELG,trend_seasonality_generic,8
baseline_r1,TrendAELG+SeasonalityAELG+GenericAELG_ld16,trend_seasonality_generic,"['TrendAELG', 'SeasonalityAELG', 'GenericAELG']",Traffic-96,24,96,192,6,1,True,0,42,200.000000,29033.932931,346.778259,138654.140625,nan,9197.091797,117956024.000000,6632134,1328.27,11,False,False,ReLU,EARLY_STOPPED,200.00000000,200.00000000,200.00000000,0,1.000000,False,"[""200.00000000"", ""200.00000000"", ""200.00000000"", ""200.00000000"", ""200.00000000"", ""200.00000000"", ""200.00000000"", ""200.00000000"", ""200.00000000"", ""200.00000000"", ""200.00000000""]",1,TrendAELG,AELG,SeasonalityAELG,trend_seasonality_generic,16
baseline_r1,TrendAELG+SeasonalityAELG+GenericAELG_ld16,trend_seasonality_generic,"['TrendAELG', 'SeasonalityAELG', 'GenericAELG']",Traffic-96,24,96,192,6,1,True,1,43,200.000000,768315.829990,9411.589844,106431632.000000,nan,244265.703125,82822471680.000000,6632134,1334.78,11,False,False,ReLU,EARLY_STOPPED,200.00000000,200.00000000,200.00000000,0,1.000000,False,"[""200.00000000"", ""200.00000000"", ""200.00000000"", ""200.00000000"", ""200.00000000"", ""200.00000000"", ""200.00000000"", ""200.00000000"", ""200.00000000"", ""200.00000000"", ""200.00000000""]",1,TrendAELG,AELG,SeasonalityAELG,trend_seasonality_generic,16
baseline_r1,TrendAELG+SeasonalityAELG+GenericAELG_ld16,trend_seasonality_generic,"['TrendAELG', 'SeasonalityAELG', 'GenericAELG']",Traffic-96,24,96,192,6,1,True,2,44,200.000000,1862762.705059,22317.267578,520172960.000000,nan,590315.562500,437634727936.000000,6632134,1323.28,11,False,False,ReLU,EARLY_STOPPED,200.00000000,200.00000000,200.00000000,0,1.000000,False,"[""200.00000000"", ""200.00000000"", ""200.00000000"", ""200.00000000"", ""200.00000000"", ""200.00000000"", ""200.00000000"", ""200.00000000"", ""200.00000000"", ""200.00000000"", ""200.00000000""]",1,TrendAELG,AELG,SeasonalityAELG,trend_seasonality_generic,16
baseline_r1,TrendAELG+SeasonalityAELG+GenericAELG_ld32,trend_seasonality_generic,"['TrendAELG', 'SeasonalityAELG', 'GenericAELG']",Traffic-96,24,96,192,6,1,True,0,42,200.000000,6824.093060,82.424789,8113.821289,nan,2164.759033,6634217.000000,6722438,1327.55,11,False,False,ReLU,EARLY_STOPPED,200.00000000,200.00000000,200.00000000,0,1.000000,False,"[""200.00000000"", ""200.00000000"", ""200.00000000"", ""200.00000000"", ""200.00000000"", ""200.00000000"", ""200.00000000"", ""200.00000000"", ""200.00000000"", ""200.00000000"", ""200.00000000""]",1,TrendAELG,AELG,SeasonalityAELG,trend_seasonality_generic,32
baseline_r1,TrendAELG+SeasonalityAELG+GenericAELG_ld32,trend_seasonality_generic,"['TrendAELG', 'SeasonalityAELG', 'GenericAELG']",Traffic-96,24,96,192,6,1,True,1,43,200.000000,58617.784566,671.510864,489925.031250,nan,18453.757812,478756992.000000,6722438,1324.78,11,False,False,ReLU,EARLY_STOPPED,200.00000000,200.00000000,200.00000000,0,1.000000,False,"[""200.00000000"", ""200.00000000"", ""200.00000000"", ""200.00000000"", ""200.00000000"", ""200.00000000"", ""200.00000000"", ""200.00000000"", ""200.00000000"", ""200.00000000"", ""200.00000000""]",1,TrendAELG,AELG,SeasonalityAELG,trend_seasonality_generic,32
baseline_r1,TrendAELG+SeasonalityAELG+GenericAELG_ld32,trend_seasonality_generic,"['TrendAELG', 'SeasonalityAELG', 'GenericAELG']",Traffic-96,24,96,192,6,1,True,2,44,200.000000,6482.746638,76.668266,7172.032715,nan,2050.710449,6315106.500000,6722438,1330.70,11,False,False,ReLU,EARLY_STOPPED,200.00000000,200.00000000,200.00000000,0,1.000000,False,"[""200.00000000"", ""200.00000000"", ""200.00000000"", ""200.00000000"", ""200.00000000"", ""200.00000000"", ""200.00000000"", ""200.00000000"", ""200.00000000"", ""200.00000000"", ""200.00000000""]",1,TrendAELG,AELG,SeasonalityAELG,trend_seasonality_generic,32
baseline_r1,GenericVAE2+SeasonalityVAE2+TrendVAE2_ld8,generic_seasonality_trend,"['GenericVAE2', 'SeasonalityVAE2', 'TrendVAE2']",Traffic-96,24,96,192,6,1,True,0,42,20.784681,0.793199,0.012131,0.000770,nan,0.260777,0.302361,6609510,1833.72,15,False,False,ReLU,MAX_EPOCHS,28.02591705,28.02591705,26.84696388,14,1.000000,False,"[""119.87660980"", ""40.95411301"", ""32.68633270"", ""30.69729805"", ""30.85504150"", ""30.35718918"", ""33.83041382"", ""29.66407204"", ""30.53019714"", ""31.75426674"", ""29.84402466"", ""29.25177002"", ""30.15799141"", ""28.71759033"", ""28.02591705""]",1,TrendVAE2,VAE2,SeasonalityVAE2,generic_seasonality_trend,8
baseline_r1,GenericVAE2+SeasonalityVAE2+TrendVAE2_ld8,generic_seasonality_trend,"['GenericVAE2', 'SeasonalityVAE2', 'TrendVAE2']",Traffic-96,24,96,192,6,1,True,1,43,20.536488,0.820666,0.012432,0.000822,nan,0.269327,0.324890,6609510,1820.40,15,False,False,ReLU,MAX_EPOCHS,23.43460083,23.43460083,24.45065880,14,1.000000,False,"[""53.99621582"", ""36.73517609"", ""31.31051445"", ""30.44224167"", ""30.90236282"", ""30.17867279"", ""32.33906555"", ""29.70072556"", ""31.52979279"", ""32.49030685"", ""28.43909264"", ""28.03037071"", ""27.15816879"", ""25.22752571"", ""23.43460083""]",1,TrendVAE2,VAE2,SeasonalityVAE2,generic_seasonality_trend,8
baseline_r1,GenericVAE2+SeasonalityVAE2+TrendVAE2_ld8,generic_seasonality_trend,"['GenericVAE2', 'SeasonalityVAE2', 'TrendVAE2']",Traffic-96,24,96,192,6,1,True,2,44,21.636564,0.843539,0.012782,0.000846,nan,0.275585,0.328278,6609510,1823.74,15,False,False,ReLU,MAX_EPOCHS,28.67459297,28.67459297,29.33031464,14,1.000000,False,"[""156.14343262"", ""32.97046661"", ""32.14067078"", ""31.28145790"", ""30.88115692"", ""30.08932495"", ""29.57248116"", ""29.27675247"", ""35.59916306"", ""29.04823112"", ""29.20841408"", ""29.02897072"", ""28.94402695"", ""29.46807098"", ""28.67459297""]",1,TrendVAE2,VAE2,SeasonalityVAE2,generic_seasonality_trend,8
baseline_r1,GenericVAE2+SeasonalityVAE2+TrendVAE2_ld16,generic_seasonality_trend,"['GenericVAE2', 'SeasonalityVAE2', 'TrendVAE2']",Traffic-96,24,96,192,6,1,True,0,42,20.457855,0.770880,0.011768,0.000741,nan,0.253702,0.292831,6677190,1815.94,15,False,False,ReLU,MAX_EPOCHS,27.05831337,27.05831337,26.08445549,14,1.000000,False,"[""149.97779846"", ""36.82618713"", ""35.86864853"", ""30.49449539"", ""36.03129196"", ""29.74818039"", ""31.23964310"", ""29.82053757"", ""31.47867393"", ""31.00550842"", ""31.25721550"", ""28.34235764"", ""29.52512550"", ""29.85541153"", ""27.05831337""]",1,TrendVAE2,VAE2,SeasonalityVAE2,generic_seasonality_trend,16
baseline_r1,GenericVAE2+SeasonalityVAE2+TrendVAE2_ld16,generic_seasonality_trend,"['GenericVAE2', 'SeasonalityVAE2', 'TrendVAE2']",Traffic-96,24,96,192,6,1,True,1,43,20.739515,0.804731,0.012303,0.000813,nan,0.264448,0.314957,6677190,1822.42,15,False,False,ReLU,MAX_EPOCHS,27.71443939,30.86562729,37.55024719,13,1.113702,False,"[""137.64407349"", ""41.65470123"", ""32.99620438"", ""38.14838028"", ""33.46040726"", ""30.13429070"", ""47.97955704"", ""31.22193909"", ""33.12244797"", ""28.95278549"", ""30.32761765"", ""28.97865677"", ""28.37071419"", ""27.71443939"", ""30.86562729""]",1,TrendVAE2,VAE2,SeasonalityVAE2,generic_seasonality_trend,16
baseline_r1,GenericVAE2+SeasonalityVAE2+TrendVAE2_ld16,generic_seasonality_trend,"['GenericVAE2', 'SeasonalityVAE2', 'TrendVAE2']",Traffic-96,24,96,192,6,1,True,2,44,21.328875,0.828343,0.012498,0.000820,nan,0.271207,0.324050,6677190,1739.38,15,False,False,ReLU,MAX_EPOCHS,23.43716240,26.52587891,27.71790695,12,1.131787,False,"[""193.98791504"", ""183.26239014"", ""175.95776367"", ""36.83851624"", ""30.66584778"", ""35.68950272"", ""30.68178940"", ""32.87414169"", ""27.82615662"", ""27.93378448"", ""26.29400635"", ""24.00017548"", ""23.43716240"", ""23.98412704"", ""26.52587891""]",1,TrendVAE2,VAE2,SeasonalityVAE2,generic_seasonality_trend,16
baseline_r1,GenericVAE2+SeasonalityVAE2+TrendVAE2_ld32,generic_seasonality_trend,"['GenericVAE2', 'SeasonalityVAE2', 'TrendVAE2']",Traffic-96,24,96,192,6,1,True,0,42,21.015219,0.804383,0.012158,0.000748,nan,0.264613,0.299963,6812550,1805.90,15,False,False,ReLU,MAX_EPOCHS,24.70678711,24.70678711,27.05608559,14,1.000000,False,"[""138.54898071"", ""40.10029602"", ""45.04334259"", ""39.54988480"", ""32.03429794"", ""37.14317322"", ""30.84004593"", ""29.40788269"", ""30.01644325"", ""28.43945312"", ""27.67394066"", ""28.22808075"", ""24.80986023"", ""36.53864670"", ""24.70678711""]",1,TrendVAE2,VAE2,SeasonalityVAE2,generic_seasonality_trend,32
baseline_r1,GenericVAE2+SeasonalityVAE2+TrendVAE2_ld32,generic_seasonality_trend,"['GenericVAE2', 'SeasonalityVAE2', 'TrendVAE2']",Traffic-96,24,96,192,6,1,True,1,43,20.312782,0.782480,0.012002,0.000772,nan,0.257482,0.300407,6812550,1803.90,15,False,False,ReLU,MAX_EPOCHS,23.83393860,28.33713150,29.64182854,13,1.188940,False,"[""150.80705261"", ""39.27305603"", ""33.34605408"", ""31.49620628"", ""31.63455772"", ""32.79495239"", ""29.64846230"", ""29.06686974"", ""29.87271881"", ""28.96385384"", ""29.15771675"", ""28.04180908"", ""26.90885162"", ""23.83393860"", ""28.33713150""]",1,TrendVAE2,VAE2,SeasonalityVAE2,generic_seasonality_trend,32
baseline_r1,GenericVAE2+SeasonalityVAE2+TrendVAE2_ld32,generic_seasonality_trend,"['GenericVAE2', 'SeasonalityVAE2', 'TrendVAE2']",Traffic-96,24,96,192,6,1,True,2,44,20.885654,0.842601,0.012972,0.000953,nan,0.275638,0.351193,6812550,1805.69,15,False,False,ReLU,MAX_EPOCHS,23.07469940,23.71991539,28.94455147,12,1.027962,False,"[""152.20971680"", ""135.68336487"", ""33.84597015"", ""33.00062561"", ""28.04263496"", ""28.26888847"", ""26.41791916"", ""24.35638428"", ""23.53490257"", ""24.85259628"", ""23.39822578"", ""28.95643425"", ""23.07469940"", ""26.76668739"", ""23.71991539""]",1,TrendVAE2,VAE2,SeasonalityVAE2,generic_seasonality_trend,32
baseline_r1,GenericVAE+SeasonalityVAE+TrendVAE_ld8,generic_seasonality_trend,"['GenericVAE', 'SeasonalityVAE', 'TrendVAE']",Traffic-96,24,96,192,6,1,True,0,42,21.398071,0.864338,0.013216,0.000964,nan,0.282218,0.361967,8839526,1783.31,15,False,False,ReLU,MAX_EPOCHS,25.79284668,26.52526665,27.95043945,9,1.028396,False,"[""153.73843384"", ""144.95803833"", ""144.04466248"", ""139.88290405"", ""29.54297066"", ""29.27858734"", ""28.81459236"", ""28.50968933"", ""26.88267326"", ""25.79284668"", ""30.55324173"", ""27.86064720"", ""28.31074333"", ""29.07843208"", ""26.52526665""]",1,TrendVAE,VAE,SeasonalityVAE,generic_seasonality_trend,8
baseline_r1,GenericVAE+SeasonalityVAE+TrendVAE_ld8,generic_seasonality_trend,"['GenericVAE', 'SeasonalityVAE', 'TrendVAE']",Traffic-96,24,96,192,6,1,True,1,43,20.267231,0.805116,0.012340,0.000827,nan,0.264343,0.316954,8839526,1693.52,15,False,False,ReLU,MAX_EPOCHS,23.48284340,23.48284340,24.71939468,14,1.000000,False,"[""127.81156921"", ""125.73161316"", ""122.41495514"", ""37.89292145"", ""30.99633408"", ""29.92707062"", ""28.67521858"", ""31.96305084"", ""29.94355583"", ""28.27522659"", ""35.30258942"", ""25.66625977"", ""25.02265930"", ""25.84604073"", ""23.48284340""]",1,TrendVAE,VAE,SeasonalityVAE,generic_seasonality_trend,8
baseline_r1,GenericVAE+SeasonalityVAE+TrendVAE_ld8,generic_seasonality_trend,"['GenericVAE', 'SeasonalityVAE', 'TrendVAE']",Traffic-96,24,96,192,6,1,True,2,44,20.502686,0.791762,0.012059,0.000777,nan,0.260174,0.303356,8839526,1692.82,15,False,False,ReLU,MAX_EPOCHS,28.91335869,28.91335869,28.16528893,14,1.000000,False,"[""128.07160950"", ""39.85447693"", ""37.61982727"", ""41.06456757"", ""34.10951996"", ""30.78849030"", ""30.71508408"", ""30.22881699"", ""30.26227379"", ""30.43144417"", ""29.79897690"", ""33.83293915"", ""29.32217979"", ""29.29897690"", ""28.91335869""]",1,TrendVAE,VAE,SeasonalityVAE,generic_seasonality_trend,8
baseline_r1,GenericVAE+SeasonalityVAE+TrendVAE_ld16,generic_seasonality_trend,"['GenericVAE', 'SeasonalityVAE', 'TrendVAE']",Traffic-96,24,96,192,6,1,True,0,42,21.012560,0.810274,0.012506,0.000877,nan,0.265766,0.323220,8873414,1696.20,15,False,False,ReLU,MAX_EPOCHS,23.17368507,23.17368507,24.60259628,14,1.000000,False,"[""33.81327057"", ""31.75959015"", ""32.38154984"", ""34.72338486"", ""32.65420532"", ""29.71276093"", ""29.47508621"", ""29.05797768"", ""28.80969620"", ""30.59540749"", ""30.56397820"", ""27.73290253"", ""25.63760948"", ""24.73523903"", ""23.17368507""]",1,TrendVAE,VAE,SeasonalityVAE,generic_seasonality_trend,16
baseline_r1,GenericVAE+SeasonalityVAE+TrendVAE_ld16,generic_seasonality_trend,"['GenericVAE', 'SeasonalityVAE', 'TrendVAE']",Traffic-96,24,96,192,6,1,True,1,43,21.120657,0.834070,0.012664,0.000844,nan,0.273771,0.330937,8873414,1696.10,15,False,False,ReLU,MAX_EPOCHS,26.03846741,26.03846741,26.27524567,14,1.000000,False,"[""126.88397980"", ""50.69443512"", ""34.95746994"", ""33.03436661"", ""33.36023331"", ""35.52833176"", ""29.81342697"", ""29.64652252"", ""29.56315041"", ""29.74880028"", ""27.78237152"", ""34.38044357"", ""28.22320557"", ""31.87151337"", ""26.03846741""]",1,TrendVAE,VAE,SeasonalityVAE,generic_seasonality_trend,16
baseline_r1,GenericVAE+SeasonalityVAE+TrendVAE_ld16,generic_seasonality_trend,"['GenericVAE', 'SeasonalityVAE', 'TrendVAE']",Traffic-96,24,96,192,6,1,True,2,44,20.772038,0.822625,0.012528,0.000855,nan,0.269648,0.328095,8873414,1695.47,15,False,False,ReLU,MAX_EPOCHS,22.34414482,30.72641754,36.03186417,13,1.375144,False,"[""40.14300537"", ""32.13249207"", ""30.59845543"", ""35.64407349"", ""33.96556473"", ""34.81428909"", ""29.10112953"", ""28.64081573"", ""29.05975533"", ""24.41902542"", ""33.93397522"", ""23.80033493"", ""23.32153511"", ""22.34414482"", ""30.72641754""]",1,TrendVAE,VAE,SeasonalityVAE,generic_seasonality_trend,16
baseline_r1,GenericVAE+SeasonalityVAE+TrendVAE_ld32,generic_seasonality_trend,"['GenericVAE', 'SeasonalityVAE', 'TrendVAE']",Traffic-96,24,96,192,6,1,True,0,42,21.556154,0.814823,0.012449,0.000834,nan,0.267426,0.321942,8941190,1699.90,15,False,False,ReLU,MAX_EPOCHS,24.61743546,24.94342995,23.64669609,13,1.013242,False,"[""133.17607117"", ""128.08148193"", ""34.42761993"", ""35.87049103"", ""31.90416145"", ""31.17033386"", ""29.26457787"", ""29.03262329"", ""31.03099060"", ""31.49883652"", ""30.56489754"", ""28.36976814"", ""26.27042580"", ""24.61743546"", ""24.94342995""]",1,TrendVAE,VAE,SeasonalityVAE,generic_seasonality_trend,32
baseline_r1,GenericVAE+SeasonalityVAE+TrendVAE_ld32,generic_seasonality_trend,"['GenericVAE', 'SeasonalityVAE', 'TrendVAE']",Traffic-96,24,96,192,6,1,True,1,43,28.941458,0.950524,0.013938,0.000884,nan,0.309260,0.350077,8941190,1702.74,15,False,False,ReLU,MAX_EPOCHS,30.88402748,30.88402748,25.36295891,14,1.000000,False,"[""116.16899872"", ""42.96523666"", ""34.47346878"", ""39.47067261"", ""41.76444244"", ""42.86806488"", ""41.24835587"", ""38.99807358"", ""38.08132172"", ""37.12150574"", ""36.07263184"", ""34.93284607"", ""32.81398010"", ""32.76308823"", ""30.88402748""]",1,TrendVAE,VAE,SeasonalityVAE,generic_seasonality_trend,32
baseline_r1,GenericVAE+SeasonalityVAE+TrendVAE_ld32,generic_seasonality_trend,"['GenericVAE', 'SeasonalityVAE', 'TrendVAE']",Traffic-96,24,96,192,6,1,True,2,44,20.202940,0.798693,0.012126,0.000800,nan,0.262123,0.310483,8941190,1702.56,15,False,False,ReLU,MAX_EPOCHS,21.58338737,21.94825172,23.46945572,13,1.016905,False,"[""42.11151505"", ""34.87377930"", ""37.21870804"", ""35.22089005"", ""33.58018875"", ""32.36271286"", ""33.78300476"", ""29.82404327"", ""28.75408173"", ""27.98961067"", ""24.31761551"", ""22.64062691"", ""24.63717461"", ""21.58338737"", ""21.94825172""]",1,TrendVAE,VAE,SeasonalityVAE,generic_seasonality_trend,32
baseline_r1,GenericAELG+SeasonalityAELG+TrendAELG_ld8,generic_seasonality_trend,"['GenericAELG', 'SeasonalityAELG', 'TrendAELG']",Traffic-96,24,96,192,6,1,True,0,42,200.000000,493567.290566,5848.107422,35323620.000000,nan,156160.218750,30881497088.000000,6586982,1232.80,11,False,False,ReLU,EARLY_STOPPED,200.00000000,200.00000000,200.00000000,0,1.000000,False,"[""200.00000000"", ""200.00000000"", ""200.00000000"", ""200.00000000"", ""200.00000000"", ""200.00000000"", ""200.00000000"", ""200.00000000"", ""200.00000000"", ""200.00000000"", ""200.00000000""]",1,TrendAELG,AELG,SeasonalityAELG,generic_seasonality_trend,8
baseline_r1,GenericAELG+SeasonalityAELG+TrendAELG_ld8,generic_seasonality_trend,"['GenericAELG', 'SeasonalityAELG', 'TrendAELG']",Traffic-96,24,96,192,6,1,True,1,43,200.000000,2870039.260097,34126.890625,1221963520.000000,nan,908549.250000,1055457673216.000000,6586982,1233.07,11,False,False,ReLU,EARLY_STOPPED,200.00000000,200.00000000,200.00000000,0,1.000000,False,"[""200.00000000"", ""200.00000000"", ""200.00000000"", ""200.00000000"", ""200.00000000"", ""200.00000000"", ""200.00000000"", ""200.00000000"", ""200.00000000"", ""200.00000000"", ""200.00000000""]",1,TrendAELG,AELG,SeasonalityAELG,generic_seasonality_trend,8
baseline_r1,GenericAELG+SeasonalityAELG+TrendAELG_ld8,generic_seasonality_trend,"['GenericAELG', 'SeasonalityAELG', 'TrendAELG']",Traffic-96,24,96,192,6,1,True,2,44,200.000000,1552136.613105,18928.623047,374996800.000000,nan,493065.656250,296538243072.000000,6586982,1229.71,11,False,False,ReLU,EARLY_STOPPED,200.00000000,200.00000000,200.00000000,0,1.000000,False,"[""200.00000000"", ""200.00000000"", ""200.00000000"", ""200.00000000"", ""200.00000000"", ""200.00000000"", ""200.00000000"", ""200.00000000"", ""200.00000000"", ""200.00000000"", ""200.00000000""]",1,TrendAELG,AELG,SeasonalityAELG,generic_seasonality_trend,8
baseline_r1,GenericAELG+SeasonalityAELG+TrendAELG_ld16,generic_seasonality_trend,"['GenericAELG', 'SeasonalityAELG', 'TrendAELG']",Traffic-96,24,96,192,6,1,True,0,42,200.000000,2032218.580000,23979.945312,588798208.000000,nan,642637.312500,521888006144.000000,6632134,1238.28,11,False,False,ReLU,EARLY_STOPPED,200.00000000,200.00000000,200.00000000,0,1.000000,False,"[""200.00000000"", ""200.00000000"", ""200.00000000"", ""200.00000000"", ""200.00000000"", ""200.00000000"", ""200.00000000"", ""200.00000000"", ""200.00000000"", ""200.00000000"", ""200.00000000""]",1,TrendAELG,AELG,SeasonalityAELG,generic_seasonality_trend,16
baseline_r1,GenericAELG+SeasonalityAELG+TrendAELG_ld16,generic_seasonality_trend,"['GenericAELG', 'SeasonalityAELG', 'TrendAELG']",Traffic-96,24,96,192,6,1,True,1,43,200.000000,2356682.493952,28017.923828,814667584.000000,nan,746143.375000,704345931776.000000,6632134,1193.44,11,False,False,ReLU,EARLY_STOPPED,200.00000000,200.00000000,200.00000000,0,1.000000,False,"[""200.00000000"", ""200.00000000"", ""200.00000000"", ""200.00000000"", ""200.00000000"", ""200.00000000"", ""200.00000000"", ""200.00000000"", ""200.00000000"", ""200.00000000"", ""200.00000000""]",1,TrendAELG,AELG,SeasonalityAELG,generic_seasonality_trend,16
baseline_r1,GenericAELG+SeasonalityAELG+TrendAELG_ld16,generic_seasonality_trend,"['GenericAELG', 'SeasonalityAELG', 'TrendAELG']",Traffic-96,24,96,192,6,1,True,2,44,200.000000,553820.561197,6582.727051,45714108.000000,nan,175320.968750,39548112896.000000,6632134,1238.60,11,False,False,ReLU,EARLY_STOPPED,200.00000000,200.00000000,200.00000000,0,1.000000,False,"[""200.00000000"", ""200.00000000"", ""200.00000000"", ""200.00000000"", ""200.00000000"", ""200.00000000"", ""200.00000000"", ""200.00000000"", ""200.00000000"", ""200.00000000"", ""200.00000000""]",1,TrendAELG,AELG,SeasonalityAELG,generic_seasonality_trend,16
baseline_r1,GenericAELG+SeasonalityAELG+TrendAELG_ld32,generic_seasonality_trend,"['GenericAELG', 'SeasonalityAELG', 'TrendAELG']",Traffic-96,24,96,192,6,1,True,0,42,200.000000,8007666.414118,97884.203125,10121586688.000000,nan,2544333.250000,7929055412224.000000,6722438,1237.79,11,False,False,ReLU,EARLY_STOPPED,200.00000000,200.00000000,200.00000000,0,1.000000,False,"[""200.00000000"", ""200.00000000"", ""200.00000000"", ""200.00000000"", ""200.00000000"", ""200.00000000"", ""200.00000000"", ""200.00000000"", ""200.00000000"", ""200.00000000"", ""200.00000000""]",1,TrendAELG,AELG,SeasonalityAELG,generic_seasonality_trend,32
baseline_r1,GenericAELG+SeasonalityAELG+TrendAELG_ld32,generic_seasonality_trend,"['GenericAELG', 'SeasonalityAELG', 'TrendAELG']",Traffic-96,24,96,192,6,1,True,1,43,200.000000,158855.972019,1956.346924,3996712.500000,nan,50545.171875,3050530816.000000,6722438,1238.47,11,False,False,ReLU,EARLY_STOPPED,200.00000000,200.00000000,200.00000000,0,1.000000,False,"[""200.00000000"", ""200.00000000"", ""200.00000000"", ""200.00000000"", ""200.00000000"", ""200.00000000"", ""200.00000000"", ""200.00000000"", ""200.00000000"", ""200.00000000"", ""200.00000000""]",1,TrendAELG,AELG,SeasonalityAELG,generic_seasonality_trend,32
baseline_r1,GenericAELG+SeasonalityAELG+TrendAELG_ld32,generic_seasonality_trend,"['GenericAELG', 'SeasonalityAELG', 'TrendAELG']",Traffic-96,24,96,192,6,1,True,2,44,200.000000,9181292.021520,110722.601562,12929337344.000000,nan,2911748.750000,10631302348800.000000,6722438,1240.65,11,False,False,ReLU,EARLY_STOPPED,200.00000000,200.00000000,200.00000000,0,1.000000,False,"[""200.00000000"", ""200.00000000"", ""200.00000000"", ""200.00000000"", ""200.00000000"", ""200.00000000"", ""200.00000000"", ""200.00000000"", ""200.00000000"", ""200.00000000"", ""200.00000000""]",1,TrendAELG,AELG,SeasonalityAELG,generic_seasonality_trend,32
baseline_r1,TrendVAE2+GenericVAE2_ld8,trend_generic,"['TrendVAE2', 'GenericVAE2']",Traffic-96,24,96,192,6,1,True,0,42,19.127119,0.760014,0.011622,0.000733,nan,0.250443,0.295153,1189737,1640.55,15,False,False,ReLU,MAX_EPOCHS,20.33562279,20.33562279,22.91728020,14,1.000000,False,"[""42.30068207"", ""35.16263199"", ""33.42924881"", ""30.86038208"", ""33.45518494"", ""29.41118431"", ""32.31636047"", ""26.46232605"", ""26.17765045"", ""23.14418793"", ""22.17226982"", ""22.52391243"", ""23.88588715"", ""22.29745483"", ""20.33562279""]",1,TrendVAE2,VAE2,GenericVAE2,trend_generic,8
baseline_r1,TrendVAE2+GenericVAE2_ld8,trend_generic,"['TrendVAE2', 'GenericVAE2']",Traffic-96,24,96,192,6,1,True,1,43,19.904903,0.783449,0.011963,0.000762,nan,0.258106,0.304908,1189737,1586.14,15,False,False,ReLU,MAX_EPOCHS,21.20891953,22.64997864,23.81756783,12,1.067946,False,"[""39.35349655"", ""33.31205368"", ""31.21343422"", ""31.54058075"", ""33.97988510"", ""30.40562630"", ""28.68068504"", ""26.97573853"", ""27.29765701"", ""24.37265587"", ""22.99378395"", ""22.07520294"", ""21.20891953"", ""21.78385162"", ""22.64997864""]",1,TrendVAE2,VAE2,GenericVAE2,trend_generic,8
baseline_r1,TrendVAE2+GenericVAE2_ld8,trend_generic,"['TrendVAE2', 'GenericVAE2']",Traffic-96,24,96,192,6,1,True,2,44,19.477211,0.778994,0.011903,0.000765,nan,0.256584,0.303623,1189737,1585.86,15,False,False,ReLU,MAX_EPOCHS,20.34510803,20.34510803,22.66103935,14,1.000000,False,"[""38.12039566"", ""32.04740143"", ""33.66810226"", ""33.00416946"", ""29.83958817"", ""30.24994469"", ""25.36689949"", ""24.85327148"", ""23.12700844"", ""25.80086517"", ""20.91418266"", ""22.44173050"", ""20.76889992"", ""20.51769066"", ""20.34510803""]",1,TrendVAE2,VAE2,GenericVAE2,trend_generic,8
baseline_r1,TrendVAE2+GenericVAE2_ld16,trend_generic,"['TrendVAE2', 'GenericVAE2']",Traffic-96,24,96,192,6,1,True,0,42,19.427294,0.759994,0.011608,0.000726,nan,0.250333,0.290868,1217481,1588.48,15,False,False,ReLU,MAX_EPOCHS,22.86635590,24.44293594,26.48610306,13,1.068948,False,"[""38.57445526"", ""34.27667999"", ""33.20004272"", ""29.47192192"", ""31.02166367"", ""30.04275513"", ""33.14194489"", ""29.91997719"", ""27.46006775"", ""27.03667068"", ""25.81885147"", ""25.02417946"", ""23.63320923"", ""22.86635590"", ""24.44293594""]",1,TrendVAE2,VAE2,GenericVAE2,trend_generic,16
baseline_r1,TrendVAE2+GenericVAE2_ld16,trend_generic,"['TrendVAE2', 'GenericVAE2']",Traffic-96,24,96,192,6,1,True,1,43,19.081579,0.757782,0.011608,0.000747,nan,0.249779,0.294610,1217481,1590.40,15,False,False,ReLU,MAX_EPOCHS,20.47704887,20.47704887,22.29956245,14,1.000000,False,"[""42.82995605"", ""32.46086121"", ""30.67109299"", ""29.87858391"", ""29.94861221"", ""29.15456963"", ""30.64415741"", ""28.12094116"", ""26.48955917"", ""24.85459709"", ""23.60338402"", ""22.21457291"", ""22.09309578"", ""21.09958839"", ""20.47704887""]",1,TrendVAE2,VAE2,GenericVAE2,trend_generic,16
baseline_r1,TrendVAE2+GenericVAE2_ld16,trend_generic,"['TrendVAE2', 'GenericVAE2']",Traffic-96,24,96,192,6,1,True,2,44,19.173168,0.756701,0.011580,0.000722,nan,0.249532,0.290562,1217481,1592.65,15,False,False,ReLU,MAX_EPOCHS,20.92619324,21.15163231,22.77932358,11,1.010773,False,"[""41.68182373"", ""34.94347763"", ""33.09791565"", ""32.52847290"", ""31.18512344"", ""29.82553864"", ""29.11759567"", ""26.96701241"", ""26.27317810"", ""23.69962120"", ""27.12671089"", ""20.92619324"", ""23.61548615"", ""22.35600853"", ""21.15163231""]",1,TrendVAE2,VAE2,GenericVAE2,trend_generic,16
baseline_r1,TrendVAE2+GenericVAE2_ld32,trend_generic,"['TrendVAE2', 'GenericVAE2']",Traffic-96,24,96,192,6,1,True,0,42,18.362310,0.729217,0.011245,0.000707,nan,0.241105,0.281009,1272969,1592.68,15,False,False,ReLU,MAX_EPOCHS,19.58389282,19.58389282,22.36567307,14,1.000000,False,"[""39.24285889"", ""32.19143677"", ""31.10287857"", ""30.84523964"", ""31.67318916"", ""28.52522469"", ""25.89709091"", ""26.41842651"", ""21.74974442"", ""21.94508743"", ""20.44252968"", ""23.57727242"", ""20.25277710"", ""20.19941330"", ""19.58389282""]",1,TrendVAE2,VAE2,GenericVAE2,trend_generic,32
baseline_r1,TrendVAE2+GenericVAE2_ld32,trend_generic,"['TrendVAE2', 'GenericVAE2']",Traffic-96,24,96,192,6,1,True,1,43,18.315454,0.729011,0.011217,0.000707,nan,0.241213,0.283500,1272969,1598.29,15,False,False,ReLU,MAX_EPOCHS,19.09182167,19.63063431,22.79162788,13,1.028222,False,"[""39.29208755"", ""30.63595200"", ""30.89309311"", ""29.87285995"", ""29.48859024"", ""31.45079041"", ""26.50252914"", ""22.65644646"", ""25.63894272"", ""20.03908157"", ""20.82883453"", ""19.24029922"", ""19.58668900"", ""19.09182167"", ""19.63063431""]",1,TrendVAE2,VAE2,GenericVAE2,trend_generic,32
baseline_r1,TrendVAE2+GenericVAE2_ld32,trend_generic,"['TrendVAE2', 'GenericVAE2']",Traffic-96,24,96,192,6,1,True,2,44,18.679117,0.748475,0.011485,0.000731,nan,0.247226,0.291711,1272969,1596.13,15,False,False,ReLU,MAX_EPOCHS,19.93192673,20.33388901,23.37490463,12,1.020167,False,"[""41.27502823"", ""33.02037430"", ""30.62247658"", ""30.04767990"", ""29.25773621"", ""28.76479721"", ""26.15318680"", ""26.04183769"", ""21.55293465"", ""24.86990356"", ""20.71541405"", ""20.14643478"", ""19.93192673"", ""21.32441521"", ""20.33388901""]",1,TrendVAE2,VAE2,GenericVAE2,trend_generic,32
baseline_r1,TrendVAE+GenericVAE_ld8,trend_generic,"['TrendVAE', 'GenericVAE']",Traffic-96,24,96,192,6,1,True,0,42,19.694462,0.785780,0.011993,0.000777,nan,0.258601,0.305804,1422825,1602.83,15,False,False,ReLU,MAX_EPOCHS,20.87844658,21.22126579,22.58721542,11,1.016420,False,"[""37.23917389"", ""30.82613564"", ""31.18218422"", ""29.79604912"", ""29.00051689"", ""31.55208588"", ""28.33009148"", ""23.33781815"", ""22.93951035"", ""23.07243729"", ""25.22393990"", ""20.87844658"", ""22.51015282"", ""21.62509537"", ""21.22126579""]",1,TrendVAE,VAE,GenericVAE1,trend_generic,8
baseline_r1,TrendVAE+GenericVAE_ld8,trend_generic,"['TrendVAE', 'GenericVAE']",Traffic-96,24,96,192,6,1,True,1,43,19.918425,0.787625,0.011957,0.000751,nan,0.259664,0.302638,1422825,1605.59,15,False,False,ReLU,MAX_EPOCHS,21.66662979,23.04932785,24.07622528,12,1.063817,False,"[""36.18289948"", ""32.45220566"", ""31.33034134"", ""31.35571861"", ""31.77293015"", ""29.68247795"", ""28.17293930"", ""27.68894577"", ""25.59458542"", ""23.63242531"", ""23.41888046"", ""22.40972900"", ""21.66662979"", ""21.78013229"", ""23.04932785""]",1,TrendVAE,VAE,GenericVAE1,trend_generic,8
baseline_r1,TrendVAE+GenericVAE_ld8,trend_generic,"['TrendVAE', 'GenericVAE']",Traffic-96,24,96,192,6,1,True,2,44,18.802744,0.745728,0.011446,0.000731,nan,0.246115,0.290299,1422825,1602.24,15,False,False,ReLU,MAX_EPOCHS,19.77702522,19.77702522,22.19899178,14,1.000000,False,"[""46.77840805"", ""36.82029724"", ""35.27087784"", ""30.64016533"", ""32.61293793"", ""24.38245010"", ""29.86259842"", ""22.94605446"", ""23.38646698"", ""23.21883202"", ""22.04850960"", ""23.56111717"", ""22.71542168"", ""20.17108917"", ""19.77702522""]",1,TrendVAE,VAE,GenericVAE1,trend_generic,8
baseline_r1,TrendVAE+GenericVAE_ld16,trend_generic,"['TrendVAE', 'GenericVAE']",Traffic-96,24,96,192,6,1,True,0,42,18.954834,0.758042,0.011598,0.000737,nan,0.250376,0.294265,1436745,1606.16,15,False,False,ReLU,MAX_EPOCHS,20.18178940,20.18178940,21.87977409,14,1.000000,False,"[""36.93706894"", ""34.38217926"", ""30.75126076"", ""30.28359795"", ""31.13862801"", ""29.32713318"", ""31.32933426"", ""28.41348267"", ""27.33452034"", ""22.59754753"", ""21.59160042"", ""26.44486046"", ""27.00310707"", ""22.87818718"", ""20.18178940""]",1,TrendVAE,VAE,GenericVAE1,trend_generic,16
baseline_r1,TrendVAE+GenericVAE_ld16,trend_generic,"['TrendVAE', 'GenericVAE']",Traffic-96,24,96,192,6,1,True,1,43,19.374100,0.762431,0.011679,0.000737,nan,0.251585,0.292773,1436745,1617.06,15,False,False,ReLU,MAX_EPOCHS,21.64745712,21.72030640,23.09503174,12,1.003365,False,"[""36.18846893"", ""32.83212280"", ""31.17572594"", ""30.07451630"", ""29.57848358"", ""29.61840248"", ""29.35542870"", ""25.28139114"", ""26.44444656"", ""22.03345680"", ""23.26128006"", ""23.62754250"", ""21.64745712"", ""22.49888992"", ""21.72030640""]",1,TrendVAE,VAE,GenericVAE1,trend_generic,16
baseline_r1,TrendVAE+GenericVAE_ld16,trend_generic,"['TrendVAE', 'GenericVAE']",Traffic-96,24,96,192,6,1,True,2,44,19.947039,0.775283,0.011782,0.000740,nan,0.255731,0.297651,1436745,1643.98,15,False,False,ReLU,MAX_EPOCHS,21.28134155,25.29470253,26.52987671,13,1.188586,False,"[""42.27074432"", ""31.79389572"", ""31.31145287"", ""30.32762146"", ""28.77823448"", ""28.08304214"", ""27.70941544"", ""31.64271164"", ""26.96817207"", ""23.45557022"", ""23.97983170"", ""21.91801453"", ""25.16747665"", ""21.28134155"", ""25.29470253""]",1,TrendVAE,VAE,GenericVAE1,trend_generic,16
baseline_r1,TrendVAE+GenericVAE_ld32,trend_generic,"['TrendVAE', 'GenericVAE']",Traffic-96,24,96,192,6,1,True,0,42,18.928314,0.763936,0.011713,0.000755,nan,0.251808,0.298160,1464585,1696.56,15,False,False,ReLU,MAX_EPOCHS,20.61372375,20.61372375,23.61728668,14,1.000000,False,"[""36.13600922"", ""35.25679016"", ""30.45482254"", ""32.50974274"", ""31.76843262"", ""33.80076218"", ""29.15989685"", ""27.76970673"", ""25.08844948"", ""22.70693970"", ""27.57140732"", ""23.72935486"", ""21.83954048"", ""20.72276878"", ""20.61372375""]",1,TrendVAE,VAE,GenericVAE1,trend_generic,32
baseline_r1,TrendVAE+GenericVAE_ld32,trend_generic,"['TrendVAE', 'GenericVAE']",Traffic-96,24,96,192,6,1,True,1,43,20.131229,0.797957,0.012182,0.000794,nan,0.262619,0.311284,1464585,1690.26,15,False,False,ReLU,MAX_EPOCHS,22.34957314,25.13372040,30.16749573,13,1.124573,False,"[""49.48420334"", ""37.38598251"", ""31.73390388"", ""30.11506844"", ""29.55251694"", ""32.62850571"", ""28.76974297"", ""29.11209106"", ""28.47945976"", ""28.49705124"", ""28.75640678"", ""24.70208740"", ""23.02200890"", ""22.34957314"", ""25.13372040""]",1,TrendVAE,VAE,GenericVAE1,trend_generic,32
baseline_r1,TrendVAE+GenericVAE_ld32,trend_generic,"['TrendVAE', 'GenericVAE']",Traffic-96,24,96,192,6,1,True,2,44,19.723248,0.788302,0.012088,0.000796,nan,0.259563,0.311739,1464585,1693.83,15,False,False,ReLU,MAX_EPOCHS,20.98362732,23.34579468,26.72761345,13,1.112572,False,"[""34.39929962"", ""32.38819504"", ""35.68571854"", ""33.49111176"", ""29.99601746"", ""27.41188431"", ""26.34632301"", ""24.95605850"", ""23.57019234"", ""22.79043579"", ""25.72627068"", ""23.19738579"", ""21.80085564"", ""20.98362732"", ""23.34579468""]",1,TrendVAE,VAE,GenericVAE1,trend_generic,32
baseline_r1,TrendAELG+GenericAELG_ld8,trend_generic,"['TrendAELG', 'GenericAELG']",Traffic-96,24,96,192,6,1,True,0,42,19.499777,0.797902,0.012209,0.000834,nan,0.262279,0.320352,1180521,1711.74,15,False,False,ReLU,MAX_EPOCHS,21.36674881,21.36674881,22.72992516,14,1.000000,False,"[""40.98680496"", ""33.25642395"", ""31.66605568"", ""32.62082291"", ""29.84552765"", ""31.30632591"", ""26.78969765"", ""26.79208946"", ""25.28319359"", ""24.26166153"", ""24.74634743"", ""23.02488708"", ""23.36384583"", ""21.70577812"", ""21.36674881""]",1,TrendAELG,AELG,GenericAELG,trend_generic,8
