experiment,config_name,category,stack_types,period,frequency,forecast_length,backcast_length,n_stacks,n_blocks_per_stack,share_weights,run,seed,smape,mase,mae,mse,owa,norm_mae,norm_mse,n_params,training_time_seconds,epochs_trained,active_g,sum_losses,activation,stopping_reason,best_val_loss,final_val_loss,final_train_loss,best_epoch,loss_ratio,diverged,val_loss_curve,search_round,arch_pattern,ae_variant,latent_dim_cfg,thetas_dim_cfg,meta_predicted_best,meta_convergence_score
ae_search_r1,AutoEncoder_ld2_td3_ag0,ae_search_round1,"['Trend', 'AutoEncoder']",Yearly,1,6,30,10,1,True,0,42,15.955523,3.853802,970.120667,3609816.000000,0.973052,0.858759,2.231084,5161160,5.89,6,False,False,ReLU,MAX_EPOCHS,16.10688972,16.10688972,13.39797115,5,1.000000,False,"[""34.17088318"", ""36.03058243"", ""24.57512474"", ""22.10525322"", ""18.40726471"", ""16.10688972""]",1,trend_ae_alternating,AutoEncoder,2,3,12.158812,0.355824
ae_search_r1,AutoEncoder_ld2_td3_ag0,ae_search_round1,"['Trend', 'AutoEncoder']",Yearly,1,6,30,10,1,True,1,43,15.233358,3.557915,918.417847,3495020.750000,0.913729,0.821763,2.233534,5161160,5.48,6,False,False,ReLU,MAX_EPOCHS,15.70119476,15.70119476,12.34007072,5,1.000000,False,"[""38.35817719"", ""26.33854675"", ""23.32010269"", ""18.93601418"", ""16.58080292"", ""15.70119476""]",1,trend_ae_alternating,AutoEncoder,2,3,12.252334,0.319419
ae_search_r1,AutoEncoder_ld2_td3_ag0,ae_search_round1,"['Trend', 'AutoEncoder']",Yearly,1,6,30,10,1,True,2,44,15.025910,3.476862,894.082336,3402749.250000,0.897184,0.810444,2.195746,5161160,5.45,6,False,False,ReLU,MAX_EPOCHS,16.67687988,16.67687988,13.32833958,5,1.000000,False,"[""29.30140686"", ""39.73084259"", ""24.32149506"", ""21.50488853"", ""18.14588737"", ""16.67687988""]",1,trend_ae_alternating,AutoEncoder,2,3,12.860921,0.438918
ae_search_r1,AutoEncoder_ld8_td3_ag0,ae_search_round1,"['Trend', 'AutoEncoder']",Yearly,1,6,30,10,1,True,0,42,15.834048,3.761894,949.055115,3578378.750000,0.957772,0.875836,2.484140,5214980,5.57,6,False,False,ReLU,MAX_EPOCHS,16.77277756,16.77277756,16.10626602,5,1.000000,False,"[""37.27187347"", ""32.53192902"", ""24.79082680"", ""22.18250847"", ""19.91139793"", ""16.77277756""]",1,trend_ae_alternating,AutoEncoder,8,3,12.493477,0.335199
ae_search_r1,AutoEncoder_ld8_td3_ag0,ae_search_round1,"['Trend', 'AutoEncoder']",Yearly,1,6,30,10,1,True,1,43,17.283371,4.140035,1010.436523,3809733.000000,1.049692,0.992800,3.085053,5214980,5.68,6,False,False,ReLU,MAX_EPOCHS,18.90143967,18.90143967,14.46080017,5,1.000000,False,"[""34.19329071"", ""30.26353455"", ""26.14172745"", ""22.05683708"", ""19.69770622"", ""18.90143967""]",1,trend_ae_alternating,AutoEncoder,8,3,15.100808,0.441631
ae_search_r1,AutoEncoder_ld8_td3_ag0,ae_search_round1,"['Trend', 'AutoEncoder']",Yearly,1,6,30,10,1,True,2,44,17.126202,4.189923,1054.049927,4134837.250000,1.051161,1.012502,3.258349,5214980,5.41,6,False,False,ReLU,MAX_EPOCHS,18.44244385,18.44244385,13.88227463,5,1.000000,False,"[""34.72449875"", ""33.56714630"", ""26.11407852"", ""24.06400871"", ""20.83444023"", ""18.44244385""]",1,trend_ae_alternating,AutoEncoder,8,3,14.229899,0.409794
ae_search_r1,AutoEncoder_ld16_td3_ag0,ae_search_round1,"['Trend', 'AutoEncoder']",Yearly,1,6,30,10,1,True,0,42,19.427420,5.155003,1200.323242,4674414.000000,1.242993,1.245789,4.628983,5286740,5.48,6,False,False,ReLU,MAX_EPOCHS,18.83093834,18.83093834,13.24215221,5,1.000000,False,"[""31.39171982"", ""30.15446281"", ""25.60119247"", ""22.69062805"", ""19.76305771"", ""18.83093834""]",1,trend_ae_alternating,AutoEncoder,16,3,15.078560,0.480336
ae_search_r1,AutoEncoder_ld16_td3_ag0,ae_search_round1,"['Trend', 'AutoEncoder']",Yearly,1,6,30,10,1,True,1,43,20.587137,5.560714,1199.010864,4501764.000000,1.329521,1.452569,6.921788,5286740,5.23,6,False,False,ReLU,MAX_EPOCHS,20.56513023,20.56513023,16.89305496,5,1.000000,False,"[""35.69505692"", ""38.10834122"", ""27.22057343"", ""27.27761078"", ""22.61961555"", ""20.56513023""]",1,trend_ae_alternating,AutoEncoder,16,3,16.117854,0.451543
ae_search_r1,AutoEncoder_ld16_td3_ag0,ae_search_round1,"['Trend', 'AutoEncoder']",Yearly,1,6,30,10,1,True,2,44,19.096334,4.627148,1129.597656,4357993.000000,1.166449,1.010743,2.843507,5286740,5.25,6,False,False,ReLU,MAX_EPOCHS,21.71781349,21.71781349,17.23407745,5,1.000000,False,"[""30.61735344"", ""44.75117874"", ""25.48592949"", ""23.03285408"", ""24.52145195"", ""21.71781349""]",1,trend_ae_alternating,AutoEncoder,16,3,17.639663,0.576133
ae_search_r1,GenericAE_ld2_td3_ag0,ae_search_round1,"['Trend', 'GenericAE']",Yearly,1,6,30,10,1,True,0,42,17.458864,4.444282,1082.885132,4122174.500000,1.093342,0.979068,2.701651,1826585,4.99,6,False,False,ReLU,MAX_EPOCHS,16.34571457,16.34571457,14.32790565,5,1.000000,False,"[""31.50024796"", ""39.13824463"", ""23.56741333"", ""21.34847260"", ""18.27426338"", ""16.34571457""]",1,trend_ae_alternating,GenericAE,2,3,12.608480,0.400266
ae_search_r1,GenericAE_ld2_td3_ag0,ae_search_round1,"['Trend', 'GenericAE']",Yearly,1,6,30,10,1,True,1,43,17.532270,4.492667,1114.215942,4423979.500000,1.101675,0.951379,2.434750,1826585,4.97,6,False,False,ReLU,MAX_EPOCHS,16.71625900,16.71625900,13.56537819,5,1.000000,False,"[""32.49561691"", ""38.62911606"", ""23.46295166"", ""21.48789978"", ""18.53383636"", ""16.71625900""]",1,trend_ae_alternating,GenericAE,2,3,12.922454,0.397668
ae_search_r1,GenericAE_ld2_td3_ag0,ae_search_round1,"['Trend', 'GenericAE']",Yearly,1,6,30,10,1,True,2,44,17.513659,4.137049,1024.667847,3922045.250000,1.056363,0.980999,2.855407,1826585,4.98,6,False,False,ReLU,MAX_EPOCHS,19.77470016,19.77470016,14.14211369,5,1.000000,False,"[""36.63544846"", ""45.44080353"", ""27.82661057"", ""24.48726082"", ""23.31708336"", ""19.77470016""]",1,trend_ae_alternating,GenericAE,2,3,15.179546,0.414340
ae_search_r1,GenericAE_ld2_td3_agF,ae_search_round1,"['Trend', 'GenericAE']",Yearly,1,6,30,10,1,True,0,42,15.550564,3.532671,922.793945,3518740.000000,0.920258,0.837631,2.250665,1826585,4.99,6,forecast,False,ReLU,MAX_EPOCHS,16.61760139,16.61760139,12.52979374,5,1.000000,False,"[""31.49445343"", ""33.05126953"", ""24.05170441"", ""23.15114212"", ""18.72879601"", ""16.61760139""]",1,trend_ae_alternating,GenericAE,2,3,12.660604,0.401995
ae_search_r1,GenericAE_ld2_td3_agF,ae_search_round1,"['Trend', 'GenericAE']",Yearly,1,6,30,10,1,True,1,43,15.726002,3.654130,938.220764,3561577.000000,0.940908,0.855169,2.339195,1826585,4.94,6,forecast,False,ReLU,MAX_EPOCHS,16.52280617,16.52280617,12.98555756,5,1.000000,False,"[""31.49130630"", ""36.74582672"", ""23.46567345"", ""20.45785141"", ""16.92050171"", ""16.52280617""]",1,trend_ae_alternating,GenericAE,2,3,12.859283,0.408344
ae_search_r1,GenericAE_ld2_td3_agF,ae_search_round1,"['Trend', 'GenericAE']",Yearly,1,6,30,10,1,True,2,44,18.115559,4.436529,1064.480835,4052498.750000,1.112458,1.089077,3.530730,1826585,4.97,6,forecast,False,ReLU,MAX_EPOCHS,20.22390938,20.22390938,16.15871048,5,1.000000,False,"[""38.05515671"", ""41.14913177"", ""26.95730782"", ""25.96583748"", ""22.68975449"", ""20.22390938""]",1,trend_ae_alternating,GenericAE,2,3,15.624938,0.410587
ae_search_r1,GenericAE_ld8_td3_ag0,ae_search_round1,"['Trend', 'GenericAE']",Yearly,1,6,30,10,1,True,0,42,16.311867,3.942742,1001.443237,3921473.500000,0.995145,0.915567,2.536359,1841975,4.93,6,False,False,ReLU,MAX_EPOCHS,16.28435326,16.28435326,12.80222702,5,1.000000,False,"[""31.44510269"", ""40.81594467"", ""24.84320641"", ""22.36997414"", ""18.65582275"", ""16.28435326""]",1,trend_ae_alternating,GenericAE,8,3,12.442943,0.395704
ae_search_r1,GenericAE_ld8_td3_ag0,ae_search_round1,"['Trend', 'GenericAE']",Yearly,1,6,30,10,1,True,1,43,15.529977,3.506063,917.570496,3511114.000000,0.916281,0.824279,2.221011,1841975,4.92,6,False,False,ReLU,MAX_EPOCHS,17.30821037,17.30821037,13.04533195,5,1.000000,False,"[""35.81243896"", ""42.81213379"", ""26.74340248"", ""24.47955704"", ""19.96459579"", ""17.30821037""]",1,trend_ae_alternating,GenericAE,8,3,13.112755,0.366151
ae_search_r1,GenericAE_ld8_td3_ag0,ae_search_round1,"['Trend', 'GenericAE']",Yearly,1,6,30,10,1,True,2,44,15.714060,3.701132,941.034912,3562084.500000,0.946456,0.863395,2.337528,1841975,4.98,6,False,False,ReLU,MAX_EPOCHS,16.69099426,16.69099426,13.72747707,5,1.000000,False,"[""32.14623642"", ""45.83626556"", ""25.74619102"", ""23.93748856"", ""18.92641258"", ""16.69099426""]",1,trend_ae_alternating,GenericAE,8,3,12.569982,0.391025
ae_search_r1,GenericAE_ld8_td3_agF,ae_search_round1,"['Trend', 'GenericAE']",Yearly,1,6,30,10,1,True,0,42,16.224335,3.737902,953.117676,3596142.250000,0.966695,0.884566,2.480493,1841975,5.01,6,forecast,False,ReLU,MAX_EPOCHS,18.25469017,18.25469017,13.86595535,5,1.000000,False,"[""30.59650612"", ""41.90815353"", ""24.93345070"", ""21.64291382"", ""19.06548882"", ""18.25469017""]",1,trend_ae_alternating,GenericAE,8,3,14.229304,0.465063
ae_search_r1,GenericAE_ld8_td3_agF,ae_search_round1,"['Trend', 'GenericAE']",Yearly,1,6,30,10,1,True,1,43,16.289877,3.807180,957.479126,3561025.000000,0.977416,0.904356,2.571310,1841975,5.02,6,forecast,False,ReLU,MAX_EPOCHS,18.37528419,18.37528419,13.73707676,5,1.000000,False,"[""32.12689590"", ""44.17572403"", ""25.30191612"", ""21.99946213"", ""18.74529648"", ""18.37528419""]",1,trend_ae_alternating,GenericAE,8,3,14.315181,0.445582
ae_search_r1,GenericAE_ld8_td3_agF,ae_search_round1,"['Trend', 'GenericAE']",Yearly,1,6,30,10,1,True,2,44,15.741197,3.630611,934.175049,3538407.250000,0.938413,0.862128,2.408918,1841975,4.96,6,forecast,False,ReLU,MAX_EPOCHS,17.51416588,17.51416588,13.23467445,5,1.000000,False,"[""31.15039444"", ""46.00962448"", ""25.69433212"", ""23.25902939"", ""19.57966614"", ""17.51416588""]",1,trend_ae_alternating,GenericAE,8,3,13.389063,0.429820
ae_search_r1,GenericAE_ld16_td3_ag0,ae_search_round1,"['Trend', 'GenericAE']",Yearly,1,6,30,10,1,True,0,42,16.802006,3.886924,983.396851,3688273.000000,1.003119,0.918244,2.594506,1862495,4.98,6,False,False,ReLU,MAX_EPOCHS,19.10608292,19.10608292,13.54599762,5,1.000000,False,"[""28.59098053"", ""77.51548004"", ""32.10631561"", ""23.69810867"", ""22.22631645"", ""19.10608292""]",1,trend_ae_alternating,GenericAE,16,3,17.368922,0.607497
ae_search_r1,GenericAE_ld16_td3_ag0,ae_search_round1,"['Trend', 'GenericAE']",Yearly,1,6,30,10,1,True,1,43,16.822512,3.941679,1001.597107,3813250.250000,1.010635,0.892365,2.413393,1862495,5.06,6,False,False,ReLU,MAX_EPOCHS,19.85948944,19.85948944,13.67403221,5,1.000000,False,"[""30.54947853"", ""43.04185104"", ""25.04445648"", ""22.37495422"", ""21.46160698"", ""19.85948944""]",1,trend_ae_alternating,GenericAE,16,3,15.750665,0.515579
ae_search_r1,GenericAE_ld16_td3_ag0,ae_search_round1,"['Trend', 'GenericAE']",Yearly,1,6,30,10,1,True,2,44,18.058903,4.309544,1070.534912,4153959.000000,1.094748,0.959721,2.670073,1862495,4.94,6,False,False,ReLU,MAX_EPOCHS,20.61587334,20.61587334,14.04588413,5,1.000000,False,"[""35.61869812"", ""41.90279388"", ""26.39074707"", ""23.95786476"", ""23.91390419"", ""20.61587334""]",1,trend_ae_alternating,GenericAE,16,3,16.030886,0.450069
ae_search_r1,GenericAE_ld16_td3_agF,ae_search_round1,"['Trend', 'GenericAE']",Yearly,1,6,30,10,1,True,0,42,16.396101,3.929675,968.087036,3614528.000000,0.996078,0.936537,2.750964,1862495,4.98,6,forecast,False,ReLU,MAX_EPOCHS,17.77935028,17.77935028,13.37465954,5,1.000000,False,"[""28.75194359"", ""72.50920868"", ""28.57985115"", ""24.46286201"", ""22.22638512"", ""17.77935028""]",1,trend_ae_alternating,GenericAE,16,3,16.185746,0.562944
ae_search_r1,GenericAE_ld16_td3_agF,ae_search_round1,"['Trend', 'GenericAE']",Yearly,1,6,30,10,1,True,1,43,17.007601,4.045953,1010.875366,3811005.750000,1.029418,0.924380,2.540040,1862495,5.19,6,forecast,False,ReLU,MAX_EPOCHS,19.96125793,19.96125793,13.93939877,5,1.000000,False,"[""30.44540215"", ""44.67724991"", ""24.91759872"", ""22.16569710"", ""20.21390915"", ""19.96125793""]",1,trend_ae_alternating,GenericAE,16,3,15.728828,0.516624
ae_search_r1,GenericAE_ld16_td3_agF,ae_search_round1,"['Trend', 'GenericAE']",Yearly,1,6,30,10,1,True,2,44,17.394520,4.039144,1025.146484,3892684.500000,1.040399,0.919465,2.483813,1862495,5.04,6,forecast,False,ReLU,MAX_EPOCHS,19.98987579,19.98987579,14.40009785,5,1.000000,False,"[""32.70216370"", ""46.66386414"", ""26.17923164"", ""23.21623993"", ""22.18886375"", ""19.98987579""]",1,trend_ae_alternating,GenericAE,16,3,15.693706,0.479898
ae_search_r1,BottleneckGenericAE_ld2_td5_ag0,ae_search_round1,"['Trend', 'BottleneckGenericAE']",Yearly,1,6,30,10,1,True,0,42,17.063068,4.078576,1004.102051,3782850.000000,1.035219,0.993132,3.040254,1750720,5.06,6,False,False,ReLU,MAX_EPOCHS,17.66574287,17.66574287,13.67782974,5,1.000000,False,"[""42.71379089"", ""44.21169281"", ""27.53065491"", ""23.59055710"", ""20.55950165"", ""17.66574287""]",1,trend_ae_alternating,BottleneckGenericAE,2,5,13.608069,0.318587
ae_search_r1,BottleneckGenericAE_ld2_td5_ag0,ae_search_round1,"['Trend', 'BottleneckGenericAE']",Yearly,1,6,30,10,1,True,1,43,19.893103,5.066944,1162.751709,4496572.000000,1.246161,1.253744,4.649393,1750720,5.13,6,False,False,ReLU,MAX_EPOCHS,21.13352203,21.13352203,17.28748512,5,1.000000,False,"[""30.74463654"", ""70.07640839"", ""28.02029800"", ""28.27428246"", ""25.44731331"", ""21.13352203""]",1,trend_ae_alternating,BottleneckGenericAE,2,5,18.466022,0.600626
ae_search_r1,BottleneckGenericAE_ld2_td5_ag0,ae_search_round1,"['Trend', 'BottleneckGenericAE']",Yearly,1,6,30,10,1,True,2,44,18.989655,4.856300,1120.412964,4183796.750000,1.192017,1.218435,4.415788,1750720,5.03,6,False,False,ReLU,MAX_EPOCHS,19.13688660,23.62750816,19.80211067,4,1.234658,False,"[""36.11933899"", ""41.11057663"", ""24.80902100"", ""21.97821617"", ""19.13688660"", ""23.62750816""]",1,trend_ae_alternating,BottleneckGenericAE,2,5,16.700244,0.462363
ae_search_r1,BottleneckGenericAE_ld2_td5_agF,ae_search_round1,"['Trend', 'BottleneckGenericAE']",Yearly,1,6,30,10,1,True,0,42,16.463167,3.798657,965.558167,3709108.000000,0.981646,0.888921,2.441147,1750720,5.06,6,forecast,False,ReLU,MAX_EPOCHS,18.10068703,18.10068703,14.67317963,5,1.000000,False,"[""38.79332733"", ""46.15771866"", ""26.14287186"", ""23.24011993"", ""20.84711456"", ""18.10068703""]",1,trend_ae_alternating,BottleneckGenericAE,2,5,13.969900,0.360111
ae_search_r1,BottleneckGenericAE_ld2_td5_agF,ae_search_round1,"['Trend', 'BottleneckGenericAE']",Yearly,1,6,30,10,1,True,1,43,18.042118,4.376802,1050.370728,3964629.500000,1.102697,1.062246,3.300747,1750720,5.04,6,forecast,False,ReLU,MAX_EPOCHS,18.96090317,18.96090317,14.58279228,5,1.000000,False,"[""30.81540489"", ""65.98429108"", ""26.88714218"", ""26.15868759"", ""21.64787865"", ""18.96090317""]",1,trend_ae_alternating,BottleneckGenericAE,2,5,16.033229,0.520299
ae_search_r1,BottleneckGenericAE_ld2_td5_agF,ae_search_round1,"['Trend', 'BottleneckGenericAE']",Yearly,1,6,30,10,1,True,2,44,17.869253,4.396011,1046.157837,3915140.750000,1.099824,1.018509,3.093902,1750720,5.01,6,forecast,False,ReLU,MAX_EPOCHS,19.70163345,19.70163345,14.77281284,5,1.000000,False,"[""34.89935684"", ""39.78176498"", ""26.45894623"", ""24.32799149"", ""27.87261963"", ""19.70163345""]",1,trend_ae_alternating,BottleneckGenericAE,2,5,14.712959,0.421583
ae_search_r1,BottleneckGenericAE_ld2_td10_ag0,ae_search_round1,"['Trend', 'BottleneckGenericAE']",Yearly,1,6,30,10,1,True,0,42,21.096893,5.854682,1251.540405,4721462.000000,1.382104,1.432764,6.245721,1770870,5.12,6,False,False,ReLU,MAX_EPOCHS,20.04236603,20.04236603,14.67828751,5,1.000000,False,"[""45.89492798"", ""45.04313660"", ""27.34748077"", ""23.94643211"", ""21.20394516"", ""20.04236603""]",1,trend_ae_alternating,BottleneckGenericAE,2,10,15.939987,0.347315
ae_search_r1,BottleneckGenericAE_ld2_td10_ag0,ae_search_round1,"['Trend', 'BottleneckGenericAE']",Yearly,1,6,30,10,1,True,1,43,16.275627,3.747746,955.333313,3639755.750000,0.969502,0.906873,2.670617,1770870,5.10,6,False,False,ReLU,MAX_EPOCHS,17.50608063,17.50608063,13.22344589,5,1.000000,False,"[""31.17501831"", ""43.61162186"", ""26.28119278"", ""24.13212585"", ""20.81033134"", ""17.50608063""]",1,trend_ae_alternating,BottleneckGenericAE,2,10,13.369522,0.428854
ae_search_r1,BottleneckGenericAE_ld2_td10_ag0,ae_search_round1,"['Trend', 'BottleneckGenericAE']",Yearly,1,6,30,10,1,True,2,44,18.337042,4.536716,1066.615845,4011846.000000,1.131840,1.133993,3.894441,1770870,5.07,6,False,False,ReLU,MAX_EPOCHS,19.15408134,19.15408134,14.55788612,5,1.000000,False,"[""35.16898346"", ""48.69363022"", ""26.64116669"", ""24.49193954"", ""23.11235619"", ""19.15408134""]",1,trend_ae_alternating,BottleneckGenericAE,2,10,14.722865,0.418632
ae_search_r1,BottleneckGenericAE_ld2_td10_agF,ae_search_round1,"['Trend', 'BottleneckGenericAE']",Yearly,1,6,30,10,1,True,0,42,18.993937,4.745434,1103.921143,4208155.000000,1.178199,1.172664,4.280100,1770870,5.09,6,forecast,False,ReLU,MAX_EPOCHS,19.83316422,19.83316422,15.59281635,5,1.000000,False,"[""43.15544510"", ""42.33335114"", ""26.81576347"", ""25.48803711"", ""21.76249695"", ""19.83316422""]",1,trend_ae_alternating,BottleneckGenericAE,2,10,15.509055,0.359377
ae_search_r1,BottleneckGenericAE_ld2_td10_agF,ae_search_round1,"['Trend', 'BottleneckGenericAE']",Yearly,1,6,30,10,1,True,1,43,17.001854,4.106799,996.749084,3742714.000000,1.036897,1.006097,3.211571,1770870,5.08,6,forecast,False,ReLU,MAX_EPOCHS,17.48576736,17.48576736,13.08704758,5,1.000000,False,"[""30.29443932"", ""38.59518433"", ""26.51166534"", ""25.77838898"", ""21.28990746"", ""17.48576736""]",1,trend_ae_alternating,BottleneckGenericAE,2,10,13.338109,0.440282
ae_search_r1,BottleneckGenericAE_ld2_td10_agF,ae_search_round1,"['Trend', 'BottleneckGenericAE']",Yearly,1,6,30,10,1,True,2,44,17.832413,4.313900,1045.009766,3973114.250000,1.088366,1.070261,3.586408,1770870,5.08,6,forecast,False,ReLU,MAX_EPOCHS,19.16687012,19.16687012,15.15870667,5,1.000000,False,"[""34.33359146"", ""51.74322891"", ""26.27268410"", ""24.69466591"", ""22.06019402"", ""19.16687012""]",1,trend_ae_alternating,BottleneckGenericAE,2,10,14.733623,0.429131
ae_search_r1,BottleneckGenericAE_ld8_td5_ag0,ae_search_round1,"['Trend', 'BottleneckGenericAE']",Yearly,1,6,30,10,1,True,0,42,16.946754,4.114927,1002.822754,3746883.250000,1.036234,0.979244,2.913665,1766110,5.10,6,False,False,ReLU,MAX_EPOCHS,17.70760345,17.70760345,14.13083076,5,1.000000,False,"[""45.29140091"", ""41.50896835"", ""26.58087540"", ""23.42923927"", ""20.39877129"", ""17.70760345""]",1,trend_ae_alternating,BottleneckGenericAE,8,5,13.701016,0.302508
ae_search_r1,BottleneckGenericAE_ld8_td5_ag0,ae_search_round1,"['Trend', 'BottleneckGenericAE']",Yearly,1,6,30,10,1,True,1,43,18.434698,4.590025,1078.256348,4031009.750000,1.141535,1.128367,3.754674,1766110,5.05,6,False,False,ReLU,MAX_EPOCHS,18.71967316,18.71967316,15.61566162,5,1.000000,False,"[""31.75775909"", ""59.95951462"", ""26.97729111"", ""24.89436150"", ""21.36449051"", ""18.71967316""]",1,trend_ae_alternating,BottleneckGenericAE,8,5,15.208753,0.478899
ae_search_r1,BottleneckGenericAE_ld8_td5_ag0,ae_search_round1,"['Trend', 'BottleneckGenericAE']",Yearly,1,6,30,10,1,True,2,44,16.256657,3.676639,964.569946,3729261.500000,0.959976,0.874610,2.400504,1766110,5.05,6,False,False,ReLU,MAX_EPOCHS,17.00504494,17.00504494,13.65838337,5,1.000000,False,"[""31.92753792"", ""56.73041153"", ""25.42867470"", ""23.89441299"", ""19.26339149"", ""17.00504494""]",1,trend_ae_alternating,BottleneckGenericAE,8,5,13.482053,0.422270
ae_search_r1,BottleneckGenericAE_ld8_td5_agF,ae_search_round1,"['Trend', 'BottleneckGenericAE']",Yearly,1,6,30,10,1,True,0,42,18.310434,4.614101,1079.144165,3947441.000000,1.140762,1.088602,3.259047,1766110,5.06,6,forecast,False,ReLU,MAX_EPOCHS,18.92074776,18.92074776,14.25431252,5,1.000000,False,"[""39.60924530"", ""45.00252151"", ""27.65722084"", ""23.74955177"", ""21.71669960"", ""18.92074776""]",1,trend_ae_alternating,BottleneckGenericAE,8,5,14.603092,0.368679
ae_search_r1,BottleneckGenericAE_ld8_td5_agF,ae_search_round1,"['Trend', 'BottleneckGenericAE']",Yearly,1,6,30,10,1,True,1,43,17.854733,4.230242,1041.825928,3932794.000000,1.078523,1.015716,3.149107,1766110,5.12,6,forecast,False,ReLU,MAX_EPOCHS,19.61865807,19.61865807,14.67253113,5,1.000000,False,"[""30.19208336"", ""61.23070526"", ""26.67857933"", ""25.42602539"", ""21.31295586"", ""19.61865807""]",1,trend_ae_alternating,BottleneckGenericAE,8,5,16.102613,0.533339
ae_search_r1,BottleneckGenericAE_ld8_td5_agF,ae_search_round1,"['Trend', 'BottleneckGenericAE']",Yearly,1,6,30,10,1,True,2,44,19.132631,4.968481,1142.339966,4190153.500000,1.210506,1.165263,3.666578,1766110,4.98,6,forecast,False,ReLU,MAX_EPOCHS,18.23792076,18.23792076,13.65756130,5,1.000000,False,"[""31.73604012"", ""56.26768494"", ""25.42942047"", ""23.03548050"", ""20.56277466"", ""18.23792076""]",1,trend_ae_alternating,BottleneckGenericAE,8,5,14.565888,0.458970
ae_search_r1,BottleneckGenericAE_ld8_td10_ag0,ae_search_round1,"['Trend', 'BottleneckGenericAE']",Yearly,1,6,30,10,1,True,0,42,20.279058,5.259298,1204.322266,4554498.500000,1.282172,1.341237,5.457720,1786260,5.04,6,False,False,ReLU,MAX_EPOCHS,21.08134079,21.08134079,15.19979668,5,1.000000,False,"[""46.53593063"", ""45.88824081"", ""27.88623428"", ""26.55716324"", ""23.29840851"", ""21.08134079""]",1,trend_ae_alternating,BottleneckGenericAE,8,10,16.590516,0.356510
ae_search_r1,BottleneckGenericAE_ld8_td10_ag0,ae_search_round1,"['Trend', 'BottleneckGenericAE']",Yearly,1,6,30,10,1,True,1,43,16.762280,4.121758,993.381775,3771710.750000,1.031450,1.006870,3.303355,1786260,5.09,6,False,False,ReLU,MAX_EPOCHS,17.07543373,17.07543373,13.20345688,5,1.000000,False,"[""32.46482086"", ""61.90106964"", ""26.65403175"", ""24.65616226"", ""19.99113274"", ""17.07543373""]",1,trend_ae_alternating,BottleneckGenericAE,8,10,14.045495,0.432637
ae_search_r1,BottleneckGenericAE_ld8_td10_ag0,ae_search_round1,"['Trend', 'BottleneckGenericAE']",Yearly,1,6,30,10,1,True,2,44,17.269917,4.061449,1011.374512,3844721.000000,1.039393,0.942806,2.703872,1786260,5.08,6,False,False,ReLU,MAX_EPOCHS,19.48813438,19.48813438,14.05639172,5,1.000000,False,"[""34.92913818"", ""55.91220093"", ""27.25425720"", ""24.09032249"", ""21.51282501"", ""19.48813438""]",1,trend_ae_alternating,BottleneckGenericAE,8,10,15.132067,0.433222
ae_search_r1,BottleneckGenericAE_ld8_td10_agF,ae_search_round1,"['Trend', 'BottleneckGenericAE']",Yearly,1,6,30,10,1,True,0,42,17.602064,4.120932,1033.791382,3987345.500000,1.057040,0.942850,2.694221,1786260,5.11,6,forecast,False,ReLU,MAX_EPOCHS,20.03281975,20.03281975,15.34673309,5,1.000000,False,"[""41.14559174"", ""45.02482986"", ""26.43143272"", ""25.70648575"", ""21.29327202"", ""20.03281975""]",1,trend_ae_alternating,BottleneckGenericAE,8,10,15.671251,0.380873
ae_search_r1,BottleneckGenericAE_ld8_td10_agF,ae_search_round1,"['Trend', 'BottleneckGenericAE']",Yearly,1,6,30,10,1,True,1,43,16.992313,4.053991,989.569275,3700363.000000,1.029961,0.991352,3.146766,1786260,5.12,6,forecast,False,ReLU,MAX_EPOCHS,17.96474838,17.96474838,14.44285488,5,1.000000,False,"[""32.15126801"", ""60.00902557"", ""26.82608414"", ""25.28536987"", ""20.42398262"", ""17.96474838""]",1,trend_ae_alternating,BottleneckGenericAE,8,10,14.484433,0.450509
ae_search_r1,BottleneckGenericAE_ld8_td10_agF,ae_search_round1,"['Trend', 'BottleneckGenericAE']",Yearly,1,6,30,10,1,True,2,44,17.403339,4.275979,1017.880920,3803526.500000,1.070467,1.053002,3.441397,1786260,5.10,6,forecast,False,ReLU,MAX_EPOCHS,18.25691414,18.25691414,14.60647011,5,1.000000,False,"[""33.15493393"", ""63.32293320"", ""27.46694756"", ""23.72819901"", ""20.78718185"", ""18.25691414""]",1,trend_ae_alternating,BottleneckGenericAE,8,10,14.997194,0.452337
ae_search_r1,BottleneckGenericAE_ld16_td5_ag0,ae_search_round1,"['Trend', 'BottleneckGenericAE']",Yearly,1,6,30,10,1,True,0,42,17.695429,4.108613,1042.299683,4067593.000000,1.058346,0.941663,2.654242,1786630,5.08,6,False,False,ReLU,MAX_EPOCHS,20.20437622,20.20437622,14.79770947,5,1.000000,False,"[""33.16320038"", ""52.74348831"", ""25.87356567"", ""23.78560829"", ""23.76395035"", ""20.20437622""]",1,trend_ae_alternating,BottleneckGenericAE,16,5,15.806490,0.476627
ae_search_r1,BottleneckGenericAE_ld16_td5_ag0,ae_search_round1,"['Trend', 'BottleneckGenericAE']",Yearly,1,6,30,10,1,True,1,43,16.083599,3.713413,951.499268,3597811.000000,0.959308,0.872259,2.394952,1786630,5.08,6,False,False,ReLU,MAX_EPOCHS,18.00101280,18.00101280,13.93444252,5,1.000000,False,"[""33.15955734"", ""56.90948868"", ""26.91025734"", ""23.11309814"", ""19.02596092"", ""18.00101280""]",1,trend_ae_alternating,BottleneckGenericAE,16,5,13.935613,0.420259
ae_search_r1,BottleneckGenericAE_ld16_td5_ag0,ae_search_round1,"['Trend', 'BottleneckGenericAE']",Yearly,1,6,30,10,1,True,2,44,17.566835,4.181186,1032.030273,3952321.500000,1.063543,0.980487,2.879436,1786630,5.02,6,False,False,ReLU,MAX_EPOCHS,19.65544510,19.65544510,13.97043419,5,1.000000,False,"[""34.87966919"", ""47.89213562"", ""27.02739334"", ""24.69192123"", ""22.96173859"", ""19.65544510""]",1,trend_ae_alternating,BottleneckGenericAE,16,5,15.216743,0.436264
ae_search_r1,BottleneckGenericAE_ld16_td5_agF,ae_search_round1,"['Trend', 'BottleneckGenericAE']",Yearly,1,6,30,10,1,True,0,42,17.567005,4.220860,1025.066040,3884669.750000,1.068540,0.998093,2.903325,1786630,5.13,6,forecast,False,ReLU,MAX_EPOCHS,18.77132797,18.77132797,13.90593338,5,1.000000,False,"[""31.82814407"", ""61.54620743"", ""25.83152390"", ""23.21385956"", ""22.27489471"", ""18.77132797""]",1,trend_ae_alternating,BottleneckGenericAE,16,5,15.676483,0.492535
ae_search_r1,BottleneckGenericAE_ld16_td5_agF,ae_search_round1,"['Trend', 'BottleneckGenericAE']",Yearly,1,6,30,10,1,True,1,43,18.756878,4.426609,1101.761597,4167346.500000,1.130832,0.981647,2.651722,1786630,5.08,6,forecast,False,ReLU,MAX_EPOCHS,21.82232285,21.82232285,14.21130180,5,1.000000,False,"[""32.33003235"", ""59.62971878"", ""27.27433968"", ""24.56874466"", ""22.31020546"", ""21.82232285""]",1,trend_ae_alternating,BottleneckGenericAE,16,5,17.367619,0.537198
ae_search_r1,BottleneckGenericAE_ld16_td5_agF,ae_search_round1,"['Trend', 'BottleneckGenericAE']",Yearly,1,6,30,10,1,True,2,44,18.296143,4.425450,1072.327148,4044119.250000,1.116590,0.982790,2.738971,1786630,5.11,6,forecast,False,ReLU,MAX_EPOCHS,20.45764542,20.45764542,16.43118477,5,1.000000,False,"[""34.38979340"", ""48.49892426"", ""26.43639183"", ""24.50435829"", ""22.90285301"", ""20.45764542""]",1,trend_ae_alternating,BottleneckGenericAE,16,5,15.984114,0.464792
ae_search_r1,BottleneckGenericAE_ld16_td10_ag0,ae_search_round1,"['Trend', 'BottleneckGenericAE']",Yearly,1,6,30,10,1,True,0,42,18.944628,4.672610,1101.197510,4189759.250000,1.167528,1.119222,3.635813,1806780,5.07,6,False,False,ReLU,MAX_EPOCHS,20.57550049,20.57550049,14.54368687,5,1.000000,False,"[""37.15819550"", ""55.71740341"", ""27.34030342"", ""24.54938126"", ""24.99945641"", ""20.57550049""]",1,trend_ae_alternating,BottleneckGenericAE,16,10,16.024923,0.431262
ae_search_r1,BottleneckGenericAE_ld16_td10_ag0,ae_search_round1,"['Trend', 'BottleneckGenericAE']",Yearly,1,6,30,10,1,True,1,43,19.571640,4.880808,1139.532959,4349029.500000,1.212907,1.166308,4.033921,1806780,5.13,6,False,False,ReLU,MAX_EPOCHS,21.05167198,21.05167198,14.87470436,5,1.000000,False,"[""57.39629745"", ""55.28559875"", ""27.94543839"", ""25.00290680"", ""23.36621284"", ""21.05167198""]",1,trend_ae_alternating,BottleneckGenericAE,16,10,16.918207,0.294761
ae_search_r1,BottleneckGenericAE_ld16_td10_ag0,ae_search_round1,"['Trend', 'BottleneckGenericAE']",Yearly,1,6,30,10,1,True,2,44,17.976883,4.343738,1041.208984,3937734.250000,1.096541,1.065756,3.365233,1806780,5.14,6,False,False,ReLU,MAX_EPOCHS,19.01403618,19.01403618,14.69974995,5,1.000000,False,"[""44.35636520"", ""42.82067871"", ""25.91553879"", ""23.67031860"", ""22.69617271"", ""19.01403618""]",1,trend_ae_alternating,BottleneckGenericAE,16,10,14.715673,0.331760
ae_search_r1,BottleneckGenericAE_ld16_td10_agF,ae_search_round1,"['Trend', 'BottleneckGenericAE']",Yearly,1,6,30,10,1,True,0,42,16.195505,3.696894,954.898987,3670941.500000,0.960653,0.888562,2.528276,1806780,5.08,6,forecast,False,ReLU,MAX_EPOCHS,17.09112740,17.09112740,14.11427307,5,1.000000,False,"[""36.79100418"", ""54.48034286"", ""26.63427353"", ""24.98323631"", ""20.21978188"", ""17.09112740""]",1,trend_ae_alternating,BottleneckGenericAE,16,10,12.946043,0.351881
ae_search_r1,BottleneckGenericAE_ld16_td10_agF,ae_search_round1,"['Trend', 'BottleneckGenericAE']",Yearly,1,6,30,10,1,True,1,43,21.120144,5.625986,1233.215088,4696964.000000,1.354041,1.487270,7.226806,1806780,5.10,6,forecast,False,ReLU,MAX_EPOCHS,20.92563057,20.92563057,15.54777431,5,1.000000,False,"[""48.88612366"", ""54.23945618"", ""27.48170853"", ""25.57326698"", ""23.27760887"", ""20.92563057""]",1,trend_ae_alternating,BottleneckGenericAE,16,10,16.553550,0.338614
ae_search_r1,BottleneckGenericAE_ld16_td10_agF,ae_search_round1,"['Trend', 'BottleneckGenericAE']",Yearly,1,6,30,10,1,True,2,44,18.106323,4.336295,1050.768066,4045261.250000,1.099564,1.035640,3.133205,1806780,5.09,6,forecast,False,ReLU,MAX_EPOCHS,19.71549797,19.71549797,14.29006481,5,1.000000,False,"[""41.43961716"", ""40.61400986"", ""25.66860962"", ""24.15394592"", ""24.34901810"", ""19.71549797""]",1,trend_ae_alternating,BottleneckGenericAE,16,10,14.987595,0.361673
ae_search_r1,GenericAEBackcast_ld2_td3_ag0,ae_search_round1,"['Trend', 'GenericAEBackcast']",Yearly,1,6,30,10,1,True,0,42,15.925440,3.604070,936.803040,3554643.250000,0.940711,0.848884,2.321937,5143280,5.41,6,False,False,ReLU,MAX_EPOCHS,17.87756157,20.47719955,11.98162556,4,1.145413,False,"[""39.34625244"", ""28.77803612"", ""23.87310791"", ""19.85010529"", ""17.87756157"", ""20.47719955""]",1,trend_ae_alternating,GenericAEBackcast,2,3,15.756861,0.400467
ae_search_r1,GenericAEBackcast_ld2_td3_ag0,ae_search_round1,"['Trend', 'GenericAEBackcast']",Yearly,1,6,30,10,1,True,1,43,15.229097,3.480049,903.909851,3480385.750000,0.903802,0.809349,2.212361,5143280,5.52,6,False,False,ReLU,MAX_EPOCHS,17.01707077,17.01707077,12.34033489,5,1.000000,False,"[""35.04360962"", ""29.33640289"", ""24.15019608"", ""22.19362450"", ""18.87313080"", ""17.01707077""]",1,trend_ae_alternating,GenericAEBackcast,2,3,13.056730,0.372585
ae_search_r1,GenericAEBackcast_ld2_td3_ag0,ae_search_round1,"['Trend', 'GenericAEBackcast']",Yearly,1,6,30,10,1,True,2,44,15.625936,3.626441,935.829346,3640549.750000,0.934362,0.832340,2.290883,5143280,5.51,6,False,False,ReLU,MAX_EPOCHS,18.14957047,18.14957047,12.55107117,5,1.000000,False,"[""66.48487091"", ""42.41212082"", ""24.61611748"", ""21.87716484"", ""20.20810318"", ""18.14957047""]",1,trend_ae_alternating,GenericAEBackcast,2,3,13.643206,0.205208
ae_search_r1,GenericAEBackcast_ld2_td3_agF,ae_search_round1,"['Trend', 'GenericAEBackcast']",Yearly,1,6,30,10,1,True,0,42,15.579954,3.743652,940.206848,3547940.500000,0.947703,0.856367,2.313163,5143280,5.61,6,forecast,False,ReLU,MAX_EPOCHS,16.07381821,16.07381821,12.49424362,5,1.000000,False,"[""38.43561935"", ""26.25558662"", ""24.83077431"", ""20.83834457"", ""16.79166603"", ""16.07381821""]",1,trend_ae_alternating,GenericAEBackcast,2,3,12.107754,0.315014
ae_search_r1,GenericAEBackcast_ld2_td3_agF,ae_search_round1,"['Trend', 'GenericAEBackcast']",Yearly,1,6,30,10,1,True,1,43,16.256937,4.017279,989.185364,3699231.250000,1.002843,0.929742,2.648805,5143280,5.51,6,forecast,False,ReLU,MAX_EPOCHS,16.60698891,16.60698891,12.12566376,5,1.000000,False,"[""41.22979355"", ""26.92632294"", ""25.01313400"", ""20.97038078"", ""18.55241585"", ""16.60698891""]",1,trend_ae_alternating,GenericAEBackcast,2,3,12.818940,0.310914
ae_search_r1,GenericAEBackcast_ld2_td3_agF,ae_search_round1,"['Trend', 'GenericAEBackcast']",Yearly,1,6,30,10,1,True,2,44,16.717968,4.257162,1045.261719,3910385.500000,1.047130,0.936928,2.496628,5143280,5.52,6,forecast,False,ReLU,MAX_EPOCHS,16.16959190,16.16959190,11.97839832,5,1.000000,False,"[""39.79411316"", ""25.97511864"", ""23.09911919"", ""19.31213760"", ""16.47778511"", ""16.16959190""]",1,trend_ae_alternating,GenericAEBackcast,2,3,12.685862,0.318787
ae_search_r1,GenericAEBackcast_ld8_td3_ag0,ae_search_round1,"['Trend', 'GenericAEBackcast']",Yearly,1,6,30,10,1,True,0,42,15.205905,3.546745,909.296326,3456540.500000,0.911484,0.831108,2.302416,5197310,5.50,6,False,False,ReLU,MAX_EPOCHS,17.00811577,17.00811577,12.93719673,5,1.000000,False,"[""33.24937439"", ""26.19592857"", ""24.82853889"", ""21.60773277"", ""18.18211746"", ""17.00811577""]",1,trend_ae_alternating,GenericAEBackcast,8,3,12.920875,0.388605
ae_search_r1,GenericAEBackcast_ld8_td3_ag0,ae_search_round1,"['Trend', 'GenericAEBackcast']",Yearly,1,6,30,10,1,True,1,43,15.467264,3.594834,926.087891,3510759.000000,0.925531,0.830290,2.247953,5197310,5.51,6,False,False,ReLU,MAX_EPOCHS,17.19862556,17.19862556,14.20145512,5,1.000000,False,"[""41.29590225"", ""27.63171768"", ""24.12386322"", ""21.19297791"", ""18.08614349"", ""17.19862556""]",1,trend_ae_alternating,GenericAEBackcast,8,3,13.655974,0.330686
ae_search_r1,GenericAEBackcast_ld8_td3_ag0,ae_search_round1,"['Trend', 'GenericAEBackcast']",Yearly,1,6,30,10,1,True,2,44,15.242089,3.551159,925.905640,3590889.500000,0.913146,0.835540,2.324944,5197310,5.52,6,False,False,ReLU,MAX_EPOCHS,16.43922615,16.43922615,12.61488628,5,1.000000,False,"[""37.10233688"", ""26.33131218"", ""24.86585045"", ""21.73667336"", ""18.57936287"", ""16.43922615""]",1,trend_ae_alternating,GenericAEBackcast,8,3,12.234959,0.329762
ae_search_r1,GenericAEBackcast_ld8_td3_agF,ae_search_round1,"['Trend', 'GenericAEBackcast']",Yearly,1,6,30,10,1,True,0,42,17.296238,4.367049,1026.402832,3834160.750000,1.078649,1.098385,3.867458,5197310,5.48,6,forecast,False,ReLU,MAX_EPOCHS,18.20013618,18.20013618,14.39183521,5,1.000000,False,"[""36.54763412"", ""26.40559769"", ""28.27511597"", ""26.30221939"", ""19.68867111"", ""18.20013618""]",1,trend_ae_alternating,GenericAEBackcast,8,3,13.005034,0.355838
ae_search_r1,GenericAEBackcast_ld8_td3_agF,ae_search_round1,"['Trend', 'GenericAEBackcast']",Yearly,1,6,30,10,1,True,1,43,16.859655,4.100276,998.595947,3754859.750000,1.031726,0.972424,2.905864,5197310,5.48,6,forecast,False,ReLU,MAX_EPOCHS,18.22796822,18.22796822,13.93398190,5,1.000000,False,"[""43.13592148"", ""27.70162582"", ""26.07472229"", ""23.78077507"", ""20.26540947"", ""18.22796822""]",1,trend_ae_alternating,GenericAEBackcast,8,3,14.170191,0.328501
ae_search_r1,GenericAEBackcast_ld8_td3_agF,ae_search_round1,"['Trend', 'GenericAEBackcast']",Yearly,1,6,30,10,1,True,2,44,16.006735,3.780524,958.950989,3681904.500000,0.965400,0.880374,2.547389,5197310,5.53,6,forecast,False,ReLU,MAX_EPOCHS,18.12336159,18.12336159,13.23284340,5,1.000000,False,"[""36.46841049"", ""26.79170609"", ""26.37997055"", ""24.15677261"", ""23.92140579"", ""18.12336159""]",1,trend_ae_alternating,GenericAEBackcast,8,3,13.714385,0.376062
ae_search_r1,GenericAEBackcast_ld16_td3_ag0,ae_search_round1,"['Trend', 'GenericAEBackcast']",Yearly,1,6,30,10,1,True,0,42,17.380983,4.537844,1059.731812,3974963.000000,1.102730,1.016974,3.000201,5269350,5.56,6,False,False,ReLU,MAX_EPOCHS,17.48379135,17.48379135,15.87198257,5,1.000000,False,"[""41.79819489"", ""28.45096207"", ""26.73855782"", ""21.95290565"", ""20.24905968"", ""17.48379135""]",1,trend_ae_alternating,GenericAEBackcast,16,3,13.245060,0.316881
ae_search_r1,GenericAEBackcast_ld16_td3_ag0,ae_search_round1,"['Trend', 'GenericAEBackcast']",Yearly,1,6,30,10,1,True,1,43,16.779379,4.192039,1055.074463,4140665.750000,1.040815,0.929223,2.490746,5269350,5.60,6,False,False,ReLU,MAX_EPOCHS,16.56560516,16.56560516,12.96661186,5,1.000000,False,"[""42.47671890"", ""28.40412521"", ""25.32947350"", ""20.52699471"", ""18.47331619"", ""16.56560516""]",1,trend_ae_alternating,GenericAEBackcast,16,3,12.899401,0.303682
ae_search_r1,GenericAEBackcast_ld16_td3_ag0,ae_search_round1,"['Trend', 'GenericAEBackcast']",Yearly,1,6,30,10,1,True,2,44,19.953182,5.097698,1188.381470,4598227.000000,1.251869,1.056706,2.922870,5269350,5.49,6,False,False,ReLU,MAX_EPOCHS,22.52276039,22.52276039,16.39788055,5,1.000000,False,"[""37.65180588"", ""31.56693840"", ""26.59549522"", ""24.58458710"", ""30.42424965"", ""22.52276039""]",1,trend_ae_alternating,GenericAEBackcast,16,3,18.341622,0.487138
ae_search_r1,GenericAEBackcast_ld16_td3_agF,ae_search_round1,"['Trend', 'GenericAEBackcast']",Yearly,1,6,30,10,1,True,0,42,17.056746,4.211299,1033.118896,3824701.000000,1.051725,0.941356,2.547985,5269350,5.61,6,forecast,False,ReLU,MAX_EPOCHS,17.11414146,17.11414146,13.46131897,5,1.000000,False,"[""45.95487595"", ""29.41102791"", ""26.10705376"", ""22.34675217"", ""19.03825760"", ""17.11414146""]",1,trend_ae_alternating,GenericAEBackcast,16,3,13.260823,0.288562
ae_search_r1,GenericAEBackcast_ld16_td3_agF,ae_search_round1,"['Trend', 'GenericAEBackcast']",Yearly,1,6,30,10,1,True,1,43,17.862957,4.278120,1060.766724,4080842.750000,1.084799,0.969289,2.730592,5269350,5.49,6,forecast,False,ReLU,MAX_EPOCHS,20.69301224,20.69301224,14.41747952,5,1.000000,False,"[""42.32099152"", ""28.34804916"", ""25.88713837"", ""22.17058182"", ""23.39015961"", ""20.69301224""]",1,trend_ae_alternating,GenericAEBackcast,16,3,17.430260,0.411858
ae_search_r1,GenericAEBackcast_ld16_td3_agF,ae_search_round1,"['Trend', 'GenericAEBackcast']",Yearly,1,6,30,10,1,True,2,44,21.117929,5.300955,1245.993286,4974043.500000,1.313079,1.136511,3.375654,5269350,5.37,6,forecast,False,ReLU,MAX_EPOCHS,23.79691124,24.50730133,14.45582104,3,1.029852,False,"[""32.81502151"", ""27.06648636"", ""25.63355255"", ""23.79691124"", ""26.54875755"", ""24.50730133""]",1,trend_ae_alternating,GenericAEBackcast,16,3,23.031268,0.701851
ae_search_r1,AutoEncoderAE_ld2_td5_ag0,ae_search_round1,"['Trend', 'AutoEncoderAE']",Yearly,1,6,30,10,1,True,0,42,17.233309,4.098379,1000.753174,3780384.250000,1.042920,1.013014,3.176964,1872880,5.21,6,False,False,ReLU,MAX_EPOCHS,18.44264603,18.44264603,14.24911499,5,1.000000,False,"[""36.50918198"", ""68.64289093"", ""26.84121513"", ""23.92846489"", ""21.73372650"", ""18.44264603""]",1,trend_ae_alternating,AutoEncoderAE,2,5,15.341427,0.420207
ae_search_r1,AutoEncoderAE_ld2_td5_ag0,ae_search_round1,"['Trend', 'AutoEncoderAE']",Yearly,1,6,30,10,1,True,1,43,18.178009,4.438277,1062.443848,4001434.500000,1.114589,1.098633,3.595248,1872880,5.14,6,False,False,ReLU,MAX_EPOCHS,18.76520348,18.76520348,14.00721645,5,1.000000,False,"[""30.09149170"", ""71.83359528"", ""26.99249458"", ""25.52477646"", ""22.86630630"", ""18.76520348""]",1,trend_ae_alternating,AutoEncoderAE,2,5,16.717597,0.555559
ae_search_r1,AutoEncoderAE_ld2_td5_ag0,ae_search_round1,"['Trend', 'AutoEncoderAE']",Yearly,1,6,30,10,1,True,2,44,16.405878,3.768079,966.901672,3698803.500000,0.976046,0.882800,2.384374,1872880,5.15,6,False,False,ReLU,MAX_EPOCHS,17.46046448,17.46046448,14.76241779,5,1.000000,False,"[""34.88061142"", ""43.30978012"", ""24.52727509"", ""27.47234154"", ""19.66627121"", ""17.46046448""]",1,trend_ae_alternating,AutoEncoderAE,2,5,13.089091,0.375254
ae_search_r1,AutoEncoderAE_ld2_td10_ag0,ae_search_round1,"['Trend', 'AutoEncoderAE']",Yearly,1,6,30,10,1,True,0,42,17.631067,4.290097,1029.296631,3835690.250000,1.079211,1.012506,3.018499,1917730,5.19,6,False,False,ReLU,MAX_EPOCHS,17.75767708,17.75767708,14.79654598,5,1.000000,False,"[""41.74337387"", ""47.24926758"", ""25.46065712"", ""22.46319580"", ""19.69732666"", ""17.75767708""]",1,trend_ae_alternating,AutoEncoderAE,2,10,13.996123,0.335290
ae_search_r1,AutoEncoderAE_ld2_td10_ag0,ae_search_round1,"['Trend', 'AutoEncoderAE']",Yearly,1,6,30,10,1,True,1,43,19.223530,4.833255,1121.289307,4246781.500000,1.196273,1.242732,4.711039,1917730,5.24,6,False,False,ReLU,MAX_EPOCHS,20.10489845,21.19121933,14.00942230,4,1.054033,False,"[""35.89791870"", ""52.53955841"", ""26.64692879"", ""24.08858681"", ""20.10489845"", ""21.19121933""]",1,trend_ae_alternating,AutoEncoderAE,2,10,16.538326,0.460704
ae_search_r1,AutoEncoderAE_ld2_td10_ag0,ae_search_round1,"['Trend', 'AutoEncoderAE']",Yearly,1,6,30,10,1,True,2,44,18.946720,4.688384,1108.371460,4227436.500000,1.169576,1.159200,4.205446,1917730,5.24,6,False,False,ReLU,MAX_EPOCHS,20.45884705,20.45884705,14.99858665,5,1.000000,False,"[""61.22877121"", ""56.99986267"", ""26.62382126"", ""25.92822838"", ""23.92359734"", ""20.45884705""]",1,trend_ae_alternating,AutoEncoderAE,2,10,16.239806,0.265232
ae_search_r1,AutoEncoderAE_ld8_td5_ag0,ae_search_round1,"['Trend', 'AutoEncoderAE']",Yearly,1,6,30,10,1,True,0,42,17.705490,4.224180,1032.789062,3938616.750000,1.073195,0.986112,2.832882,1888270,5.15,6,False,False,ReLU,MAX_EPOCHS,19.57002258,19.57002258,15.04005241,5,1.000000,False,"[""38.32498932"", ""45.02436829"", ""26.21269608"", ""28.06929970"", ""21.19016075"", ""19.57002258""]",1,trend_ae_alternating,AutoEncoderAE,8,5,15.008087,0.391601
ae_search_r1,AutoEncoderAE_ld8_td5_ag0,ae_search_round1,"['Trend', 'AutoEncoderAE']",Yearly,1,6,30,10,1,True,1,43,17.404318,4.111644,1011.197327,3825979.250000,1.049821,0.972399,2.878876,1888270,5.11,6,False,False,ReLU,MAX_EPOCHS,19.02552414,19.02552414,14.73815250,5,1.000000,False,"[""33.39682388"", ""52.85832214"", ""27.10772896"", ""24.39267159"", ""21.48457527"", ""19.02552414""]",1,trend_ae_alternating,AutoEncoderAE,8,5,14.684110,0.439686
ae_search_r1,AutoEncoderAE_ld8_td5_ag0,ae_search_round1,"['Trend', 'AutoEncoderAE']",Yearly,1,6,30,10,1,True,2,44,16.799166,3.895983,984.375671,3691761.750000,1.004172,0.900352,2.502394,1888270,5.13,6,False,False,ReLU,MAX_EPOCHS,18.78759384,18.78759384,14.91670322,5,1.000000,False,"[""32.62547684"", ""52.40913010"", ""26.95645142"", ""24.87475204"", ""20.24789810"", ""18.78759384""]",1,trend_ae_alternating,AutoEncoderAE,8,5,14.401094,0.441406
ae_search_r1,AutoEncoderAE_ld8_td10_ag0,ae_search_round1,"['Trend', 'AutoEncoderAE']",Yearly,1,6,30,10,1,True,0,42,18.680521,4.542528,1089.144653,4198625.000000,1.143080,1.103968,3.556730,1933120,5.21,6,False,False,ReLU,MAX_EPOCHS,20.58206940,20.58206940,16.05623055,5,1.000000,False,"[""41.75968552"", ""44.56398392"", ""27.32505417"", ""24.22336197"", ""25.07194901"", ""20.58206940""]",1,trend_ae_alternating,AutoEncoderAE,8,10,15.765665,0.377533
ae_search_r1,AutoEncoderAE_ld8_td10_ag0,ae_search_round1,"['Trend', 'AutoEncoderAE']",Yearly,1,6,30,10,1,True,1,43,17.583292,4.246135,1020.784241,3833439.250000,1.072218,1.066447,3.587570,1933120,5.18,6,False,False,ReLU,MAX_EPOCHS,18.41437340,18.41437340,14.58180428,5,1.000000,False,"[""34.75225449"", ""60.26650620"", ""27.99589729"", ""26.14477539"", ""21.82371140"", ""18.41437340""]",1,trend_ae_alternating,AutoEncoderAE,8,10,14.533404,0.418200
ae_search_r1,AutoEncoderAE_ld8_td10_ag0,ae_search_round1,"['Trend', 'AutoEncoderAE']",Yearly,1,6,30,10,1,True,2,44,20.205093,5.013610,1191.682739,4518186.000000,1.248997,1.035405,2.734543,1933120,5.19,6,False,False,ReLU,MAX_EPOCHS,22.84159851,22.84159851,16.60312653,5,1.000000,False,"[""57.61415100"", ""57.05665588"", ""27.07980919"", ""24.04489708"", ""23.72625732"", ""22.84159851""]",1,trend_ae_alternating,AutoEncoderAE,8,10,18.220205,0.316245
ae_search_r1,AutoEncoderAE_ld16_td5_ag0,ae_search_round1,"['Trend', 'AutoEncoderAE']",Yearly,1,6,30,10,1,True,0,42,19.218637,5.012394,1122.013428,4114042.250000,1.218662,1.189959,3.927672,1908790,5.16,6,False,False,ReLU,MAX_EPOCHS,19.53471947,19.53471947,14.16638756,5,1.000000,False,"[""34.66645050"", ""49.54946899"", ""26.18101311"", ""26.81399536"", ""22.06141090"", ""19.53471947""]",1,trend_ae_alternating,AutoEncoderAE,16,5,14.904373,0.429937
ae_search_r1,AutoEncoderAE_ld16_td5_ag0,ae_search_round1,"['Trend', 'AutoEncoderAE']",Yearly,1,6,30,10,1,True,1,43,18.184793,4.493403,1053.971191,3951252.000000,1.121732,1.118406,3.804523,1908790,5.28,6,False,False,ReLU,MAX_EPOCHS,18.70068741,18.70068741,14.50108719,5,1.000000,False,"[""32.40595627"", ""68.70318604"", ""27.71709442"", ""26.52122879"", ""22.14232635"", ""18.70068741""]",1,trend_ae_alternating,AutoEncoderAE,16,5,15.971101,0.492845
ae_search_r1,AutoEncoderAE_ld16_td5_ag0,ae_search_round1,"['Trend', 'AutoEncoderAE']",Yearly,1,6,30,10,1,True,2,44,16.793320,3.962139,980.814392,3696837.500000,1.012316,0.936227,2.677995,1908790,5.27,6,False,False,ReLU,MAX_EPOCHS,18.50481606,18.50481606,15.33595943,5,1.000000,False,"[""40.70288086"", ""42.01057434"", ""26.75708771"", ""24.09256172"", ""20.70864105"", ""18.50481606""]",1,trend_ae_alternating,AutoEncoderAE,16,5,14.328568,0.352028
ae_search_r1,AutoEncoderAE_ld16_td10_ag0,ae_search_round1,"['Trend', 'AutoEncoderAE']",Yearly,1,6,30,10,1,True,0,42,18.268806,4.359489,1060.143921,4032784.250000,1.107454,1.031206,3.138894,1953640,5.21,6,False,False,ReLU,MAX_EPOCHS,20.10521507,20.10521507,14.50984192,5,1.000000,False,"[""36.36840439"", ""49.25687408"", ""27.78726959"", ""24.81727219"", ""22.79626274"", ""20.10521507""]",1,trend_ae_alternating,AutoEncoderAE,16,10,15.631691,0.429815
ae_search_r1,AutoEncoderAE_ld16_td10_ag0,ae_search_round1,"['Trend', 'AutoEncoderAE']",Yearly,1,6,30,10,1,True,1,43,18.149345,4.257660,1058.719971,3998592.500000,1.090987,0.988458,2.876705,1953640,5.41,6,False,False,ReLU,MAX_EPOCHS,20.12803650,20.12803650,15.52974606,5,1.000000,False,"[""49.69741440"", ""57.25128174"", ""27.11747551"", ""24.81411171"", ""21.33125305"", ""20.12803650""]",1,trend_ae_alternating,AutoEncoderAE,16,10,15.899776,0.319932
ae_search_r1,AutoEncoderAE_ld16_td10_ag0,ae_search_round1,"['Trend', 'AutoEncoderAE']",Yearly,1,6,30,10,1,True,2,44,21.626978,5.886521,1279.303711,4789979.000000,1.402328,1.507419,6.693249,1953640,5.43,6,False,False,ReLU,MAX_EPOCHS,21.88051224,21.88051224,15.18161869,5,1.000000,False,"[""39.62928009"", ""51.48282242"", ""28.35638237"", ""25.85978317"", ""23.50553894"", ""21.88051224""]",1,trend_ae_alternating,AutoEncoderAE,16,10,17.186498,0.433682
ae_search_r1,GenericAEBackcastAE_ld2_td5_ag0,ae_search_round1,"['Trend', 'GenericAEBackcastAE']",Yearly,1,6,30,10,1,True,0,42,17.947651,4.331502,1056.133545,4000864.500000,1.094107,0.947374,2.562983,1862800,5.33,6,False,False,ReLU,MAX_EPOCHS,20.09533501,20.09533501,15.29682922,5,1.000000,False,"[""40.56737137"", ""41.89664078"", ""25.86089897"", ""23.38894272"", ""23.34704018"", ""20.09533501""]",1,trend_ae_alternating,GenericAEBackcastAE,2,5,15.675229,0.386400
ae_search_r1,GenericAEBackcastAE_ld2_td5_ag0,ae_search_round1,"['Trend', 'GenericAEBackcastAE']",Yearly,1,6,30,10,1,True,1,43,16.379055,3.755270,962.162537,3659004.500000,0.973614,0.886560,2.419649,1862800,5.27,6,False,False,ReLU,MAX_EPOCHS,17.86314774,17.86314774,14.64240074,5,1.000000,False,"[""35.33506393"", ""46.78780365"", ""25.73436165"", ""24.44647789"", ""20.38706017"", ""17.86314774""]",1,trend_ae_alternating,GenericAEBackcastAE,2,5,13.722027,0.388340
ae_search_r1,GenericAEBackcastAE_ld2_td5_ag0,ae_search_round1,"['Trend', 'GenericAEBackcastAE']",Yearly,1,6,30,10,1,True,2,44,16.598673,3.804819,975.914551,3741724.250000,0.986567,0.919221,2.622373,1862800,5.32,6,False,False,ReLU,MAX_EPOCHS,18.00406647,18.00406647,13.75181484,5,1.000000,False,"[""30.67704964"", ""56.10483170"", ""26.46734428"", ""24.18428612"", ""20.47816467"", ""18.00406647""]",1,trend_ae_alternating,GenericAEBackcastAE,2,5,14.413261,0.469839
ae_search_r1,GenericAEBackcastAE_ld2_td5_agF,ae_search_round1,"['Trend', 'GenericAEBackcastAE']",Yearly,1,6,30,10,1,True,0,42,17.397461,4.038645,1023.031738,3987915.000000,1.040426,0.920233,2.550195,1862800,5.14,6,forecast,False,ReLU,MAX_EPOCHS,19.82877541,19.82877541,14.23270893,5,1.000000,False,"[""36.73613358"", ""49.90967941"", ""26.37732697"", ""23.13142204"", ""24.99251175"", ""19.82877541""]",1,trend_ae_alternating,GenericAEBackcastAE,2,5,15.266172,0.415563
ae_search_r1,GenericAEBackcastAE_ld2_td5_agF,ae_search_round1,"['Trend', 'GenericAEBackcastAE']",Yearly,1,6,30,10,1,True,1,43,16.339560,3.762666,957.870728,3665425.500000,0.973336,0.877587,2.383722,1862800,5.22,6,forecast,False,ReLU,MAX_EPOCHS,17.77360153,17.77360153,14.89741325,5,1.000000,False,"[""34.78201675"", ""45.85951996"", ""25.12475014"", ""23.60814095"", ""19.76140213"", ""17.77360153""]",1,trend_ae_alternating,GenericAEBackcastAE,2,5,13.748271,0.395270
ae_search_r1,GenericAEBackcastAE_ld2_td5_agF,ae_search_round1,"['Trend', 'GenericAEBackcastAE']",Yearly,1,6,30,10,1,True,2,44,17.443237,4.159469,1012.628723,3855058.750000,1.057029,1.028411,3.277276,1862800,5.13,6,forecast,False,ReLU,MAX_EPOCHS,18.50106812,18.50106812,14.44762039,5,1.000000,False,"[""31.01073456"", ""51.93303680"", ""25.81845474"", ""24.48260689"", ""21.93862915"", ""18.50106812""]",1,trend_ae_alternating,GenericAEBackcastAE,2,5,14.460021,0.466291
ae_search_r1,GenericAEBackcastAE_ld2_td10_ag0,ae_search_round1,"['Trend', 'GenericAEBackcastAE']",Yearly,1,6,30,10,1,True,0,42,18.140789,4.387823,1053.961548,3970413.500000,1.107102,1.095164,3.780524,1907825,5.26,6,False,False,ReLU,MAX_EPOCHS,19.38135910,19.38135910,14.43258953,5,1.000000,False,"[""37.90244293"", ""44.78959274"", ""26.55130768"", ""24.47101974"", ""22.93436432"", ""19.38135910""]",1,trend_ae_alternating,GenericAEBackcastAE,2,10,14.867580,0.392259
ae_search_r1,GenericAEBackcastAE_ld2_td10_ag0,ae_search_round1,"['Trend', 'GenericAEBackcastAE']",Yearly,1,6,30,10,1,True,1,43,17.447611,4.125713,1018.991333,3883349.000000,1.052916,0.985530,2.986843,1907825,5.27,6,False,False,ReLU,MAX_EPOCHS,19.01759148,19.01759148,14.79755211,5,1.000000,False,"[""32.75338745"", ""61.83330536"", ""28.49826431"", ""27.64757156"", ""24.06317902"", ""19.01759148""]",1,trend_ae_alternating,GenericAEBackcastAE,2,10,15.578475,0.475629
ae_search_r1,GenericAEBackcastAE_ld2_td10_ag0,ae_search_round1,"['Trend', 'GenericAEBackcastAE']",Yearly,1,6,30,10,1,True,2,44,19.974072,5.154052,1170.865356,4476705.000000,1.259598,1.338600,5.594760,1907825,5.20,6,False,False,ReLU,MAX_EPOCHS,20.93294907,20.93294907,15.76233768,5,1.000000,False,"[""60.80849838"", ""50.28599548"", ""26.28416634"", ""25.37038612"", ""22.75079536"", ""20.93294907""]",1,trend_ae_alternating,GenericAEBackcastAE,2,10,16.509336,0.271497
ae_search_r1,GenericAEBackcastAE_ld2_td10_agF,ae_search_round1,"['Trend', 'GenericAEBackcastAE']",Yearly,1,6,30,10,1,True,0,42,18.567924,4.536134,1081.524780,4140497.000000,1.138831,1.163050,4.403155,1907825,5.16,6,forecast,False,ReLU,MAX_EPOCHS,19.48818207,19.50342178,18.47604752,4,1.000782,False,"[""36.05230331"", ""44.74036407"", ""26.30580902"", ""23.66467857"", ""19.48818207"", ""19.50342178""]",1,trend_ae_alternating,GenericAEBackcastAE,2,10,15.276740,0.423738
ae_search_r1,GenericAEBackcastAE_ld2_td10_agF,ae_search_round1,"['Trend', 'GenericAEBackcastAE']",Yearly,1,6,30,10,1,True,1,43,17.835867,4.336358,1034.069336,3871906.250000,1.091297,1.071047,3.404015,1907825,5.24,6,forecast,False,ReLU,MAX_EPOCHS,18.42839432,18.42839432,14.30138016,5,1.000000,False,"[""32.72247696"", ""63.23122406"", ""28.40249252"", ""27.25983620"", ""23.36742973"", ""18.42839432""]",1,trend_ae_alternating,GenericAEBackcastAE,2,10,15.280133,0.466961
ae_search_r1,GenericAEBackcastAE_ld2_td10_agF,ae_search_round1,"['Trend', 'GenericAEBackcastAE']",Yearly,1,6,30,10,1,True,2,44,22.852205,6.007711,1338.361084,5392449.000000,1.455063,1.475740,6.351552,1907825,5.12,6,forecast,False,ReLU,MAX_EPOCHS,24.33723831,24.44167709,16.36279678,4,1.004291,False,"[""60.10789490"", ""51.18048859"", ""26.51725197"", ""26.85687828"", ""24.33723831"", ""24.44167709""]",1,trend_ae_alternating,GenericAEBackcastAE,2,10,18.849123,0.313588
ae_search_r1,GenericAEBackcastAE_ld8_td5_ag0,ae_search_round1,"['Trend', 'GenericAEBackcastAE']",Yearly,1,6,30,10,1,True,0,42,17.947651,4.331502,1056.133545,4000864.500000,1.094107,0.947374,2.562983,1862800,5.18,6,False,False,ReLU,MAX_EPOCHS,20.09533501,20.09533501,15.29682922,5,1.000000,False,"[""40.56737137"", ""41.89664078"", ""25.86089897"", ""23.38894272"", ""23.34704018"", ""20.09533501""]",1,trend_ae_alternating,GenericAEBackcastAE,8,5,15.675229,0.386400
ae_search_r1,GenericAEBackcastAE_ld8_td5_ag0,ae_search_round1,"['Trend', 'GenericAEBackcastAE']",Yearly,1,6,30,10,1,True,1,43,16.379055,3.755270,962.162537,3659004.500000,0.973614,0.886560,2.419649,1862800,5.19,6,False,False,ReLU,MAX_EPOCHS,17.86314774,17.86314774,14.64240074,5,1.000000,False,"[""35.33506393"", ""46.78780365"", ""25.73436165"", ""24.44647789"", ""20.38706017"", ""17.86314774""]",1,trend_ae_alternating,GenericAEBackcastAE,8,5,13.722027,0.388340
ae_search_r1,GenericAEBackcastAE_ld8_td5_ag0,ae_search_round1,"['Trend', 'GenericAEBackcastAE']",Yearly,1,6,30,10,1,True,2,44,16.598673,3.804819,975.914551,3741724.250000,0.986567,0.919221,2.622373,1862800,5.11,6,False,False,ReLU,MAX_EPOCHS,18.00406647,18.00406647,13.75181484,5,1.000000,False,"[""30.67704964"", ""56.10483170"", ""26.46734428"", ""24.18428612"", ""20.47816467"", ""18.00406647""]",1,trend_ae_alternating,GenericAEBackcastAE,8,5,14.413261,0.469839
ae_search_r1,GenericAEBackcastAE_ld8_td5_agF,ae_search_round1,"['Trend', 'GenericAEBackcastAE']",Yearly,1,6,30,10,1,True,0,42,17.397461,4.038645,1023.031738,3987915.000000,1.040426,0.920233,2.550195,1862800,5.13,6,forecast,False,ReLU,MAX_EPOCHS,19.82877541,19.82877541,14.23270893,5,1.000000,False,"[""36.73613358"", ""49.90967941"", ""26.37732697"", ""23.13142204"", ""24.99251175"", ""19.82877541""]",1,trend_ae_alternating,GenericAEBackcastAE,8,5,15.266172,0.415563
ae_search_r1,GenericAEBackcastAE_ld8_td5_agF,ae_search_round1,"['Trend', 'GenericAEBackcastAE']",Yearly,1,6,30,10,1,True,1,43,16.339560,3.762666,957.870728,3665425.500000,0.973336,0.877587,2.383722,1862800,5.17,6,forecast,False,ReLU,MAX_EPOCHS,17.77360153,17.77360153,14.89741325,5,1.000000,False,"[""34.78201675"", ""45.85951996"", ""25.12475014"", ""23.60814095"", ""19.76140213"", ""17.77360153""]",1,trend_ae_alternating,GenericAEBackcastAE,8,5,13.748271,0.395270
ae_search_r1,GenericAEBackcastAE_ld8_td5_agF,ae_search_round1,"['Trend', 'GenericAEBackcastAE']",Yearly,1,6,30,10,1,True,2,44,17.443237,4.159469,1012.628723,3855058.750000,1.057029,1.028411,3.277276,1862800,5.17,6,forecast,False,ReLU,MAX_EPOCHS,18.50106812,18.50106812,14.44762039,5,1.000000,False,"[""31.01073456"", ""51.93303680"", ""25.81845474"", ""24.48260689"", ""21.93862915"", ""18.50106812""]",1,trend_ae_alternating,GenericAEBackcastAE,8,5,14.460021,0.466291
ae_search_r1,GenericAEBackcastAE_ld8_td10_ag0,ae_search_round1,"['Trend', 'GenericAEBackcastAE']",Yearly,1,6,30,10,1,True,0,42,18.140789,4.387823,1053.961548,3970413.500000,1.107102,1.095164,3.780524,1907825,5.26,6,False,False,ReLU,MAX_EPOCHS,19.38135910,19.38135910,14.43258953,5,1.000000,False,"[""37.90244293"", ""44.78959274"", ""26.55130768"", ""24.47101974"", ""22.93436432"", ""19.38135910""]",1,trend_ae_alternating,GenericAEBackcastAE,8,10,14.867580,0.392259
ae_search_r1,GenericAEBackcastAE_ld8_td10_ag0,ae_search_round1,"['Trend', 'GenericAEBackcastAE']",Yearly,1,6,30,10,1,True,1,43,17.447611,4.125713,1018.991333,3883349.000000,1.052916,0.985530,2.986843,1907825,5.26,6,False,False,ReLU,MAX_EPOCHS,19.01759148,19.01759148,14.79755211,5,1.000000,False,"[""32.75338745"", ""61.83330536"", ""28.49826431"", ""27.64757156"", ""24.06317902"", ""19.01759148""]",1,trend_ae_alternating,GenericAEBackcastAE,8,10,15.578475,0.475629
ae_search_r1,GenericAEBackcastAE_ld8_td10_ag0,ae_search_round1,"['Trend', 'GenericAEBackcastAE']",Yearly,1,6,30,10,1,True,2,44,19.974072,5.154052,1170.865356,4476705.000000,1.259598,1.338600,5.594760,1907825,5.27,6,False,False,ReLU,MAX_EPOCHS,20.93294907,20.93294907,15.76233768,5,1.000000,False,"[""60.80849838"", ""50.28599548"", ""26.28416634"", ""25.37038612"", ""22.75079536"", ""20.93294907""]",1,trend_ae_alternating,GenericAEBackcastAE,8,10,16.509336,0.271497
ae_search_r1,GenericAEBackcastAE_ld8_td10_agF,ae_search_round1,"['Trend', 'GenericAEBackcastAE']",Yearly,1,6,30,10,1,True,0,42,18.567924,4.536134,1081.524780,4140497.000000,1.138831,1.163050,4.403155,1907825,5.17,6,forecast,False,ReLU,MAX_EPOCHS,19.48818207,19.50342178,18.47604752,4,1.000782,False,"[""36.05230331"", ""44.74036407"", ""26.30580902"", ""23.66467857"", ""19.48818207"", ""19.50342178""]",1,trend_ae_alternating,GenericAEBackcastAE,8,10,15.276740,0.423738
ae_search_r1,GenericAEBackcastAE_ld8_td10_agF,ae_search_round1,"['Trend', 'GenericAEBackcastAE']",Yearly,1,6,30,10,1,True,1,43,17.835867,4.336358,1034.069336,3871906.250000,1.091297,1.071047,3.404015,1907825,5.24,6,forecast,False,ReLU,MAX_EPOCHS,18.42839432,18.42839432,14.30138016,5,1.000000,False,"[""32.72247696"", ""63.23122406"", ""28.40249252"", ""27.25983620"", ""23.36742973"", ""18.42839432""]",1,trend_ae_alternating,GenericAEBackcastAE,8,10,15.280133,0.466961
ae_search_r1,GenericAEBackcastAE_ld8_td10_agF,ae_search_round1,"['Trend', 'GenericAEBackcastAE']",Yearly,1,6,30,10,1,True,2,44,22.852205,6.007711,1338.361084,5392449.000000,1.455063,1.475740,6.351552,1907825,5.19,6,forecast,False,ReLU,MAX_EPOCHS,24.33723831,24.44167709,16.36279678,4,1.004291,False,"[""60.10789490"", ""51.18048859"", ""26.51725197"", ""26.85687828"", ""24.33723831"", ""24.44167709""]",1,trend_ae_alternating,GenericAEBackcastAE,8,10,18.849123,0.313588
ae_search_r1,GenericAEBackcastAE_ld16_td5_ag0,ae_search_round1,"['Trend', 'GenericAEBackcastAE']",Yearly,1,6,30,10,1,True,0,42,17.947651,4.331502,1056.133545,4000864.500000,1.094107,0.947374,2.562983,1862800,5.23,6,False,False,ReLU,MAX_EPOCHS,20.09533501,20.09533501,15.29682922,5,1.000000,False,"[""40.56737137"", ""41.89664078"", ""25.86089897"", ""23.38894272"", ""23.34704018"", ""20.09533501""]",1,trend_ae_alternating,GenericAEBackcastAE,16,5,15.675229,0.386400
ae_search_r1,GenericAEBackcastAE_ld16_td5_ag0,ae_search_round1,"['Trend', 'GenericAEBackcastAE']",Yearly,1,6,30,10,1,True,1,43,16.379055,3.755270,962.162537,3659004.500000,0.973614,0.886560,2.419649,1862800,5.17,6,False,False,ReLU,MAX_EPOCHS,17.86314774,17.86314774,14.64240074,5,1.000000,False,"[""35.33506393"", ""46.78780365"", ""25.73436165"", ""24.44647789"", ""20.38706017"", ""17.86314774""]",1,trend_ae_alternating,GenericAEBackcastAE,16,5,13.722027,0.388340
ae_search_r1,GenericAEBackcastAE_ld16_td5_ag0,ae_search_round1,"['Trend', 'GenericAEBackcastAE']",Yearly,1,6,30,10,1,True,2,44,16.598673,3.804819,975.914551,3741724.250000,0.986567,0.919221,2.622373,1862800,5.19,6,False,False,ReLU,MAX_EPOCHS,18.00406647,18.00406647,13.75181484,5,1.000000,False,"[""30.67704964"", ""56.10483170"", ""26.46734428"", ""24.18428612"", ""20.47816467"", ""18.00406647""]",1,trend_ae_alternating,GenericAEBackcastAE,16,5,14.413261,0.469839
ae_search_r1,GenericAEBackcastAE_ld16_td5_agF,ae_search_round1,"['Trend', 'GenericAEBackcastAE']",Yearly,1,6,30,10,1,True,0,42,17.397461,4.038645,1023.031738,3987915.000000,1.040426,0.920233,2.550195,1862800,5.14,6,forecast,False,ReLU,MAX_EPOCHS,19.82877541,19.82877541,14.23270893,5,1.000000,False,"[""36.73613358"", ""49.90967941"", ""26.37732697"", ""23.13142204"", ""24.99251175"", ""19.82877541""]",1,trend_ae_alternating,GenericAEBackcastAE,16,5,15.266172,0.415563
ae_search_r1,GenericAEBackcastAE_ld16_td5_agF,ae_search_round1,"['Trend', 'GenericAEBackcastAE']",Yearly,1,6,30,10,1,True,1,43,16.339560,3.762666,957.870728,3665425.500000,0.973336,0.877587,2.383722,1862800,5.18,6,forecast,False,ReLU,MAX_EPOCHS,17.77360153,17.77360153,14.89741325,5,1.000000,False,"[""34.78201675"", ""45.85951996"", ""25.12475014"", ""23.60814095"", ""19.76140213"", ""17.77360153""]",1,trend_ae_alternating,GenericAEBackcastAE,16,5,13.748271,0.395270
ae_search_r1,GenericAEBackcastAE_ld16_td5_agF,ae_search_round1,"['Trend', 'GenericAEBackcastAE']",Yearly,1,6,30,10,1,True,2,44,17.443237,4.159469,1012.628723,3855058.750000,1.057029,1.028411,3.277276,1862800,5.14,6,forecast,False,ReLU,MAX_EPOCHS,18.50106812,18.50106812,14.44762039,5,1.000000,False,"[""31.01073456"", ""51.93303680"", ""25.81845474"", ""24.48260689"", ""21.93862915"", ""18.50106812""]",1,trend_ae_alternating,GenericAEBackcastAE,16,5,14.460021,0.466291
ae_search_r1,GenericAEBackcastAE_ld16_td10_ag0,ae_search_round1,"['Trend', 'GenericAEBackcastAE']",Yearly,1,6,30,10,1,True,0,42,18.140789,4.387823,1053.961548,3970413.500000,1.107102,1.095164,3.780524,1907825,5.17,6,False,False,ReLU,MAX_EPOCHS,19.38135910,19.38135910,14.43258953,5,1.000000,False,"[""37.90244293"", ""44.78959274"", ""26.55130768"", ""24.47101974"", ""22.93436432"", ""19.38135910""]",1,trend_ae_alternating,GenericAEBackcastAE,16,10,14.867580,0.392259
ae_search_r1,GenericAEBackcastAE_ld16_td10_ag0,ae_search_round1,"['Trend', 'GenericAEBackcastAE']",Yearly,1,6,30,10,1,True,1,43,17.447611,4.125713,1018.991333,3883349.000000,1.052916,0.985530,2.986843,1907825,5.25,6,False,False,ReLU,MAX_EPOCHS,19.01759148,19.01759148,14.79755211,5,1.000000,False,"[""32.75338745"", ""61.83330536"", ""28.49826431"", ""27.64757156"", ""24.06317902"", ""19.01759148""]",1,trend_ae_alternating,GenericAEBackcastAE,16,10,15.578475,0.475629
ae_search_r1,GenericAEBackcastAE_ld16_td10_ag0,ae_search_round1,"['Trend', 'GenericAEBackcastAE']",Yearly,1,6,30,10,1,True,2,44,19.974072,5.154052,1170.865356,4476705.000000,1.259598,1.338600,5.594760,1907825,5.26,6,False,False,ReLU,MAX_EPOCHS,20.93294907,20.93294907,15.76233768,5,1.000000,False,"[""60.80849838"", ""50.28599548"", ""26.28416634"", ""25.37038612"", ""22.75079536"", ""20.93294907""]",1,trend_ae_alternating,GenericAEBackcastAE,16,10,16.509336,0.271497
ae_search_r1,GenericAEBackcastAE_ld16_td10_agF,ae_search_round1,"['Trend', 'GenericAEBackcastAE']",Yearly,1,6,30,10,1,True,0,42,18.567924,4.536134,1081.524780,4140497.000000,1.138831,1.163050,4.403155,1907825,5.14,6,forecast,False,ReLU,MAX_EPOCHS,19.48818207,19.50342178,18.47604752,4,1.000782,False,"[""36.05230331"", ""44.74036407"", ""26.30580902"", ""23.66467857"", ""19.48818207"", ""19.50342178""]",1,trend_ae_alternating,GenericAEBackcastAE,16,10,15.276740,0.423738
ae_search_r1,GenericAEBackcastAE_ld16_td10_agF,ae_search_round1,"['Trend', 'GenericAEBackcastAE']",Yearly,1,6,30,10,1,True,1,43,17.835867,4.336358,1034.069336,3871906.250000,1.091297,1.071047,3.404015,1907825,5.19,6,forecast,False,ReLU,MAX_EPOCHS,18.42839432,18.42839432,14.30138016,5,1.000000,False,"[""32.72247696"", ""63.23122406"", ""28.40249252"", ""27.25983620"", ""23.36742973"", ""18.42839432""]",1,trend_ae_alternating,GenericAEBackcastAE,16,10,15.280133,0.466961
ae_search_r1,GenericAEBackcastAE_ld16_td10_agF,ae_search_round1,"['Trend', 'GenericAEBackcastAE']",Yearly,1,6,30,10,1,True,2,44,22.852205,6.007711,1338.361084,5392449.000000,1.455063,1.475740,6.351552,1907825,5.18,6,forecast,False,ReLU,MAX_EPOCHS,24.33723831,24.44167709,16.36279678,4,1.004291,False,"[""60.10789490"", ""51.18048859"", ""26.51725197"", ""26.85687828"", ""24.33723831"", ""24.44167709""]",1,trend_ae_alternating,GenericAEBackcastAE,16,10,18.849123,0.313588
ae_search_r2,AutoEncoder_ld2_td3_ag0,ae_search_round2,"['Trend', 'AutoEncoder']",Yearly,1,6,30,10,1,True,0,42,14.157167,3.246155,853.046631,3272206.750000,0.841577,0.766004,2.089713,5161160,10.40,15,False,False,ReLU,MAX_EPOCHS,15.53282166,15.65323925,11.49534607,12,1.007752,False,"[""34.17088318"", ""36.03058243"", ""24.57512474"", ""22.10525322"", ""18.40726471"", ""16.10688972"", ""17.85853577"", ""18.33076286"", ""17.67230988"", ""17.97707558"", ""19.79488373"", ""16.51972961"", ""15.53282166"", ""16.29050064"", ""15.65323925""]",2,trend_ae_alternating,AutoEncoder,2,3,,
ae_search_r2,AutoEncoder_ld2_td3_ag0,ae_search_round2,"['Trend', 'AutoEncoder']",Yearly,1,6,30,10,1,True,1,43,13.621405,3.104631,828.983643,3204183.750000,0.807379,0.732052,1.953019,5161160,11.10,15,False,False,ReLU,MAX_EPOCHS,14.44566345,14.44566345,10.84841156,14,1.000000,False,"[""38.35817719"", ""26.33854675"", ""23.32010269"", ""18.93601418"", ""16.58080292"", ""15.70119476"", ""16.56846046"", ""14.94914627"", ""14.92800236"", ""14.53437233"", ""16.81524849"", ""16.11806107"", ""15.16154385"", ""14.69569397"", ""14.44566345""]",2,trend_ae_alternating,AutoEncoder,2,3,,
ae_search_r2,AutoEncoder_ld2_td3_ag0,ae_search_round2,"['Trend', 'AutoEncoder']",Yearly,1,6,30,10,1,True,2,44,14.221612,3.366430,871.398743,3342842.250000,0.858682,0.778189,2.064990,5161160,11.08,15,False,False,ReLU,MAX_EPOCHS,14.44882774,14.44882774,11.13695240,14,1.000000,False,"[""29.30140686"", ""39.73084259"", ""24.32149506"", ""21.50488853"", ""18.14588737"", ""16.67687988"", ""16.05228996"", ""15.50536919"", ""15.79446030"", ""16.55744743"", ""15.21236324"", ""15.65525723"", ""14.56730270"", ""14.88864899"", ""14.44882774""]",2,trend_ae_alternating,AutoEncoder,2,3,,
ae_search_r2,GenericAE_ld2_td3_ag0,ae_search_round2,"['Trend', 'GenericAE']",Yearly,1,6,30,10,1,True,0,42,15.291929,3.714333,950.148560,3635506.500000,0.935201,0.841445,2.242548,1826585,10.35,15,False,False,ReLU,MAX_EPOCHS,14.70904064,14.91654778,10.40028477,12,1.014107,False,"[""31.50024796"", ""39.13824463"", ""23.56741333"", ""21.34847260"", ""18.27426338"", ""16.34571457"", ""16.67915726"", ""16.50983620"", ""16.93161964"", ""16.16580963"", ""16.05183601"", ""15.05212784"", ""14.70904064"", ""16.03103065"", ""14.91654778""]",2,trend_ae_alternating,GenericAE,2,3,,
ae_search_r2,GenericAE_ld2_td3_ag0,ae_search_round2,"['Trend', 'GenericAE']",Yearly,1,6,30,10,1,True,1,43,14.327780,3.311247,875.819336,3368745.750000,0.854987,0.769894,2.049554,1826585,10.32,15,False,False,ReLU,MAX_EPOCHS,14.47284794,15.18543434,10.49006844,13,1.049236,False,"[""32.49561691"", ""38.62911606"", ""23.46295166"", ""21.48789978"", ""18.53383636"", ""16.71625900"", ""17.90562439"", ""15.73745346"", ""15.80662537"", ""16.02305412"", ""16.39855576"", ""14.91638756"", ""14.65558720"", ""14.47284794"", ""15.18543434""]",2,trend_ae_alternating,GenericAE,2,3,,
ae_search_r2,GenericAE_ld2_td3_ag0,ae_search_round2,"['Trend', 'GenericAE']",Yearly,1,6,30,10,1,True,2,44,13.974065,3.226226,850.996460,3272029.250000,0.833467,0.761176,2.089575,1826585,10.50,15,False,False,ReLU,MAX_EPOCHS,14.51747322,14.51747322,10.70586109,14,1.000000,False,"[""36.63544846"", ""45.44080353"", ""27.82661057"", ""24.48726082"", ""23.31708336"", ""19.77470016"", ""17.87216949"", ""16.60476685"", ""16.10436058"", ""15.49915314"", ""16.41735458"", ""15.53011513"", ""15.11804485"", ""15.24343109"", ""14.51747322""]",2,trend_ae_alternating,GenericAE,2,3,,
ae_search_r2,GenericAE_ld2_td3_agF,ae_search_round2,"['Trend', 'GenericAE']",Yearly,1,6,30,10,1,True,0,42,14.381896,3.386043,880.468384,3361661.000000,0.866053,0.789316,2.138983,1826585,10.35,15,forecast,False,ReLU,MAX_EPOCHS,14.65768433,14.65768433,11.20622158,14,1.000000,False,"[""31.49445343"", ""33.05126953"", ""24.05170441"", ""23.15114212"", ""18.72879601"", ""16.61760139"", ""17.92743683"", ""16.21548843"", ""16.45304298"", ""15.08763313"", ""17.20617104"", ""16.21423721"", ""16.36508369"", ""14.77739525"", ""14.65768433""]",2,trend_ae_alternating,GenericAE,2,3,,
ae_search_r2,GenericAE_ld2_td3_agF,ae_search_round2,"['Trend', 'GenericAE']",Yearly,1,6,30,10,1,True,1,43,13.974089,3.254194,854.425903,3274669.250000,0.836987,0.759867,2.046506,1826585,10.45,15,forecast,False,ReLU,MAX_EPOCHS,14.21639156,14.43871975,10.78881264,13,1.015639,False,"[""31.49130630"", ""36.74582672"", ""23.46567345"", ""20.45785141"", ""16.92050171"", ""16.52280617"", ""17.09566307"", ""15.77125168"", ""16.79943275"", ""15.35774899"", ""15.30004597"", ""15.70379448"", ""14.26013565"", ""14.21639156"", ""14.43871975""]",2,trend_ae_alternating,GenericAE,2,3,,
ae_search_r2,GenericAE_ld2_td3_agF,ae_search_round2,"['Trend', 'GenericAE']",Yearly,1,6,30,10,1,True,2,44,15.095639,3.681728,920.211914,3464444.000000,0.925093,0.871596,2.468455,1826585,10.49,15,forecast,False,ReLU,MAX_EPOCHS,15.34720230,15.53321171,11.17843437,13,1.012120,False,"[""38.05515671"", ""41.14913177"", ""26.95730782"", ""25.96583748"", ""22.68975449"", ""20.22390938"", ""18.52634239"", ""17.36602974"", ""16.75329018"", ""15.98309898"", ""15.50545883"", ""15.85856533"", ""17.40366173"", ""15.34720230"", ""15.53321171""]",2,trend_ae_alternating,GenericAE,2,3,,
ae_search_r2,GenericAE_ld8_td3_ag0,ae_search_round2,"['Trend', 'GenericAE']",Yearly,1,6,30,10,1,True,0,42,14.607111,3.439676,884.198608,3332964.500000,0.879692,0.794199,2.096384,1841975,10.55,15,False,False,ReLU,MAX_EPOCHS,14.53160191,14.53160191,10.56605816,14,1.000000,False,"[""31.44510269"", ""40.81594467"", ""24.84320641"", ""22.36997414"", ""18.65582275"", ""16.28435326"", ""18.89940071"", ""15.51524734"", ""15.45536709"", ""15.42699051"", ""15.34964275"", ""14.91500282"", ""14.73416138"", ""14.99630833"", ""14.53160191""]",2,trend_ae_alternating,GenericAE,8,3,,
ae_search_r2,GenericAE_ld8_td3_ag0,ae_search_round2,"['Trend', 'GenericAE']",Yearly,1,6,30,10,1,True,1,43,16.026087,3.975278,965.930603,3554211.000000,0.990495,0.925776,2.667700,1841975,10.44,15,False,False,ReLU,MAX_EPOCHS,15.89916611,16.25563431,10.45727921,8,1.022421,False,"[""35.81243896"", ""42.81213379"", ""26.74340248"", ""24.47955704"", ""19.96459579"", ""17.30821037"", ""16.25455856"", ""16.15571594"", ""15.89916611"", ""17.68742943"", ""17.43553543"", ""16.96568108"", ""17.16405869"", ""17.16049385"", ""16.25563431""]",2,trend_ae_alternating,GenericAE,8,3,,
ae_search_r2,GenericAE_ld8_td3_ag0,ae_search_round2,"['Trend', 'GenericAE']",Yearly,1,6,30,10,1,True,2,44,14.615795,3.541820,895.215759,3350366.250000,0.892809,0.806494,2.141599,1841975,10.45,15,False,False,ReLU,MAX_EPOCHS,14.68106937,14.68106937,10.75585365,14,1.000000,False,"[""32.14623642"", ""45.83626556"", ""25.74619102"", ""23.93748856"", ""18.92641258"", ""16.69099426"", ""17.18581963"", ""16.59891891"", ""19.95377541"", ""17.82099152"", ""16.57499886"", ""15.32401180"", ""15.36608124"", ""16.56073570"", ""14.68106937""]",2,trend_ae_alternating,GenericAE,8,3,,
ae_search_r2,GenericAE_ld8_td3_agF,ae_search_round2,"['Trend', 'GenericAE']",Yearly,1,6,30,10,1,True,0,42,14.453055,3.350725,874.762695,3324107.750000,0.863787,0.780802,2.107912,1841975,10.37,15,forecast,False,ReLU,MAX_EPOCHS,14.94865894,19.83658600,11.64457989,11,1.326981,False,"[""30.59650612"", ""41.90815353"", ""24.93345070"", ""21.64291382"", ""19.06548882"", ""18.25469017"", ""16.03239632"", ""19.81108475"", ""16.82756996"", ""17.06951904"", ""15.10651398"", ""14.94865894"", ""15.59923458"", ""16.64379120"", ""19.83658600""]",2,trend_ae_alternating,GenericAE,8,3,,
ae_search_r2,GenericAE_ld8_td3_agF,ae_search_round2,"['Trend', 'GenericAE']",Yearly,1,6,30,10,1,True,1,43,14.562370,3.406127,890.086853,3381407.750000,0.874102,0.774921,2.012865,1841975,10.56,15,forecast,False,ReLU,MAX_EPOCHS,14.59850693,14.59850693,11.00470734,14,1.000000,False,"[""32.12689590"", ""44.17572403"", ""25.30191612"", ""21.99946213"", ""18.74529648"", ""18.37528419"", ""17.29513359"", ""16.57292366"", ""18.53010178"", ""16.71484184"", ""17.18482780"", ""15.15481567"", ""14.90640354"", ""14.68701649"", ""14.59850693""]",2,trend_ae_alternating,GenericAE,8,3,,
ae_search_r2,GenericAE_ld8_td3_agF,ae_search_round2,"['Trend', 'GenericAE']",Yearly,1,6,30,10,1,True,2,44,14.988454,3.652870,937.227600,3661785.500000,0.918183,0.836844,2.265636,1841975,10.45,15,forecast,False,ReLU,MAX_EPOCHS,15.18915653,15.41577435,10.91283226,13,1.014920,False,"[""31.15039444"", ""46.00962448"", ""25.69433212"", ""23.25902939"", ""19.57966614"", ""17.51416588"", ""16.75044823"", ""18.76518822"", ""15.84792900"", ""16.46052170"", ""15.95130730"", ""18.09289742"", ""15.79076385"", ""15.18915653"", ""15.41577435""]",2,trend_ae_alternating,GenericAE,8,3,,
ae_search_r2,BottleneckGenericAE_ld8_td5_ag0,ae_search_round2,"['Trend', 'BottleneckGenericAE']",Yearly,1,6,30,10,1,True,0,42,14.778889,3.511574,908.524231,3465138.000000,0.893994,0.808242,2.160716,1766110,10.67,15,False,False,ReLU,MAX_EPOCHS,15.16809654,15.16809654,11.42231274,14,1.000000,False,"[""45.29140091"", ""41.50896835"", ""26.58087540"", ""23.42923927"", ""20.39877129"", ""17.70760345"", ""16.67853737"", ""17.95073509"", ""16.53512192"", ""16.34009743"", ""15.83704472"", ""15.88772392"", ""15.43342209"", ""15.25336170"", ""15.16809654""]",2,trend_ae_alternating,BottleneckGenericAE,8,5,,
ae_search_r2,BottleneckGenericAE_ld8_td5_ag0,ae_search_round2,"['Trend', 'BottleneckGenericAE']",Yearly,1,6,30,10,1,True,1,43,14.117810,3.243372,855.436768,3276497.000000,0.840023,0.762259,2.076574,1766110,10.53,15,False,False,ReLU,MAX_EPOCHS,14.84854984,15.76580334,10.55377579,13,1.061774,False,"[""31.75775909"", ""59.95951462"", ""26.97729111"", ""24.89436150"", ""21.36449051"", ""18.71967316"", ""19.49354172"", ""15.88753128"", ""16.18942833"", ""16.07102203"", ""16.28882599"", ""15.27898502"", ""15.66367626"", ""14.84854984"", ""15.76580334""]",2,trend_ae_alternating,BottleneckGenericAE,8,5,,
ae_search_r2,BottleneckGenericAE_ld8_td5_ag0,ae_search_round2,"['Trend', 'BottleneckGenericAE']",Yearly,1,6,30,10,1,True,2,44,15.319962,3.752615,944.305847,3577835.000000,0.940876,0.861424,2.386821,1766110,10.54,15,False,False,ReLU,MAX_EPOCHS,14.88157845,14.88157845,11.66983891,14,1.000000,False,"[""31.92753792"", ""56.73041153"", ""25.42867470"", ""23.89441299"", ""19.26339149"", ""17.00504494"", ""17.82647514"", ""15.68830585"", ""21.93098640"", ""16.00473022"", ""16.26907539"", ""16.31278038"", ""15.44784355"", ""16.26285934"", ""14.88157845""]",2,trend_ae_alternating,BottleneckGenericAE,8,5,,
ae_search_r2,GenericAEBackcast_ld2_td3_ag0,ae_search_round2,"['Trend', 'GenericAEBackcast']",Yearly,1,6,30,10,1,True,0,42,14.556970,3.447276,892.521606,3399237.000000,0.879114,0.800147,2.143631,5143280,11.31,15,False,False,ReLU,MAX_EPOCHS,15.03820133,16.27754021,11.42989731,13,1.082413,False,"[""39.34625244"", ""28.77803612"", ""23.87310791"", ""19.85010529"", ""17.87756157"", ""20.47719955"", ""16.64071465"", ""15.98089504"", ""19.63856888"", ""18.46477890"", ""15.62270641"", ""18.62446404"", ""16.01042175"", ""15.03820133"", ""16.27754021""]",2,trend_ae_alternating,GenericAEBackcast,2,3,,
ae_search_r2,GenericAEBackcast_ld2_td3_ag0,ae_search_round2,"['Trend', 'GenericAEBackcast']",Yearly,1,6,30,10,1,True,1,43,15.132061,3.731844,934.268127,3503785.000000,0.932513,0.846907,2.236007,5143280,11.44,15,False,False,ReLU,MAX_EPOCHS,14.95952320,16.52610970,10.37191105,13,1.104722,False,"[""35.04360962"", ""29.33640289"", ""24.15019608"", ""22.19362450"", ""18.87313080"", ""17.01707077"", ""16.09662247"", ""17.93747902"", ""16.77690125"", ""16.71630669"", ""17.51420593"", ""15.89244175"", ""17.84447861"", ""14.95952320"", ""16.52610970""]",2,trend_ae_alternating,GenericAEBackcast,2,3,,
ae_search_r2,GenericAEBackcast_ld2_td3_ag0,ae_search_round2,"['Trend', 'GenericAEBackcast']",Yearly,1,6,30,10,1,True,2,44,14.076620,3.234418,853.845520,3278483.000000,0.837636,0.757993,2.032067,5143280,11.60,15,False,False,ReLU,MAX_EPOCHS,14.36637783,14.54407883,10.36958027,13,1.012369,False,"[""66.48487091"", ""42.41212082"", ""24.61611748"", ""21.87716484"", ""20.20810318"", ""18.14957047"", ""15.76136112"", ""15.76982784"", ""15.64169693"", ""15.08330727"", ""15.67575645"", ""14.97512531"", ""14.61883450"", ""14.36637783"", ""14.54407883""]",2,trend_ae_alternating,GenericAEBackcast,2,3,,
ae_search_r2,GenericAEBackcast_ld2_td3_agF,ae_search_round2,"['Trend', 'GenericAEBackcast']",Yearly,1,6,30,10,1,True,0,42,14.433042,3.330986,869.345154,3296001.000000,0.860691,0.778326,2.115800,5143280,11.31,15,forecast,False,ReLU,MAX_EPOCHS,14.83540726,15.41130257,10.62147045,10,1.038819,False,"[""38.43561935"", ""26.25558662"", ""24.83077431"", ""20.83834457"", ""16.79166603"", ""16.07381821"", ""16.37554550"", ""15.47496510"", ""15.64704895"", ""15.68371201"", ""14.83540726"", ""15.88896084"", ""16.67066002"", ""18.29174232"", ""15.41130257""]",2,trend_ae_alternating,GenericAEBackcast,2,3,,
ae_search_r2,GenericAEBackcast_ld2_td3_agF,ae_search_round2,"['Trend', 'GenericAEBackcast']",Yearly,1,6,30,10,1,True,1,43,14.556524,3.375225,883.744324,3388071.250000,0.870035,0.787527,2.107249,5143280,11.31,15,forecast,False,ReLU,MAX_EPOCHS,14.88547993,14.97036171,10.77636909,8,1.005702,False,"[""41.22979355"", ""26.92632294"", ""25.01313400"", ""20.97038078"", ""18.55241585"", ""16.60698891"", ""16.14615250"", ""16.64464760"", ""14.88547993"", ""14.93293762"", ""15.63233471"", ""15.61893845"", ""15.78592777"", ""16.02015305"", ""14.97036171""]",2,trend_ae_alternating,GenericAEBackcast,2,3,,
ae_search_r2,GenericAEBackcast_ld2_td3_agF,ae_search_round2,"['Trend', 'GenericAEBackcast']",Yearly,1,6,30,10,1,True,2,44,13.996930,3.242521,858.389771,3320934.250000,0.836217,0.749289,1.972531,5143280,11.87,15,forecast,False,ReLU,MAX_EPOCHS,14.23890114,14.23890114,11.30887985,14,1.000000,False,"[""39.79411316"", ""25.97511864"", ""23.09911919"", ""19.31213760"", ""16.47778511"", ""16.16959190"", ""20.54694366"", ""15.98902416"", ""16.62285614"", ""14.98693848"", ""14.83181000"", ""14.91326046"", ""14.87250233"", ""14.48168468"", ""14.23890114""]",2,trend_ae_alternating,GenericAEBackcast,2,3,,
ae_search_r2,GenericAEBackcast_ld8_td3_ag0,ae_search_round2,"['Trend', 'GenericAEBackcast']",Yearly,1,6,30,10,1,True,0,42,14.084993,3.292213,855.280518,3290973.500000,0.845164,0.769270,2.101621,5197310,11.73,15,False,False,ReLU,MAX_EPOCHS,15.00245953,15.00245953,10.98058987,14,1.000000,False,"[""33.24937439"", ""26.19592857"", ""24.82853889"", ""21.60773277"", ""18.18211746"", ""17.00811577"", ""15.81610870"", ""15.36277866"", ""17.62214851"", ""15.54341888"", ""15.69602203"", ""16.60821533"", ""18.83164024"", ""15.29866123"", ""15.00245953""]",2,trend_ae_alternating,GenericAEBackcast,8,3,,
ae_search_r2,GenericAEBackcast_ld8_td3_ag0,ae_search_round2,"['Trend', 'GenericAEBackcast']",Yearly,1,6,30,10,1,True,1,43,14.839474,3.567944,896.968994,3342642.750000,0.902940,0.826204,2.226259,5197310,11.60,15,False,False,ReLU,MAX_EPOCHS,14.84037209,14.85989380,10.54936790,12,1.001315,False,"[""41.29590225"", ""27.63171768"", ""24.12386322"", ""21.19297791"", ""18.08614349"", ""17.19862556"", ""15.58825397"", ""19.72615051"", ""15.24531651"", ""15.98240662"", ""16.47248650"", ""15.47047043"", ""14.84037209"", ""17.41933250"", ""14.85989380""]",2,trend_ae_alternating,GenericAEBackcast,8,3,,
ae_search_r2,GenericAEBackcast_ld8_td3_ag0,ae_search_round2,"['Trend', 'GenericAEBackcast']",Yearly,1,6,30,10,1,True,2,44,14.208998,3.280892,864.944458,3303251.250000,0.847533,0.766029,2.054686,5197310,11.60,15,False,False,ReLU,MAX_EPOCHS,15.03215599,15.50712109,12.76292992,11,1.031597,False,"[""37.10233688"", ""26.33131218"", ""24.86585045"", ""21.73667336"", ""18.57936287"", ""16.43922615"", ""16.34006882"", ""16.00791168"", ""15.73949337"", ""15.99822235"", ""15.31734943"", ""15.03215599"", ""16.27322006"", ""15.14526463"", ""15.50712109""]",2,trend_ae_alternating,GenericAEBackcast,8,3,,
ae_search_r2,GenericAEBackcast_ld8_td3_agF,ae_search_round2,"['Trend', 'GenericAEBackcast']",Yearly,1,6,30,10,1,True,0,42,13.934326,3.195377,846.726929,3276776.250000,0.828370,0.755419,2.046701,5197310,11.72,15,forecast,False,ReLU,MAX_EPOCHS,14.83296490,14.93193436,10.39692116,13,1.006672,False,"[""36.54763412"", ""26.40559769"", ""28.27511597"", ""26.30221939"", ""19.68867111"", ""18.20013618"", ""16.91063499"", ""17.13212395"", ""17.53351402"", ""15.19758320"", ""14.97682476"", ""15.16852474"", ""15.46104527"", ""14.83296490"", ""14.93193436""]",2,trend_ae_alternating,GenericAEBackcast,8,3,,
ae_search_r2,GenericAEBackcast_ld8_td3_agF,ae_search_round2,"['Trend', 'GenericAEBackcast']",Yearly,1,6,30,10,1,True,1,43,14.276735,3.300027,863.070374,3270909.750000,0.852013,0.774171,2.116534,5197310,11.93,15,forecast,False,ReLU,MAX_EPOCHS,14.97952461,15.72565174,11.27622509,13,1.049810,False,"[""43.13592148"", ""27.70162582"", ""26.07472229"", ""23.78077507"", ""20.26540947"", ""18.22796822"", ""17.56803894"", ""22.30754089"", ""16.34385681"", ""16.30488396"", ""15.86854458"", ""15.54490185"", ""15.14923954"", ""14.97952461"", ""15.72565174""]",2,trend_ae_alternating,GenericAEBackcast,8,3,,
ae_search_r2,GenericAEBackcast_ld8_td3_agF,ae_search_round2,"['Trend', 'GenericAEBackcast']",Yearly,1,6,30,10,1,True,2,44,15.560408,3.906547,954.649719,3539278.000000,0.967600,0.918491,2.600744,5197310,11.65,15,forecast,False,ReLU,MAX_EPOCHS,15.32639694,15.32639694,11.82341576,14,1.000000,False,"[""36.46841049"", ""26.79170609"", ""26.37997055"", ""24.15677261"", ""23.92140579"", ""18.12336159"", ""16.31959343"", ""15.68343639"", ""19.42162514"", ""15.34041882"", ""15.81779099"", ""15.53133869"", ""15.45083809"", ""16.20052338"", ""15.32639694""]",2,trend_ae_alternating,GenericAEBackcast,8,3,,
ae_search_r2,GenericAEBackcast_ld16_td3_ag0,ae_search_round2,"['Trend', 'GenericAEBackcast']",Yearly,1,6,30,10,1,True,0,42,16.920765,4.394988,1049.298340,3854610.000000,1.070676,0.967414,2.515583,5269350,11.60,15,False,False,ReLU,MAX_EPOCHS,16.31474876,17.36159134,11.59122181,13,1.064165,False,"[""41.79819489"", ""28.45096207"", ""26.73855782"", ""21.95290565"", ""20.24905968"", ""17.48379135"", ""21.32673454"", ""18.79372787"", ""20.95465279"", ""17.63928795"", ""16.61011124"", ""17.45289803"", ""19.30889702"", ""16.31474876"", ""17.36159134""]",2,trend_ae_alternating,GenericAEBackcast,16,3,,
ae_search_r2,GenericAEBackcast_ld16_td3_ag0,ae_search_round2,"['Trend', 'GenericAEBackcast']",Yearly,1,6,30,10,1,True,1,43,15.379784,3.756570,935.497925,3479192.500000,0.943204,0.859085,2.282279,5269350,11.81,15,False,False,ReLU,MAX_EPOCHS,14.93410492,15.55061245,10.83350658,12,1.041282,False,"[""42.47671890"", ""28.40412521"", ""25.32947350"", ""20.52699471"", ""18.47331619"", ""16.56560516"", ""24.52888298"", ""17.02455902"", ""17.64402008"", ""17.51701927"", ""16.34198952"", ""15.55604362"", ""14.93410492"", ""15.63479519"", ""15.55061245""]",2,trend_ae_alternating,GenericAEBackcast,16,3,,
ae_search_r2,GenericAEBackcast_ld16_td3_ag0,ae_search_round2,"['Trend', 'GenericAEBackcast']",Yearly,1,6,30,10,1,True,2,44,15.018553,3.517758,907.147217,3452685.000000,0.902104,0.813444,2.191514,5269350,11.87,15,False,False,ReLU,MAX_EPOCHS,15.48447037,17.95484352,13.63506794,12,1.159539,False,"[""37.65180588"", ""31.56693840"", ""26.59549522"", ""24.58458710"", ""30.42424965"", ""22.52276039"", ""19.49161911"", ""18.59545326"", ""17.83139038"", ""18.70578003"", ""16.81215096"", ""15.95663548"", ""15.48447037"", ""15.71205425"", ""17.95484352""]",2,trend_ae_alternating,GenericAEBackcast,16,3,,
ae_search_r2,GenericAEBackcastAE_ld2_td5_ag0,ae_search_round2,"['Trend', 'GenericAEBackcastAE']",Yearly,1,6,30,10,1,True,0,42,14.557216,3.325446,879.258667,3355228.250000,0.863793,0.779057,2.087688,1862800,10.92,15,False,False,ReLU,MAX_EPOCHS,15.12655163,17.37533569,14.04002762,10,1.148665,False,"[""40.56737137"", ""41.89664078"", ""25.86089897"", ""23.38894272"", ""23.34704018"", ""20.09533501"", ""19.73200607"", ""19.99806786"", ""16.19576454"", ""15.73955441"", ""15.12655163"", ""16.40781212"", ""15.72483158"", ""16.10173225"", ""17.37533569""]",2,trend_ae_alternating,GenericAEBackcastAE,2,5,,
ae_search_r2,GenericAEBackcastAE_ld2_td5_ag0,ae_search_round2,"['Trend', 'GenericAEBackcastAE']",Yearly,1,6,30,10,1,True,1,43,14.379902,3.315890,866.202942,3321230.750000,0.857166,0.781409,2.125190,1862800,10.95,15,False,False,ReLU,MAX_EPOCHS,15.32688999,15.32688999,10.97514248,14,1.000000,False,"[""35.33506393"", ""46.78780365"", ""25.73436165"", ""24.44647789"", ""20.38706017"", ""17.86314774"", ""16.76154709"", ""16.06997108"", ""20.19760132"", ""21.08336258"", ""16.23539162"", ""17.64827728"", ""15.69041538"", ""16.04270172"", ""15.32688999""]",2,trend_ae_alternating,GenericAEBackcastAE,2,5,,
ae_search_r2,GenericAEBackcastAE_ld2_td5_ag0,ae_search_round2,"['Trend', 'GenericAEBackcastAE']",Yearly,1,6,30,10,1,True,2,44,14.574692,3.441562,883.717407,3318193.000000,0.878937,0.799407,2.123909,1862800,11.06,15,False,False,ReLU,MAX_EPOCHS,14.99400425,14.99400425,11.25718689,14,1.000000,False,"[""30.67704964"", ""56.10483170"", ""26.46734428"", ""24.18428612"", ""20.47816467"", ""18.00406647"", ""17.09997559"", ""16.26054955"", ""18.11955833"", ""16.42868996"", ""16.23293877"", ""17.27943230"", ""16.69913292"", ""15.33491802"", ""14.99400425""]",2,trend_ae_alternating,GenericAEBackcastAE,2,5,,
ae_search_r2,GenericAEBackcastAE_ld8_td5_ag0,ae_search_round2,"['Trend', 'GenericAEBackcastAE']",Yearly,1,6,30,10,1,True,0,42,14.557216,3.325446,879.258667,3355228.250000,0.863793,0.779057,2.087688,1862800,11.00,15,False,False,ReLU,MAX_EPOCHS,15.12655163,17.37533569,14.04002762,10,1.148665,False,"[""40.56737137"", ""41.89664078"", ""25.86089897"", ""23.38894272"", ""23.34704018"", ""20.09533501"", ""19.73200607"", ""19.99806786"", ""16.19576454"", ""15.73955441"", ""15.12655163"", ""16.40781212"", ""15.72483158"", ""16.10173225"", ""17.37533569""]",2,trend_ae_alternating,GenericAEBackcastAE,8,5,,
ae_search_r2,GenericAEBackcastAE_ld8_td5_ag0,ae_search_round2,"['Trend', 'GenericAEBackcastAE']",Yearly,1,6,30,10,1,True,1,43,14.379902,3.315890,866.202942,3321230.750000,0.857166,0.781409,2.125190,1862800,11.18,15,False,False,ReLU,MAX_EPOCHS,15.32688999,15.32688999,10.97514248,14,1.000000,False,"[""35.33506393"", ""46.78780365"", ""25.73436165"", ""24.44647789"", ""20.38706017"", ""17.86314774"", ""16.76154709"", ""16.06997108"", ""20.19760132"", ""21.08336258"", ""16.23539162"", ""17.64827728"", ""15.69041538"", ""16.04270172"", ""15.32688999""]",2,trend_ae_alternating,GenericAEBackcastAE,8,5,,
ae_search_r2,GenericAEBackcastAE_ld8_td5_ag0,ae_search_round2,"['Trend', 'GenericAEBackcastAE']",Yearly,1,6,30,10,1,True,2,44,14.574692,3.441562,883.717407,3318193.000000,0.878937,0.799407,2.123909,1862800,11.08,15,False,False,ReLU,MAX_EPOCHS,14.99400425,14.99400425,11.25718689,14,1.000000,False,"[""30.67704964"", ""56.10483170"", ""26.46734428"", ""24.18428612"", ""20.47816467"", ""18.00406647"", ""17.09997559"", ""16.26054955"", ""18.11955833"", ""16.42868996"", ""16.23293877"", ""17.27943230"", ""16.69913292"", ""15.33491802"", ""14.99400425""]",2,trend_ae_alternating,GenericAEBackcastAE,8,5,,
ae_search_r2,GenericAEBackcastAE_ld16_td5_ag0,ae_search_round2,"['Trend', 'GenericAEBackcastAE']",Yearly,1,6,30,10,1,True,0,42,14.557216,3.325446,879.258667,3355228.250000,0.863793,0.779057,2.087688,1862800,11.15,15,False,False,ReLU,MAX_EPOCHS,15.12655163,17.37533569,14.04002762,10,1.148665,False,"[""40.56737137"", ""41.89664078"", ""25.86089897"", ""23.38894272"", ""23.34704018"", ""20.09533501"", ""19.73200607"", ""19.99806786"", ""16.19576454"", ""15.73955441"", ""15.12655163"", ""16.40781212"", ""15.72483158"", ""16.10173225"", ""17.37533569""]",2,trend_ae_alternating,GenericAEBackcastAE,16,5,,
ae_search_r2,GenericAEBackcastAE_ld16_td5_ag0,ae_search_round2,"['Trend', 'GenericAEBackcastAE']",Yearly,1,6,30,10,1,True,1,43,14.379902,3.315890,866.202942,3321230.750000,0.857166,0.781409,2.125190,1862800,11.17,15,False,False,ReLU,MAX_EPOCHS,15.32688999,15.32688999,10.97514248,14,1.000000,False,"[""35.33506393"", ""46.78780365"", ""25.73436165"", ""24.44647789"", ""20.38706017"", ""17.86314774"", ""16.76154709"", ""16.06997108"", ""20.19760132"", ""21.08336258"", ""16.23539162"", ""17.64827728"", ""15.69041538"", ""16.04270172"", ""15.32688999""]",2,trend_ae_alternating,GenericAEBackcastAE,16,5,,
ae_search_r2,GenericAEBackcastAE_ld16_td5_ag0,ae_search_round2,"['Trend', 'GenericAEBackcastAE']",Yearly,1,6,30,10,1,True,2,44,14.574692,3.441562,883.717407,3318193.000000,0.878937,0.799407,2.123909,1862800,11.16,15,False,False,ReLU,MAX_EPOCHS,14.99400425,14.99400425,11.25718689,14,1.000000,False,"[""30.67704964"", ""56.10483170"", ""26.46734428"", ""24.18428612"", ""20.47816467"", ""18.00406647"", ""17.09997559"", ""16.26054955"", ""18.11955833"", ""16.42868996"", ""16.23293877"", ""17.27943230"", ""16.69913292"", ""15.33491802"", ""14.99400425""]",2,trend_ae_alternating,GenericAEBackcastAE,16,5,,
ae_search_r3,AutoEncoder_ld2_td3_ag0,ae_search_round3,"['Trend', 'AutoEncoder']",Yearly,1,6,30,10,1,True,0,42,13.457523,3.040069,821.755371,3242197.000000,0.794241,0.713914,1.875514,5161160,19.98,30,False,False,ReLU,MAX_EPOCHS,13.91983604,13.91983604,9.60516357,29,1.000000,False,"[""34.17088318"", ""36.03058243"", ""24.57512474"", ""22.10525322"", ""18.40726471"", ""16.10688972"", ""17.85853577"", ""18.33076286"", ""17.67230988"", ""17.97707558"", ""19.79488373"", ""16.51972961"", ""15.53282166"", ""16.29050064"", ""15.65323925"", ""15.35967922"", ""14.51087761"", ""16.08004189"", ""15.28436184"", ""15.94500637"", ""14.61400032"", ""14.59928226"", ""14.19514847"", ""14.26721478"", ""14.15010357"", ""14.05799198"", ""14.11291695"", ""14.01633739"", ""14.04905796"", ""13.91983604""]",3,trend_ae_alternating,AutoEncoder,2,3,,
ae_search_r3,AutoEncoder_ld2_td3_ag0,ae_search_round3,"['Trend', 'AutoEncoder']",Yearly,1,6,30,10,1,True,1,43,13.539459,3.110715,838.757812,3318397.250000,0.805637,0.716829,1.866230,5161160,20.72,30,False,False,ReLU,MAX_EPOCHS,13.66563320,13.66563320,9.75724506,29,1.000000,False,"[""38.35817719"", ""26.33854675"", ""23.32010269"", ""18.93601418"", ""16.58080292"", ""15.70119476"", ""16.56846046"", ""14.94914627"", ""14.92800236"", ""14.53437233"", ""16.81524849"", ""16.11806107"", ""15.16154385"", ""14.69569397"", ""14.44566345"", ""14.08053303"", ""14.03628540"", ""13.99209690"", ""14.15890121"", ""13.79055882"", ""15.56389236"", ""14.27687740"", ""13.75247669"", ""13.88284111"", ""15.40517521"", ""14.37852764"", ""15.11571980"", ""13.89119339"", ""14.04885292"", ""13.66563320""]",3,trend_ae_alternating,AutoEncoder,2,3,,
ae_search_r3,AutoEncoder_ld2_td3_ag0,ae_search_round3,"['Trend', 'AutoEncoder']",Yearly,1,6,30,10,1,True,2,44,13.584916,3.090755,834.156494,3294361.000000,0.804516,0.718674,1.871288,5161160,20.65,30,False,False,ReLU,MAX_EPOCHS,13.83048248,14.24023247,9.96444130,27,1.029627,False,"[""29.30140686"", ""39.73084259"", ""24.32149506"", ""21.50488853"", ""18.14588737"", ""16.67687988"", ""16.05228996"", ""15.50536919"", ""15.79446030"", ""16.55744743"", ""15.21236324"", ""15.65525723"", ""14.56730270"", ""14.88864899"", ""14.44882774"", ""14.76162815"", ""14.48864174"", ""14.13635635"", ""14.32062531"", ""14.74476910"", ""14.60288906"", ""14.53004932"", ""14.03000832"", ""13.95932770"", ""14.01953411"", ""14.23190212"", ""14.14018440"", ""13.83048248"", ""13.90177536"", ""14.24023247""]",3,trend_ae_alternating,AutoEncoder,2,3,,
ae_search_r3,GenericAE_ld2_td3_ag0,ae_search_round3,"['Trend', 'GenericAE']",Yearly,1,6,30,10,1,True,0,42,13.534966,3.073368,835.351624,3322827.750000,0.800801,0.717836,1.891705,1826585,19.61,30,False,False,ReLU,MAX_EPOCHS,13.77971649,13.91679859,10.20634937,25,1.009948,False,"[""31.50024796"", ""39.13824463"", ""23.56741333"", ""21.34847260"", ""18.27426338"", ""16.34571457"", ""16.67915726"", ""16.50983620"", ""16.93161964"", ""16.16580963"", ""16.05183601"", ""15.05212784"", ""14.70904064"", ""16.03103065"", ""14.91654778"", ""14.83406830"", ""14.37925148"", ""14.34335995"", ""14.62598896"", ""13.98530579"", ""14.13096237"", ""14.17630577"", ""14.61275101"", ""13.86599827"", ""13.96635437"", ""13.77971649"", ""13.82115078"", ""14.12272930"", ""13.83001518"", ""13.91679859""]",3,trend_ae_alternating,GenericAE,2,3,,
ae_search_r3,GenericAE_ld2_td3_ag0,ae_search_round3,"['Trend', 'GenericAE']",Yearly,1,6,30,10,1,True,1,43,13.683447,3.110817,835.122070,3255997.500000,0.810055,0.727282,1.919649,1826585,19.53,30,False,False,ReLU,MAX_EPOCHS,14.07540607,14.07540607,10.85685349,29,1.000000,False,"[""32.49561691"", ""38.62911606"", ""23.46295166"", ""21.48789978"", ""18.53383636"", ""16.71625900"", ""17.90562439"", ""15.73745346"", ""15.80662537"", ""16.02305412"", ""16.39855576"", ""14.91638756"", ""14.65558720"", ""14.47284794"", ""15.18543434"", ""15.17485428"", ""14.18553638"", ""17.15925026"", ""14.58445072"", ""15.43375969"", ""15.15248680"", ""18.23836517"", ""14.43776894"", ""14.14567089"", ""15.71970749"", ""14.34247684"", ""17.72031403"", ""14.22969818"", ""14.37936974"", ""14.07540607""]",3,trend_ae_alternating,GenericAE,2,3,,
ae_search_r3,GenericAE_ld2_td3_ag0,ae_search_round3,"['Trend', 'GenericAE']",Yearly,1,6,30,10,1,True,2,44,13.855608,3.226293,855.998474,3325406.250000,0.829852,0.738353,1.907583,1826585,19.79,30,False,False,ReLU,MAX_EPOCHS,13.83211136,13.83211136,10.30982399,29,1.000000,False,"[""36.63544846"", ""45.44080353"", ""27.82661057"", ""24.48726082"", ""23.31708336"", ""19.77470016"", ""17.87216949"", ""16.60476685"", ""16.10436058"", ""15.49915314"", ""16.41735458"", ""15.53011513"", ""15.11804485"", ""15.24343109"", ""14.51747322"", ""14.26244259"", ""14.54173279"", ""14.02537632"", ""13.99462509"", ""14.44631290"", ""15.84547424"", ""14.62306404"", ""14.76013756"", ""14.31677628"", ""15.15691566"", ""13.87038040"", ""14.90379524"", ""13.98025036"", ""14.93746758"", ""13.83211136""]",3,trend_ae_alternating,GenericAE,2,3,,
ae_search_r3,GenericAE_ld2_td3_agF,ae_search_round3,"['Trend', 'GenericAE']",Yearly,1,6,30,10,1,True,0,42,13.707731,3.168886,841.502747,3273635.500000,0.818104,0.736202,1.941641,1826585,19.73,30,forecast,False,ReLU,MAX_EPOCHS,13.90979481,14.04136372,9.88399124,27,1.009459,False,"[""31.49445343"", ""33.05126953"", ""24.05170441"", ""23.15114212"", ""18.72879601"", ""16.61760139"", ""17.92743683"", ""16.21548843"", ""16.45304298"", ""15.08763313"", ""17.20617104"", ""16.21423721"", ""16.36508369"", ""14.77739525"", ""14.65768433"", ""16.11109352"", ""16.38824463"", ""16.84979630"", ""14.85497665"", ""16.35788155"", ""14.52957726"", ""14.47056007"", ""14.33539391"", ""14.23610878"", ""14.24105740"", ""15.00396919"", ""14.13744831"", ""13.90979481"", ""14.08985901"", ""14.04136372""]",3,trend_ae_alternating,GenericAE,2,3,,
ae_search_r3,GenericAE_ld2_td3_agF,ae_search_round3,"['Trend', 'GenericAE']",Yearly,1,6,30,10,1,True,1,43,13.519743,3.108957,833.533325,3284402.250000,0.804812,0.721262,1.893412,1826585,19.89,30,forecast,False,ReLU,MAX_EPOCHS,13.76952076,14.79494190,9.70436287,27,1.074470,False,"[""31.49130630"", ""36.74582672"", ""23.46567345"", ""20.45785141"", ""16.92050171"", ""16.52280617"", ""17.09566307"", ""15.77125168"", ""16.79943275"", ""15.35774899"", ""15.30004597"", ""15.70379448"", ""14.26013565"", ""14.21639156"", ""14.43871975"", ""14.44022179"", ""14.55680466"", ""15.55198479"", ""14.20872116"", ""14.17988205"", ""14.16707230"", ""14.25071049"", ""13.78723335"", ""13.79136848"", ""14.20283604"", ""14.63876724"", ""13.90817356"", ""13.76952076"", ""14.01227856"", ""14.79494190""]",3,trend_ae_alternating,GenericAE,2,3,,
ae_search_r3,GenericAE_ld2_td3_agF,ae_search_round3,"['Trend', 'GenericAE']",Yearly,1,6,30,10,1,True,2,44,14.189598,3.379765,879.390991,3392178.250000,0.859380,0.765796,1.969289,1826585,19.90,30,forecast,False,ReLU,MAX_EPOCHS,13.99183559,13.99183559,10.01754475,29,1.000000,False,"[""38.05515671"", ""41.14913177"", ""26.95730782"", ""25.96583748"", ""22.68975449"", ""20.22390938"", ""18.52634239"", ""17.36602974"", ""16.75329018"", ""15.98309898"", ""15.50545883"", ""15.85856533"", ""17.40366173"", ""15.34720230"", ""15.53321171"", ""15.28099442"", ""15.98369884"", ""14.46872330"", ""14.62963200"", ""15.20354462"", ""14.72414017"", ""14.66823959"", ""15.29118443"", ""14.50033379"", ""15.13454723"", ""14.04690456"", ""14.08060455"", ""14.07592010"", ""14.18745804"", ""13.99183559""]",3,trend_ae_alternating,GenericAE,2,3,,
ae_search_r3,GenericAE_ld8_td3_ag0,ae_search_round3,"['Trend', 'GenericAE']",Yearly,1,6,30,10,1,True,0,42,13.619020,3.108254,833.706909,3248400.500000,0.807761,0.725368,1.925797,1841975,20.17,30,False,False,ReLU,MAX_EPOCHS,13.85554504,13.85554504,10.42504120,29,1.000000,False,"[""31.44510269"", ""40.81594467"", ""24.84320641"", ""22.36997414"", ""18.65582275"", ""16.28435326"", ""18.89940071"", ""15.51524734"", ""15.45536709"", ""15.42699051"", ""15.34964275"", ""14.91500282"", ""14.73416138"", ""14.99630833"", ""14.53160191"", ""14.43942928"", ""14.23155880"", ""14.88154793"", ""14.84445477"", ""14.12382984"", ""14.55768776"", ""14.31806946"", ""14.15763283"", ""14.29029083"", ""14.07595825"", ""14.04945374"", ""13.89752674"", ""14.18415260"", ""13.97231388"", ""13.85554504""]",3,trend_ae_alternating,GenericAE,8,3,,
ae_search_r3,GenericAE_ld8_td3_ag0,ae_search_round3,"['Trend', 'GenericAE']",Yearly,1,6,30,10,1,True,1,43,13.881958,3.255583,863.436951,3370076.250000,0.834343,0.745121,1.940938,1841975,19.93,30,False,False,ReLU,MAX_EPOCHS,13.93407440,13.93407440,10.22752571,29,1.000000,False,"[""35.81243896"", ""42.81213379"", ""26.74340248"", ""24.47955704"", ""19.96459579"", ""17.30821037"", ""16.25455856"", ""16.15571594"", ""15.89916611"", ""17.68742943"", ""17.43553543"", ""16.96568108"", ""17.16405869"", ""17.16049385"", ""16.25563431"", ""15.00844193"", ""16.48374367"", ""15.20552444"", ""14.42736435"", ""14.45391941"", ""14.50815487"", ""14.45407295"", ""14.34630203"", ""14.63113976"", ""14.21194744"", ""14.72435093"", ""14.15701389"", ""14.17773533"", ""14.63866711"", ""13.93407440""]",3,trend_ae_alternating,GenericAE,8,3,,
ae_search_r3,GenericAE_ld8_td3_ag0,ae_search_round3,"['Trend', 'GenericAE']",Yearly,1,6,30,10,1,True,2,44,14.288863,3.406545,878.319519,3337942.000000,0.865786,0.764507,1.965425,1841975,20.01,30,False,False,ReLU,MAX_EPOCHS,13.98127842,14.31068325,10.83524990,24,1.023560,False,"[""32.14623642"", ""45.83626556"", ""25.74619102"", ""23.93748856"", ""18.92641258"", ""16.69099426"", ""17.18581963"", ""16.59891891"", ""19.95377541"", ""17.82099152"", ""16.57499886"", ""15.32401180"", ""15.36608124"", ""16.56073570"", ""14.68106937"", ""14.87352276"", ""14.53168869"", ""15.98475170"", ""17.29751015"", ""16.18489838"", ""14.74734688"", ""14.67673206"", ""14.27673817"", ""14.99248123"", ""13.98127842"", ""14.46949291"", ""14.41592979"", ""14.11181545"", ""14.22484398"", ""14.31068325""]",3,trend_ae_alternating,GenericAE,8,3,,
