experiment,config_name,category,stack_types,period,frequency,forecast_length,backcast_length,n_stacks,n_blocks_per_stack,share_weights,run,seed,smape,mase,mae,mse,owa,norm_mae,norm_mse,n_params,training_time_seconds,epochs_trained,active_g,sum_losses,activation,stopping_reason,best_val_loss,final_val_loss,final_train_loss,best_epoch,loss_ratio,diverged,val_loss_curve,search_round,basis_dim,basis_offset,trend_thetas_dim_cfg,wavelet_family,bd_label,active_g_cfg,meta_predicted_best,meta_convergence_score
wavelet_search_r1_baseline,Haar_bd96_eq_fcast_ttd3,wavelet_search_round1,"['Trend', 'HaarWaveletV3']",Weather-96,144,96,192,10,1,True,0,42,67.016525,1.013555,15.095524,2557.739746,nan,0.364679,0.241570,6163215,35.82,7,False,False,ReLU,MAX_EPOCHS,43.06927490,43.62619400,53.89680862,3,1.012931,False,"[""46.80894470"", ""45.03499603"", ""44.11772919"", ""43.06927490"", ""43.29766464"", ""43.24574280"", ""43.62619400""]",1,96,0,3,HaarWaveletV3,eq_fcast,False,,
wavelet_search_r1_baseline,Haar_bd96_eq_fcast_ttd3,wavelet_search_round1,"['Trend', 'HaarWaveletV3']",Weather-96,144,96,192,10,1,True,1,43,66.800560,1.079198,16.342119,2734.803223,nan,0.411204,0.364329,6163215,37.55,7,False,False,ReLU,MAX_EPOCHS,44.03464890,45.39398956,53.81142044,4,1.030870,False,"[""48.51365280"", ""44.19334030"", ""44.64229965"", ""44.72917175"", ""44.03464890"", ""44.04821014"", ""45.39398956""]",1,96,0,3,HaarWaveletV3,eq_fcast,False,,
wavelet_search_r1_baseline,Haar_bd96_eq_fcast_ttd3,wavelet_search_round1,"['Trend', 'HaarWaveletV3']",Weather-96,144,96,192,10,1,True,2,44,66.581818,0.910269,14.838826,2629.306885,nan,0.339975,0.204513,6163215,37.49,7,False,False,ReLU,MAX_EPOCHS,44.38146210,44.49091339,54.69078445,4,1.002466,False,"[""47.15068436"", ""44.47948074"", ""44.73664856"", ""44.58571243"", ""44.38146210"", ""45.34945297"", ""44.49091339""]",1,96,0,3,HaarWaveletV3,eq_fcast,False,,
wavelet_search_r1_baseline,Haar_bd96_eq_fcast_ttd5,wavelet_search_round1,"['Trend', 'HaarWaveletV3']",Weather-96,144,96,192,10,1,True,1,43,68.342476,1.237536,17.327261,2281.892334,nan,0.492194,0.662961,6165785,38.28,7,False,False,ReLU,MAX_EPOCHS,43.57116318,43.93818665,54.90287399,5,1.008424,False,"[""48.71915054"", ""46.00629044"", ""43.59152603"", ""44.14966583"", ""45.56776428"", ""43.57116318"", ""43.93818665""]",1,96,0,5,HaarWaveletV3,eq_fcast,False,,
wavelet_search_r1_baseline,Haar_bd96_eq_fcast_ttd5,wavelet_search_round1,"['Trend', 'HaarWaveletV3']",Weather-96,144,96,192,10,1,True,0,42,67.405197,1.020998,14.759251,2426.699219,nan,0.386890,0.266670,6165785,39.46,7,False,False,ReLU,MAX_EPOCHS,43.59650040,43.59650040,54.42156219,6,1.000000,False,"[""47.98879623"", ""46.38341522"", ""44.00477600"", ""43.88443375"", ""44.42612457"", ""43.64985275"", ""43.59650040""]",1,96,0,5,HaarWaveletV3,eq_fcast,False,,
wavelet_search_r1_baseline,Haar_bd96_eq_fcast_ttd5,wavelet_search_round1,"['Trend', 'HaarWaveletV3']",Weather-96,144,96,192,10,1,True,2,44,65.911217,0.952177,14.432845,2370.970459,nan,0.350938,0.227558,6165785,39.18,7,False,False,ReLU,MAX_EPOCHS,43.43139648,45.04074860,54.62756729,4,1.037055,False,"[""47.27587509"", ""45.41595459"", ""45.16820526"", ""43.96489334"", ""43.43139648"", ""44.52512360"", ""45.04074860""]",1,96,0,5,HaarWaveletV3,eq_fcast,False,,
wavelet_search_r1_baseline,Haar_bd94_lt_fcast_ttd3,wavelet_search_round1,"['Trend', 'HaarWaveletV3']",Weather-96,144,96,192,10,1,True,0,42,66.616646,1.023001,14.685357,2431.296387,nan,0.381572,0.279651,6152975,39.71,7,False,False,ReLU,MAX_EPOCHS,43.55807495,45.19747162,54.63723373,5,1.037637,False,"[""48.44094086"", ""45.75044250"", ""45.74102020"", ""44.44817734"", ""43.89331436"", ""43.55807495"", ""45.19747162""]",1,94,0,3,HaarWaveletV3,lt_fcast,False,,
wavelet_search_r1_baseline,Haar_bd94_lt_fcast_ttd3,wavelet_search_round1,"['Trend', 'HaarWaveletV3']",Weather-96,144,96,192,10,1,True,1,43,66.418251,1.254455,15.118135,1909.275879,nan,0.429671,0.417264,6152975,38.10,7,False,False,ReLU,MAX_EPOCHS,43.74263763,43.92022705,54.88567352,2,1.004060,False,"[""46.86111450"", ""44.93525314"", ""43.74263763"", ""43.88203049"", ""44.07698059"", ""44.79072189"", ""43.92022705""]",1,94,0,3,HaarWaveletV3,lt_fcast,False,,
wavelet_search_r1_baseline,Haar_bd94_lt_fcast_ttd3,wavelet_search_round1,"['Trend', 'HaarWaveletV3']",Weather-96,144,96,192,10,1,True,2,44,66.858086,0.968648,14.633011,2277.082031,nan,0.350982,0.228620,6152975,38.81,7,False,False,ReLU,MAX_EPOCHS,43.52339554,43.84436417,54.03908539,4,1.007375,False,"[""47.91141129"", ""45.77502823"", ""43.99974442"", ""44.49446869"", ""43.52339554"", ""44.56065369"", ""43.84436417""]",1,94,0,3,HaarWaveletV3,lt_fcast,False,,
wavelet_search_r1_baseline,Haar_bd94_lt_fcast_ttd5,wavelet_search_round1,"['Trend', 'HaarWaveletV3']",Weather-96,144,96,192,10,1,True,0,42,64.800705,1.016764,16.273220,2312.512207,nan,0.379804,0.307343,6155545,38.36,7,False,False,ReLU,MAX_EPOCHS,44.00909424,44.66122055,54.35770035,2,1.014818,False,"[""47.70407104"", ""45.53630829"", ""44.00909424"", ""44.65272522"", ""44.18402100"", ""45.68840408"", ""44.66122055""]",1,94,0,5,HaarWaveletV3,lt_fcast,False,,
wavelet_search_r1_baseline,Haar_bd94_lt_fcast_ttd5,wavelet_search_round1,"['Trend', 'HaarWaveletV3']",Weather-96,144,96,192,10,1,True,1,43,67.476967,1.249815,15.698403,2361.403564,nan,0.454594,0.457552,6155545,38.88,7,False,False,ReLU,MAX_EPOCHS,43.54932785,43.97014999,54.25597000,3,1.009663,False,"[""47.64228439"", ""44.80712509"", ""45.65091705"", ""43.54932785"", ""44.41098785"", ""43.92357254"", ""43.97014999""]",1,94,0,5,HaarWaveletV3,lt_fcast,False,,
wavelet_search_r1_baseline,Haar_bd94_lt_fcast_ttd5,wavelet_search_round1,"['Trend', 'HaarWaveletV3']",Weather-96,144,96,192,10,1,True,2,44,66.547188,1.102327,14.353967,2026.899658,nan,0.412845,0.350847,6155545,38.21,7,False,False,ReLU,MAX_EPOCHS,43.13211441,43.13211441,54.71215057,6,1.000000,False,"[""47.48723602"", ""46.54356384"", ""45.49094772"", ""44.42045212"", ""44.61237335"", ""45.32775116"", ""43.13211441""]",1,94,0,5,HaarWaveletV3,lt_fcast,False,,
wavelet_search_r1_baseline,Haar_bd192_eq_bcast_ttd3,wavelet_search_round1,"['Trend', 'HaarWaveletV3']",Weather-96,144,96,192,10,1,True,0,42,66.373734,0.955331,14.025333,2295.296875,nan,0.347406,0.220097,6408975,39.05,7,False,False,ReLU,MAX_EPOCHS,43.18778610,44.00305939,54.09007263,5,1.018877,False,"[""47.29212952"", ""44.55143738"", ""44.10155487"", ""44.45421219"", ""43.19810486"", ""43.18778610"", ""44.00305939""]",1,192,0,3,HaarWaveletV3,eq_bcast,False,,
wavelet_search_r1_baseline,Haar_bd192_eq_bcast_ttd3,wavelet_search_round1,"['Trend', 'HaarWaveletV3']",Weather-96,144,96,192,10,1,True,1,43,65.740417,1.449160,16.149693,1758.504517,nan,0.470228,0.726156,6408975,39.16,7,False,False,ReLU,MAX_EPOCHS,42.82787323,44.32690811,54.36516571,1,1.035001,False,"[""47.07206345"", ""42.82787323"", ""43.32147217"", ""42.83372879"", ""43.94844055"", ""44.53925705"", ""44.32690811""]",1,192,0,3,HaarWaveletV3,eq_bcast,False,,
wavelet_search_r1_baseline,Haar_bd192_eq_bcast_ttd3,wavelet_search_round1,"['Trend', 'HaarWaveletV3']",Weather-96,144,96,192,10,1,True,2,44,67.866669,1.766445,19.451826,2992.503906,nan,0.656573,1.478979,6408975,40.13,7,False,False,ReLU,MAX_EPOCHS,43.98136139,45.26735687,54.24878693,1,1.029240,False,"[""49.62649536"", ""43.98136139"", ""45.64738083"", ""44.62530136"", ""44.64453888"", ""44.01188660"", ""45.26735687""]",1,192,0,3,HaarWaveletV3,eq_bcast,False,,
wavelet_search_r1_baseline,Haar_bd192_eq_bcast_ttd5,wavelet_search_round1,"['Trend', 'HaarWaveletV3']",Weather-96,144,96,192,10,1,True,0,42,66.418663,1.109227,16.614538,2420.401367,nan,0.415439,0.329849,6411545,41.17,7,False,False,ReLU,MAX_EPOCHS,43.69688416,47.84699249,54.87435913,2,1.094975,False,"[""47.44775772"", ""45.60008621"", ""43.69688416"", ""44.45276642"", ""43.91875839"", ""44.76630783"", ""47.84699249""]",1,192,0,5,HaarWaveletV3,eq_bcast,False,,
wavelet_search_r1_baseline,Haar_bd192_eq_bcast_ttd5,wavelet_search_round1,"['Trend', 'HaarWaveletV3']",Weather-96,144,96,192,10,1,True,1,43,66.098610,1.028139,14.527668,2295.885986,nan,0.368432,0.291897,6411545,41.63,7,False,False,ReLU,MAX_EPOCHS,42.74408340,45.79174423,55.27035522,2,1.071300,False,"[""48.25896835"", ""44.61402512"", ""42.74408340"", ""43.07630539"", ""43.50355148"", ""44.85395432"", ""45.79174423""]",1,192,0,5,HaarWaveletV3,eq_bcast,False,,
wavelet_search_r1_baseline,Haar_bd192_eq_bcast_ttd5,wavelet_search_round1,"['Trend', 'HaarWaveletV3']",Weather-96,144,96,192,10,1,True,2,44,67.617950,1.060962,14.327222,2403.993652,nan,0.402629,0.313582,6411545,41.29,7,False,False,ReLU,MAX_EPOCHS,43.79654312,44.23979950,54.44911194,5,1.010121,False,"[""49.31271744"", ""46.53313446"", ""45.99632645"", ""45.35518265"", ""44.06147385"", ""43.79654312"", ""44.23979950""]",1,192,0,5,HaarWaveletV3,eq_bcast,False,,
wavelet_search_r1_baseline,DB2_bd96_eq_fcast_ttd3,wavelet_search_round1,"['Trend', 'DB2WaveletV3']",Weather-96,144,96,192,10,1,True,0,42,66.555145,1.080667,15.172958,2474.007812,nan,0.400870,0.313035,6163215,41.76,7,False,False,ReLU,MAX_EPOCHS,43.36262131,44.93548584,54.72159576,5,1.036272,False,"[""46.92331314"", ""44.80170822"", ""44.08384323"", ""44.23199463"", ""44.78623581"", ""43.36262131"", ""44.93548584""]",1,96,0,3,DB2WaveletV3,eq_fcast,False,,
wavelet_search_r1_baseline,DB2_bd96_eq_fcast_ttd3,wavelet_search_round1,"['Trend', 'DB2WaveletV3']",Weather-96,144,96,192,10,1,True,1,43,66.535133,0.904960,16.167421,2618.755127,nan,0.338285,0.198990,6163215,42.28,7,False,False,ReLU,MAX_EPOCHS,42.89081192,44.20897293,53.58367538,3,1.030733,False,"[""48.41261292"", ""44.38406754"", ""43.38994980"", ""42.89081192"", ""43.81369781"", ""42.96329117"", ""44.20897293""]",1,96,0,3,DB2WaveletV3,eq_fcast,False,,
wavelet_search_r1_baseline,DB2_bd96_eq_fcast_ttd3,wavelet_search_round1,"['Trend', 'DB2WaveletV3']",Weather-96,144,96,192,10,1,True,2,44,66.654228,1.005332,14.532024,2375.302490,nan,0.366861,0.243694,6163215,41.78,7,False,False,ReLU,MAX_EPOCHS,43.12080765,44.09973145,53.60389328,4,1.022702,False,"[""47.60929489"", ""44.84441757"", ""43.39570236"", ""43.73198700"", ""43.12080765"", ""44.15087891"", ""44.09973145""]",1,96,0,3,DB2WaveletV3,eq_fcast,False,,
wavelet_search_r1_baseline,DB2_bd96_eq_fcast_ttd5,wavelet_search_round1,"['Trend', 'DB2WaveletV3']",Weather-96,144,96,192,10,1,True,0,42,67.175133,1.162463,14.900050,2324.485352,nan,0.417464,0.352617,6165785,41.88,7,False,False,ReLU,MAX_EPOCHS,44.10552216,45.42408752,55.64355850,5,1.029896,False,"[""50.65351105"", ""45.84244919"", ""44.37542343"", ""45.52946854"", ""45.21431732"", ""44.10552216"", ""45.42408752""]",1,96,0,5,DB2WaveletV3,eq_fcast,False,,
wavelet_search_r1_baseline,DB2_bd96_eq_fcast_ttd5,wavelet_search_round1,"['Trend', 'DB2WaveletV3']",Weather-96,144,96,192,10,1,True,1,43,68.045898,1.225640,17.470179,3066.270996,nan,0.462451,0.473418,6165785,41.81,7,False,False,ReLU,MAX_EPOCHS,42.86893463,43.78606796,54.01675797,4,1.021394,False,"[""47.78093338"", ""45.31977463"", ""46.17226028"", ""45.40802002"", ""42.86893463"", ""43.55049896"", ""43.78606796""]",1,96,0,5,DB2WaveletV3,eq_fcast,False,,
wavelet_search_r1_baseline,DB2_bd96_eq_fcast_ttd5,wavelet_search_round1,"['Trend', 'DB2WaveletV3']",Weather-96,144,96,192,10,1,True,2,44,66.144547,0.981403,13.675313,2014.162842,nan,0.374499,0.261837,6165785,42.17,7,False,False,ReLU,MAX_EPOCHS,43.83797455,43.83797455,54.60335541,6,1.000000,False,"[""47.69262695"", ""47.12858582"", ""45.77428818"", ""44.51776886"", ""44.33440781"", ""43.86075592"", ""43.83797455""]",1,96,0,5,DB2WaveletV3,eq_fcast,False,,
wavelet_search_r1_baseline,DB2_bd94_lt_fcast_ttd3,wavelet_search_round1,"['Trend', 'DB2WaveletV3']",Weather-96,144,96,192,10,1,True,0,42,65.648689,0.922296,15.264573,2291.149902,nan,0.338613,0.202268,6152975,42.69,7,False,False,ReLU,MAX_EPOCHS,43.74991226,43.74991226,54.26686859,6,1.000000,False,"[""48.52488327"", ""45.00027466"", ""44.30584717"", ""45.42639160"", ""44.26167297"", ""43.85372543"", ""43.74991226""]",1,94,0,3,DB2WaveletV3,lt_fcast,False,,
wavelet_search_r1_baseline,DB2_bd94_lt_fcast_ttd3,wavelet_search_round1,"['Trend', 'DB2WaveletV3']",Weather-96,144,96,192,10,1,True,1,43,66.628525,1.250384,14.534627,2354.770996,nan,0.419888,0.405382,6152975,42.26,7,False,False,ReLU,MAX_EPOCHS,43.38423157,44.57599258,55.14303589,3,1.027470,False,"[""46.20732880"", ""44.98618698"", ""43.49367523"", ""43.38423157"", ""44.57716370"", ""43.77867508"", ""44.57599258""]",1,94,0,3,DB2WaveletV3,lt_fcast,False,,
wavelet_search_r1_baseline,DB2_bd94_lt_fcast_ttd3,wavelet_search_round1,"['Trend', 'DB2WaveletV3']",Weather-96,144,96,192,10,1,True,2,44,67.920593,1.106134,16.614738,2754.754639,nan,0.410508,0.310696,6152975,42.79,7,False,False,ReLU,MAX_EPOCHS,43.44670105,44.19708633,54.34433365,3,1.017271,False,"[""48.54298401"", ""44.97327423"", ""44.83521652"", ""43.44670105"", ""43.77109528"", ""44.47942352"", ""44.19708633""]",1,94,0,3,DB2WaveletV3,lt_fcast,False,,
wavelet_search_r1_baseline,DB2_bd94_lt_fcast_ttd5,wavelet_search_round1,"['Trend', 'DB2WaveletV3']",Weather-96,144,96,192,10,1,True,0,42,65.672798,1.098012,15.653176,2191.877686,nan,0.410945,0.358583,6155545,41.18,7,False,False,ReLU,MAX_EPOCHS,43.53071976,43.85002136,54.50832367,4,1.007335,False,"[""48.30227661"", ""45.70102310"", ""45.13640976"", ""44.62802505"", ""43.53071976"", ""43.83951569"", ""43.85002136""]",1,94,0,5,DB2WaveletV3,lt_fcast,False,,
wavelet_search_r1_baseline,DB2_bd94_lt_fcast_ttd5,wavelet_search_round1,"['Trend', 'DB2WaveletV3']",Weather-96,144,96,192,10,1,True,1,43,66.758720,1.097835,14.568891,1948.930786,nan,0.415579,0.356268,6155545,41.72,7,False,False,ReLU,MAX_EPOCHS,42.51532745,43.64160919,54.35229111,3,1.026491,False,"[""48.92013550"", ""44.02567291"", ""46.05824280"", ""42.51532745"", ""43.02124405"", ""43.85098648"", ""43.64160919""]",1,94,0,5,DB2WaveletV3,lt_fcast,False,,
wavelet_search_r1_baseline,DB2_bd94_lt_fcast_ttd5,wavelet_search_round1,"['Trend', 'DB2WaveletV3']",Weather-96,144,96,192,10,1,True,2,44,66.515144,1.004242,13.877366,2330.092773,nan,0.379802,0.267828,6155545,41.74,7,False,False,ReLU,MAX_EPOCHS,42.91739655,44.76284409,55.20721054,3,1.043000,False,"[""48.28195953"", ""46.64566803"", ""45.04287338"", ""42.91739655"", ""45.06444168"", ""44.18431091"", ""44.76284409""]",1,94,0,5,DB2WaveletV3,lt_fcast,False,,
wavelet_search_r1_baseline,DB2_bd192_eq_bcast_ttd3,wavelet_search_round1,"['Trend', 'DB2WaveletV3']",Weather-96,144,96,192,10,1,True,0,42,66.704155,0.941611,15.130337,2556.249023,nan,0.351229,0.220530,6408975,41.72,7,False,False,ReLU,MAX_EPOCHS,43.30606842,44.13928986,53.87430191,4,1.019240,False,"[""47.83515167"", ""45.03468704"", ""44.36819458"", ""43.40707397"", ""43.30606842"", ""44.82357788"", ""44.13928986""]",1,192,0,3,DB2WaveletV3,eq_bcast,False,,
wavelet_search_r1_baseline,DB2_bd192_eq_bcast_ttd3,wavelet_search_round1,"['Trend', 'DB2WaveletV3']",Weather-96,144,96,192,10,1,True,1,43,66.834854,1.095625,14.622778,2464.413086,nan,0.388358,0.290489,6408975,41.48,7,False,False,ReLU,MAX_EPOCHS,43.96504593,44.56245041,54.41152573,3,1.013588,False,"[""47.07378006"", ""45.92276382"", ""44.41698456"", ""43.96504593"", ""44.73641205"", ""44.14918137"", ""44.56245041""]",1,192,0,3,DB2WaveletV3,eq_bcast,False,,
wavelet_search_r1_baseline,DB2_bd192_eq_bcast_ttd3,wavelet_search_round1,"['Trend', 'DB2WaveletV3']",Weather-96,144,96,192,10,1,True,2,44,66.861115,1.053812,15.047409,2482.216309,nan,0.376946,0.274526,6408975,42.17,7,False,False,ReLU,MAX_EPOCHS,43.44631577,45.07403564,54.35511398,4,1.037465,False,"[""49.07243729"", ""44.76141357"", ""44.10862350"", ""44.03333282"", ""43.44631577"", ""44.75706100"", ""45.07403564""]",1,192,0,3,DB2WaveletV3,eq_bcast,False,,
wavelet_search_r1_baseline,DB2_bd192_eq_bcast_ttd5,wavelet_search_round1,"['Trend', 'DB2WaveletV3']",Weather-96,144,96,192,10,1,True,0,42,67.523697,1.038492,14.790263,2383.074951,nan,0.379047,0.250953,6411545,42.20,7,False,False,ReLU,MAX_EPOCHS,43.47233582,43.47233582,54.07909012,6,1.000000,False,"[""48.03096771"", ""46.29828262"", ""45.12622452"", ""45.48280334"", ""44.55883789"", ""43.52676010"", ""43.47233582""]",1,192,0,5,DB2WaveletV3,eq_bcast,False,,
wavelet_search_r1_baseline,DB2_bd192_eq_bcast_ttd5,wavelet_search_round1,"['Trend', 'DB2WaveletV3']",Weather-96,144,96,192,10,1,True,1,43,67.527542,1.282779,16.488855,2742.268311,nan,0.512848,0.783003,6411545,42.06,7,False,False,ReLU,MAX_EPOCHS,43.42890167,44.85845947,54.44536209,4,1.032917,False,"[""47.54092026"", ""44.62065125"", ""43.63879013"", ""43.53293991"", ""43.42890167"", ""43.60786819"", ""44.85845947""]",1,192,0,5,DB2WaveletV3,eq_bcast,False,,
wavelet_search_r1_baseline,DB2_bd192_eq_bcast_ttd5,wavelet_search_round1,"['Trend', 'DB2WaveletV3']",Weather-96,144,96,192,10,1,True,2,44,65.664116,1.093272,15.736189,2281.474365,nan,0.432667,0.468402,6411545,41.67,7,False,False,ReLU,MAX_EPOCHS,43.89376831,43.89376831,54.73682785,6,1.000000,False,"[""49.42414474"", ""48.84596252"", ""44.98398972"", ""46.20360565"", ""44.84257889"", ""44.68494797"", ""43.89376831""]",1,192,0,5,DB2WaveletV3,eq_bcast,False,,
wavelet_search_r1_baseline,DB3_bd96_eq_fcast_ttd3,wavelet_search_round1,"['Trend', 'DB3WaveletV3']",Weather-96,144,96,192,10,1,True,0,42,66.737541,1.001345,16.604372,2870.202637,nan,0.362787,0.236286,6163215,42.02,7,False,False,ReLU,MAX_EPOCHS,42.76288605,43.85952759,54.13131714,3,1.025645,False,"[""47.78608704"", ""46.01581573"", ""45.85803604"", ""42.76288605"", ""43.38349152"", ""43.60071182"", ""43.85952759""]",1,96,0,3,DB3WaveletV3,eq_fcast,False,,
wavelet_search_r1_baseline,DB3_bd96_eq_fcast_ttd3,wavelet_search_round1,"['Trend', 'DB3WaveletV3']",Weather-96,144,96,192,10,1,True,1,43,65.080208,0.908967,15.847531,2503.203125,nan,0.329558,0.201651,6163215,41.52,7,False,False,ReLU,MAX_EPOCHS,43.71766663,43.85107422,53.65959930,2,1.003052,False,"[""47.60088730"", ""44.70064163"", ""43.71766663"", ""44.45951462"", ""45.28886795"", ""43.73767853"", ""43.85107422""]",1,96,0,3,DB3WaveletV3,eq_fcast,False,,
wavelet_search_r1_baseline,DB3_bd96_eq_fcast_ttd3,wavelet_search_round1,"['Trend', 'DB3WaveletV3']",Weather-96,144,96,192,10,1,True,2,44,65.933022,1.195895,16.125187,2302.398926,nan,0.409737,0.378873,6163215,42.08,7,False,False,ReLU,MAX_EPOCHS,42.51219559,44.23571014,54.28900909,2,1.040542,False,"[""47.01687241"", ""45.20414352"", ""42.51219559"", ""42.78553772"", ""45.14537048"", ""43.01478195"", ""44.23571014""]",1,96,0,3,DB3WaveletV3,eq_fcast,False,,
wavelet_search_r1_baseline,DB3_bd96_eq_fcast_ttd5,wavelet_search_round1,"['Trend', 'DB3WaveletV3']",Weather-96,144,96,192,10,1,True,0,42,66.533638,1.270548,18.247932,2635.845459,nan,0.456352,0.448290,6165785,41.54,7,False,False,ReLU,MAX_EPOCHS,43.70666122,43.74980545,54.29271317,3,1.000987,False,"[""49.62340927"", ""46.62225723"", ""44.58417511"", ""43.70666122"", ""44.62863922"", ""44.22986984"", ""43.74980545""]",1,96,0,5,DB3WaveletV3,eq_fcast,False,,
wavelet_search_r1_baseline,DB3_bd96_eq_fcast_ttd5,wavelet_search_round1,"['Trend', 'DB3WaveletV3']",Weather-96,144,96,192,10,1,True,1,43,66.751312,1.165437,17.101147,2934.584229,nan,0.418743,0.371378,6165785,42.13,7,False,False,ReLU,MAX_EPOCHS,43.19215012,44.68352890,55.17544556,2,1.034529,False,"[""48.48832703"", ""45.93670654"", ""43.19215012"", ""44.68883133"", ""43.61900711"", ""44.48735809"", ""44.68352890""]",1,96,0,5,DB3WaveletV3,eq_fcast,False,,
wavelet_search_r1_baseline,DB3_bd96_eq_fcast_ttd5,wavelet_search_round1,"['Trend', 'DB3WaveletV3']",Weather-96,144,96,192,10,1,True,2,44,65.363098,1.157376,14.380292,2063.372803,nan,0.419574,0.421548,6165785,41.74,7,False,False,ReLU,MAX_EPOCHS,43.35494614,44.86759186,55.09289932,3,1.034890,False,"[""47.31189728"", ""46.61172867"", ""45.31729507"", ""43.35494614"", ""44.17513275"", ""44.43783188"", ""44.86759186""]",1,96,0,5,DB3WaveletV3,eq_fcast,False,,
wavelet_search_r1_baseline,DB3_bd94_lt_fcast_ttd3,wavelet_search_round1,"['Trend', 'DB3WaveletV3']",Weather-96,144,96,192,10,1,True,0,42,66.948853,0.966272,15.023940,2751.409912,nan,0.354548,0.233888,6152975,41.80,7,False,False,ReLU,MAX_EPOCHS,43.33401871,44.15773392,54.48830795,3,1.019009,False,"[""48.82637405"", ""44.17987061"", ""44.04251862"", ""43.33401871"", ""44.39128876"", ""44.02122498"", ""44.15773392""]",1,94,0,3,DB3WaveletV3,lt_fcast,False,,
wavelet_search_r1_baseline,DB3_bd94_lt_fcast_ttd3,wavelet_search_round1,"['Trend', 'DB3WaveletV3']",Weather-96,144,96,192,10,1,True,1,43,66.391739,1.210009,14.154744,2091.918213,nan,0.416054,0.372817,6152975,41.65,7,False,False,ReLU,MAX_EPOCHS,43.07247543,45.55007935,54.81693268,2,1.057522,False,"[""46.39116669"", ""45.01183701"", ""43.07247543"", ""44.59111404"", ""44.43938828"", ""44.79003143"", ""45.55007935""]",1,94,0,3,DB3WaveletV3,lt_fcast,False,,
wavelet_search_r1_baseline,DB3_bd94_lt_fcast_ttd3,wavelet_search_round1,"['Trend', 'DB3WaveletV3']",Weather-96,144,96,192,10,1,True,2,44,67.689392,1.629148,17.347408,2373.903320,nan,0.622023,1.129835,6152975,41.89,7,False,False,ReLU,MAX_EPOCHS,43.13085556,43.28151321,54.84283447,2,1.003493,False,"[""48.32604980"", ""44.43785477"", ""43.13085556"", ""44.58526230"", ""43.75027466"", ""44.20269012"", ""43.28151321""]",1,94,0,3,DB3WaveletV3,lt_fcast,False,,
wavelet_search_r1_baseline,DB3_bd94_lt_fcast_ttd5,wavelet_search_round1,"['Trend', 'DB3WaveletV3']",Weather-96,144,96,192,10,1,True,0,42,66.705551,1.186442,16.168608,2585.034668,nan,0.448724,0.470251,6155545,42.14,7,False,False,ReLU,MAX_EPOCHS,43.11628723,43.11628723,53.87669754,6,1.000000,False,"[""47.22024155"", ""45.63776779"", ""45.23133469"", ""45.63678360"", ""44.71818161"", ""45.35009384"", ""43.11628723""]",1,94,0,5,DB3WaveletV3,lt_fcast,False,,
wavelet_search_r1_baseline,DB3_bd94_lt_fcast_ttd5,wavelet_search_round1,"['Trend', 'DB3WaveletV3']",Weather-96,144,96,192,10,1,True,1,43,67.479530,1.446606,15.640839,2265.209961,nan,0.536800,0.741850,6155545,42.43,7,False,False,ReLU,MAX_EPOCHS,43.91887283,44.08533859,54.41836166,4,1.003790,False,"[""48.74977875"", ""46.31302261"", ""45.53595352"", ""44.94892502"", ""43.91887283"", ""44.20424271"", ""44.08533859""]",1,94,0,5,DB3WaveletV3,lt_fcast,False,,
wavelet_search_r1_baseline,DB3_bd94_lt_fcast_ttd5,wavelet_search_round1,"['Trend', 'DB3WaveletV3']",Weather-96,144,96,192,10,1,True,2,44,65.244385,1.034025,15.954021,2357.073242,nan,0.365674,0.262368,6155545,41.89,7,False,False,ReLU,MAX_EPOCHS,43.43673706,43.85776138,54.86208344,2,1.009693,False,"[""47.88690948"", ""45.03330994"", ""43.43673706"", ""46.82549667"", ""46.21807480"", ""44.16580963"", ""43.85776138""]",1,94,0,5,DB3WaveletV3,lt_fcast,False,,
wavelet_search_r1_baseline,DB3_bd192_eq_bcast_ttd3,wavelet_search_round1,"['Trend', 'DB3WaveletV3']",Weather-96,144,96,192,10,1,True,0,42,65.758858,1.109756,17.487059,2625.453857,nan,0.385879,0.310750,6408975,42.44,7,False,False,ReLU,MAX_EPOCHS,43.72812653,43.92709351,54.26644516,1,1.004550,False,"[""48.04948425"", ""43.72812653"", ""43.81914139"", ""43.93577957"", ""44.56401062"", ""44.84058762"", ""43.92709351""]",1,192,0,3,DB3WaveletV3,eq_bcast,False,,
wavelet_search_r1_baseline,DB3_bd192_eq_bcast_ttd3,wavelet_search_round1,"['Trend', 'DB3WaveletV3']",Weather-96,144,96,192,10,1,True,1,43,67.754570,1.260344,16.051069,2923.550537,nan,0.482164,0.617595,6408975,41.79,7,False,False,ReLU,MAX_EPOCHS,43.27047729,45.01811981,54.61374664,3,1.040389,False,"[""46.57341385"", ""43.77345657"", ""44.74327850"", ""43.27047729"", ""43.85776138"", ""43.33829498"", ""45.01811981""]",1,192,0,3,DB3WaveletV3,eq_bcast,False,,
wavelet_search_r1_baseline,DB3_bd192_eq_bcast_ttd3,wavelet_search_round1,"['Trend', 'DB3WaveletV3']",Weather-96,144,96,192,10,1,True,2,44,66.333733,0.912681,14.469905,2252.154785,nan,0.343711,0.204741,6408975,42.42,7,False,False,ReLU,MAX_EPOCHS,43.53669739,44.27019501,54.33195877,5,1.016848,False,"[""48.41484070"", ""45.02795029"", ""44.24935150"", ""44.65612030"", ""44.33725357"", ""43.53669739"", ""44.27019501""]",1,192,0,3,DB3WaveletV3,eq_bcast,False,,
wavelet_search_r1_baseline,DB3_bd192_eq_bcast_ttd5,wavelet_search_round1,"['Trend', 'DB3WaveletV3']",Weather-96,144,96,192,10,1,True,0,42,67.946312,1.226648,16.024237,2437.838867,nan,0.467935,0.503202,6411545,42.39,7,False,False,ReLU,MAX_EPOCHS,43.60447693,43.83232117,54.30706024,5,1.005225,False,"[""47.28170013"", ""44.79842377"", ""44.84368134"", ""44.52779770"", ""44.32759094"", ""43.60447693"", ""43.83232117""]",1,192,0,5,DB3WaveletV3,eq_bcast,False,,
wavelet_search_r1_baseline,DB3_bd192_eq_bcast_ttd5,wavelet_search_round1,"['Trend', 'DB3WaveletV3']",Weather-96,144,96,192,10,1,True,1,43,67.335350,1.058583,15.997663,2660.577148,nan,0.390902,0.310586,6411545,42.51,7,False,False,ReLU,MAX_EPOCHS,42.86957550,44.32695389,54.84906006,5,1.033996,False,"[""48.99532318"", ""43.78191376"", ""46.44160461"", ""44.20298767"", ""44.88591385"", ""42.86957550"", ""44.32695389""]",1,192,0,5,DB3WaveletV3,eq_bcast,False,,
wavelet_search_r1_baseline,DB3_bd192_eq_bcast_ttd5,wavelet_search_round1,"['Trend', 'DB3WaveletV3']",Weather-96,144,96,192,10,1,True,2,44,66.176682,1.144473,14.005341,1878.069824,nan,0.404526,0.335885,6411545,42.14,7,False,False,ReLU,MAX_EPOCHS,43.70039368,43.70039368,55.32995987,6,1.000000,False,"[""49.81157303"", ""46.99560928"", ""45.38772202"", ""44.94004059"", ""44.43772125"", ""45.08821487"", ""43.70039368""]",1,192,0,5,DB3WaveletV3,eq_bcast,False,,
wavelet_search_r1_baseline,DB4_bd96_eq_fcast_ttd3,wavelet_search_round1,"['Trend', 'DB4WaveletV3']",Weather-96,144,96,192,10,1,True,0,42,66.203949,1.221793,15.033987,2166.963867,nan,0.455887,0.505830,6163215,42.86,7,False,False,ReLU,MAX_EPOCHS,42.79005814,44.11439133,53.93590164,2,1.030950,False,"[""48.14888382"", ""45.29402542"", ""42.79005814"", ""44.07438660"", ""43.08916473"", ""44.49440765"", ""44.11439133""]",1,96,0,3,DB4WaveletV3,eq_fcast,False,,
wavelet_search_r1_baseline,DB4_bd96_eq_fcast_ttd3,wavelet_search_round1,"['Trend', 'DB4WaveletV3']",Weather-96,144,96,192,10,1,True,1,43,65.665588,1.063930,14.724151,1701.294922,nan,0.405158,0.318094,6163215,42.35,7,False,False,ReLU,MAX_EPOCHS,43.66444016,43.96281052,53.64467621,3,1.006833,False,"[""48.95983887"", ""44.57731628"", ""44.16197968"", ""43.66444016"", ""43.82702255"", ""43.84869766"", ""43.96281052""]",1,96,0,3,DB4WaveletV3,eq_fcast,False,,
wavelet_search_r1_baseline,DB4_bd96_eq_fcast_ttd3,wavelet_search_round1,"['Trend', 'DB4WaveletV3']",Weather-96,144,96,192,10,1,True,2,44,66.854095,1.083747,17.532078,2525.780029,nan,0.402613,0.308674,6163215,42.74,7,False,False,ReLU,MAX_EPOCHS,43.81921768,44.30571747,53.68716049,4,1.011102,False,"[""49.64785004"", ""44.54869461"", ""44.09424973"", ""44.15754318"", ""43.81921768"", ""44.07305145"", ""44.30571747""]",1,96,0,3,DB4WaveletV3,eq_fcast,False,,
wavelet_search_r1_baseline,DB4_bd96_eq_fcast_ttd5,wavelet_search_round1,"['Trend', 'DB4WaveletV3']",Weather-96,144,96,192,10,1,True,0,42,68.343773,1.459151,17.545017,2757.444336,nan,0.574950,0.960525,6165785,42.20,7,False,False,ReLU,MAX_EPOCHS,44.04002762,44.12051392,54.56118011,4,1.001828,False,"[""48.45127869"", ""47.22002411"", ""46.69346237"", ""45.73366547"", ""44.04002762"", ""44.37339401"", ""44.12051392""]",1,96,0,5,DB4WaveletV3,eq_fcast,False,,
wavelet_search_r1_baseline,DB4_bd96_eq_fcast_ttd5,wavelet_search_round1,"['Trend', 'DB4WaveletV3']",Weather-96,144,96,192,10,1,True,1,43,66.562241,1.142437,14.165290,2233.333740,nan,0.430340,0.408496,6165785,42.02,7,False,False,ReLU,MAX_EPOCHS,43.58253098,43.95142365,53.97525024,3,1.008464,False,"[""49.47461700"", ""46.86763763"", ""43.97390747"", ""43.58253098"", ""44.72998810"", ""44.70915985"", ""43.95142365""]",1,96,0,5,DB4WaveletV3,eq_fcast,False,,
wavelet_search_r1_baseline,DB4_bd96_eq_fcast_ttd5,wavelet_search_round1,"['Trend', 'DB4WaveletV3']",Weather-96,144,96,192,10,1,True,2,44,66.442131,0.926370,14.062937,2287.844482,nan,0.347277,0.216980,6165785,41.66,7,False,False,ReLU,MAX_EPOCHS,43.48945236,43.48945236,54.41446304,6,1.000000,False,"[""46.86937714"", ""48.70759583"", ""43.91627502"", ""43.54634857"", ""44.24443817"", ""43.91291428"", ""43.48945236""]",1,96,0,5,DB4WaveletV3,eq_fcast,False,,
wavelet_search_r1_baseline,DB4_bd94_lt_fcast_ttd3,wavelet_search_round1,"['Trend', 'DB4WaveletV3']",Weather-96,144,96,192,10,1,True,0,42,67.023781,0.951456,14.578359,2553.453857,nan,0.359143,0.221618,6152975,42.41,7,False,False,ReLU,MAX_EPOCHS,43.21608734,43.21608734,54.11146927,6,1.000000,False,"[""47.39495087"", ""45.22739792"", ""43.40171814"", ""44.83093643"", ""45.71691895"", ""44.26334000"", ""43.21608734""]",1,94,0,3,DB4WaveletV3,lt_fcast,False,,
wavelet_search_r1_baseline,DB4_bd94_lt_fcast_ttd3,wavelet_search_round1,"['Trend', 'DB4WaveletV3']",Weather-96,144,96,192,10,1,True,1,43,67.208481,1.121264,15.072708,2578.086670,nan,0.409418,0.341275,6152975,41.97,7,False,False,ReLU,MAX_EPOCHS,43.72644043,45.05271149,54.43658066,3,1.030331,False,"[""47.36758041"", ""45.32386017"", ""44.45462799"", ""43.72644043"", ""43.86033630"", ""43.95787048"", ""45.05271149""]",1,94,0,3,DB4WaveletV3,lt_fcast,False,,
wavelet_search_r1_baseline,DB4_bd94_lt_fcast_ttd3,wavelet_search_round1,"['Trend', 'DB4WaveletV3']",Weather-96,144,96,192,10,1,True,2,44,66.242805,1.070462,15.049358,2285.401855,nan,0.380911,0.301421,6152975,42.05,7,False,False,ReLU,MAX_EPOCHS,43.14079666,44.67572403,54.62498474,2,1.035579,False,"[""47.29935455"", ""45.99959946"", ""43.14079666"", ""44.69880295"", ""44.70492172"", ""43.64899826"", ""44.67572403""]",1,94,0,3,DB4WaveletV3,lt_fcast,False,,
wavelet_search_r1_baseline,DB4_bd94_lt_fcast_ttd5,wavelet_search_round1,"['Trend', 'DB4WaveletV3']",Weather-96,144,96,192,10,1,True,0,42,66.920120,0.992907,15.687608,2465.346436,nan,0.365514,0.229511,6155545,41.89,7,False,False,ReLU,MAX_EPOCHS,44.12556458,44.38423157,54.14982986,5,1.005862,False,"[""47.47480774"", ""45.26466751"", ""44.93326569"", ""44.67601395"", ""44.36397934"", ""44.12556458"", ""44.38423157""]",1,94,0,5,DB4WaveletV3,lt_fcast,False,,
wavelet_search_r1_baseline,DB4_bd94_lt_fcast_ttd5,wavelet_search_round1,"['Trend', 'DB4WaveletV3']",Weather-96,144,96,192,10,1,True,1,43,67.238144,0.991019,15.154061,2530.702148,nan,0.365099,0.233163,6155545,42.42,7,False,False,ReLU,MAX_EPOCHS,43.37134933,44.30369568,54.28648758,5,1.021497,False,"[""49.09919357"", ""44.46873856"", ""44.27354050"", ""44.76864624"", ""44.93801880"", ""43.37134933"", ""44.30369568""]",1,94,0,5,DB4WaveletV3,lt_fcast,False,,
wavelet_search_r1_baseline,DB4_bd94_lt_fcast_ttd5,wavelet_search_round1,"['Trend', 'DB4WaveletV3']",Weather-96,144,96,192,10,1,True,2,44,66.985870,1.018670,15.198081,2241.260010,nan,0.381063,0.247724,6155545,41.81,7,False,False,ReLU,MAX_EPOCHS,43.54823303,43.88557816,54.45422363,4,1.007746,False,"[""48.00550461"", ""44.98887253"", ""44.34004974"", ""43.69461060"", ""43.54823303"", ""43.97484207"", ""43.88557816""]",1,94,0,5,DB4WaveletV3,lt_fcast,False,,
wavelet_search_r1_baseline,DB4_bd192_eq_bcast_ttd3,wavelet_search_round1,"['Trend', 'DB4WaveletV3']",Weather-96,144,96,192,10,1,True,0,42,66.446991,1.013808,14.908616,2458.344971,nan,0.365953,0.246060,6408975,42.29,7,False,False,ReLU,MAX_EPOCHS,43.33572388,43.64704895,54.31319427,3,1.007184,False,"[""48.19345093"", ""45.82683563"", ""43.48873520"", ""43.33572388"", ""45.31092453"", ""44.10284042"", ""43.64704895""]",1,192,0,3,DB4WaveletV3,eq_bcast,False,,
wavelet_search_r1_baseline,DB4_bd192_eq_bcast_ttd3,wavelet_search_round1,"['Trend', 'DB4WaveletV3']",Weather-96,144,96,192,10,1,True,1,43,66.200706,1.010963,14.745378,2360.174805,nan,0.361036,0.245874,6408975,42.15,7,False,False,ReLU,MAX_EPOCHS,43.85966492,43.85966492,54.74819565,6,1.000000,False,"[""47.95055771"", ""46.07217407"", ""44.08798981"", ""44.03625107"", ""44.04547119"", ""44.30860901"", ""43.85966492""]",1,192,0,3,DB4WaveletV3,eq_bcast,False,,
wavelet_search_r1_baseline,DB4_bd192_eq_bcast_ttd3,wavelet_search_round1,"['Trend', 'DB4WaveletV3']",Weather-96,144,96,192,10,1,True,2,44,66.955063,0.936182,15.461810,2369.440674,nan,0.342031,0.219456,6408975,42.70,7,False,False,ReLU,MAX_EPOCHS,43.04204559,44.66244125,53.98835373,3,1.037647,False,"[""48.57501221"", ""44.87478256"", ""45.06558609"", ""43.04204559"", ""43.86260986"", ""43.29539108"", ""44.66244125""]",1,192,0,3,DB4WaveletV3,eq_bcast,False,,
wavelet_search_r1_baseline,DB4_bd192_eq_bcast_ttd5,wavelet_search_round1,"['Trend', 'DB4WaveletV3']",Weather-96,144,96,192,10,1,True,0,42,65.971794,1.289003,18.382849,2902.677979,nan,0.504306,0.751100,6411545,42.02,7,False,False,ReLU,MAX_EPOCHS,43.94957352,44.19847488,55.33149719,4,1.005663,False,"[""47.83597565"", ""45.72238159"", ""45.15142441"", ""44.25230789"", ""43.94957352"", ""45.33302307"", ""44.19847488""]",1,192,0,5,DB4WaveletV3,eq_bcast,False,,
wavelet_search_r1_baseline,DB4_bd192_eq_bcast_ttd5,wavelet_search_round1,"['Trend', 'DB4WaveletV3']",Weather-96,144,96,192,10,1,True,1,43,66.092682,1.111356,13.806030,2127.239990,nan,0.386963,0.317650,6411545,42.24,7,False,False,ReLU,MAX_EPOCHS,43.39705276,44.01076889,54.63264465,3,1.014142,False,"[""48.37646866"", ""45.15587616"", ""45.57621384"", ""43.39705276"", ""44.34611511"", ""45.16723251"", ""44.01076889""]",1,192,0,5,DB4WaveletV3,eq_bcast,False,,
wavelet_search_r1_baseline,DB4_bd192_eq_bcast_ttd5,wavelet_search_round1,"['Trend', 'DB4WaveletV3']",Weather-96,144,96,192,10,1,True,2,44,65.728210,0.859753,15.055584,2550.191162,nan,0.320541,0.183883,6411545,41.89,7,False,False,ReLU,MAX_EPOCHS,43.98615265,44.22425461,55.33245850,4,1.005413,False,"[""48.80656815"", ""47.72461700"", ""46.63478851"", ""45.35126114"", ""43.98615265"", ""44.37992096"", ""44.22425461""]",1,192,0,5,DB4WaveletV3,eq_bcast,False,,
wavelet_search_r1_baseline,DB10_bd96_eq_fcast_ttd3,wavelet_search_round1,"['Trend', 'DB10WaveletV3']",Weather-96,144,96,192,10,1,True,0,42,66.771408,0.952220,15.460562,2638.854736,nan,0.354201,0.219991,6163215,42.47,7,False,False,ReLU,MAX_EPOCHS,43.63876724,43.63876724,53.70895767,6,1.000000,False,"[""45.18516922"", ""47.08018875"", ""44.38622284"", ""43.77563477"", ""44.30448532"", ""43.77350998"", ""43.63876724""]",1,96,0,3,DB10WaveletV3,eq_fcast,False,,
wavelet_search_r1_baseline,DB10_bd96_eq_fcast_ttd3,wavelet_search_round1,"['Trend', 'DB10WaveletV3']",Weather-96,144,96,192,10,1,True,1,43,66.713020,0.901251,15.207077,2653.509033,nan,0.334112,0.196196,6163215,41.92,7,False,False,ReLU,MAX_EPOCHS,43.68737411,43.68737411,53.87862396,6,1.000000,False,"[""48.35402679"", ""44.27701950"", ""46.28693008"", ""44.73393250"", ""44.75071716"", ""44.30605316"", ""43.68737411""]",1,96,0,3,DB10WaveletV3,eq_fcast,False,,
wavelet_search_r1_baseline,DB10_bd96_eq_fcast_ttd3,wavelet_search_round1,"['Trend', 'DB10WaveletV3']",Weather-96,144,96,192,10,1,True,2,44,65.661865,0.997611,14.749790,2397.846680,nan,0.372665,0.272963,6163215,42.22,7,False,False,ReLU,MAX_EPOCHS,43.30653000,44.35718536,54.12324524,3,1.024261,False,"[""48.06049347"", ""44.70716095"", ""43.98266602"", ""43.30653000"", ""44.13173294"", ""44.05166626"", ""44.35718536""]",1,96,0,3,DB10WaveletV3,eq_fcast,False,,
wavelet_search_r1_baseline,DB10_bd96_eq_fcast_ttd5,wavelet_search_round1,"['Trend', 'DB10WaveletV3']",Weather-96,144,96,192,10,1,True,0,42,67.270203,1.110423,14.822189,2462.106689,nan,0.397660,0.325603,6165785,41.79,7,False,False,ReLU,MAX_EPOCHS,43.03680038,45.51442337,54.71356583,5,1.057570,False,"[""50.68833923"", ""45.47083664"", ""44.83061600"", ""43.86715698"", ""43.93294907"", ""43.03680038"", ""45.51442337""]",1,96,0,5,DB10WaveletV3,eq_fcast,False,,
wavelet_search_r1_baseline,DB10_bd96_eq_fcast_ttd5,wavelet_search_round1,"['Trend', 'DB10WaveletV3']",Weather-96,144,96,192,10,1,True,1,43,66.726372,0.935229,14.623565,2421.959473,nan,0.345169,0.214941,6165785,41.91,7,False,False,ReLU,MAX_EPOCHS,43.78263474,44.21339798,54.84650803,4,1.009839,False,"[""48.66877365"", ""45.15626907"", ""44.36765289"", ""44.66976929"", ""43.78263474"", ""44.13722610"", ""44.21339798""]",1,96,0,5,DB10WaveletV3,eq_fcast,False,,
wavelet_search_r1_baseline,DB10_bd96_eq_fcast_ttd5,wavelet_search_round1,"['Trend', 'DB10WaveletV3']",Weather-96,144,96,192,10,1,True,2,44,66.967949,1.025983,15.674837,2844.944824,nan,0.368880,0.255744,6165785,41.92,7,False,False,ReLU,MAX_EPOCHS,43.28549194,44.51195908,55.15385437,4,1.028334,False,"[""48.28628159"", ""45.18438339"", ""44.31446457"", ""44.57433319"", ""43.28549194"", ""45.66340637"", ""44.51195908""]",1,96,0,5,DB10WaveletV3,eq_fcast,False,,
wavelet_search_r1_baseline,DB10_bd94_lt_fcast_ttd3,wavelet_search_round1,"['Trend', 'DB10WaveletV3']",Weather-96,144,96,192,10,1,True,0,42,66.383827,1.088392,15.507476,2504.607910,nan,0.424111,0.452322,6152975,42.30,7,False,False,ReLU,MAX_EPOCHS,44.21255112,44.38187027,54.00383377,4,1.003830,False,"[""48.90853500"", ""45.78835297"", ""44.92311859"", ""44.57601547"", ""44.21255112"", ""44.25621414"", ""44.38187027""]",1,94,0,3,DB10WaveletV3,lt_fcast,False,,
wavelet_search_r1_baseline,DB10_bd94_lt_fcast_ttd3,wavelet_search_round1,"['Trend', 'DB10WaveletV3']",Weather-96,144,96,192,10,1,True,1,43,66.276993,1.319127,15.711554,2113.650879,nan,0.495274,0.705789,6152975,41.64,7,False,False,ReLU,MAX_EPOCHS,43.33672333,44.01535797,54.52337265,2,1.015660,False,"[""46.26676559"", ""44.37895203"", ""43.33672333"", ""44.34294891"", ""44.21811295"", ""44.04530334"", ""44.01535797""]",1,94,0,3,DB10WaveletV3,lt_fcast,False,,
wavelet_search_r1_baseline,DB10_bd94_lt_fcast_ttd3,wavelet_search_round1,"['Trend', 'DB10WaveletV3']",Weather-96,144,96,192,10,1,True,2,44,67.839203,1.134525,16.164886,2631.040527,nan,0.396046,0.309010,6152975,42.29,7,False,False,ReLU,MAX_EPOCHS,43.88205338,45.57487488,54.40562439,2,1.038577,False,"[""48.79066467"", ""45.85178375"", ""43.88205338"", ""44.99938583"", ""44.51461029"", ""44.60881805"", ""45.57487488""]",1,94,0,3,DB10WaveletV3,lt_fcast,False,,
wavelet_search_r1_baseline,DB10_bd94_lt_fcast_ttd5,wavelet_search_round1,"['Trend', 'DB10WaveletV3']",Weather-96,144,96,192,10,1,True,0,42,66.979828,1.260329,15.761099,2232.954102,nan,0.443953,0.409129,6155545,41.59,7,False,False,ReLU,MAX_EPOCHS,43.88897705,44.54141617,54.02360535,3,1.014866,False,"[""47.55351639"", ""46.00139236"", ""44.69276810"", ""43.88897705"", ""45.10391617"", ""44.10950470"", ""44.54141617""]",1,94,0,5,DB10WaveletV3,lt_fcast,False,,
wavelet_search_r1_baseline,DB10_bd94_lt_fcast_ttd5,wavelet_search_round1,"['Trend', 'DB10WaveletV3']",Weather-96,144,96,192,10,1,True,1,43,66.344437,0.988569,16.739439,2143.773193,nan,0.362708,0.229302,6155545,42.35,7,False,False,ReLU,MAX_EPOCHS,43.97295380,43.98222351,54.51025391,2,1.000211,False,"[""49.16331863"", ""46.93776321"", ""43.97295380"", ""45.07179260"", ""43.98884583"", ""44.84998322"", ""43.98222351""]",1,94,0,5,DB10WaveletV3,lt_fcast,False,,
wavelet_search_r1_baseline,DB10_bd94_lt_fcast_ttd5,wavelet_search_round1,"['Trend', 'DB10WaveletV3']",Weather-96,144,96,192,10,1,True,2,44,66.402336,0.996140,13.972472,1986.631470,nan,0.362255,0.245578,6155545,42.26,7,False,False,ReLU,MAX_EPOCHS,43.06407166,44.68591690,54.41523743,5,1.037661,False,"[""49.53186417"", ""45.45648575"", ""45.38871384"", ""44.95681000"", ""44.70273972"", ""43.06407166"", ""44.68591690""]",1,94,0,5,DB10WaveletV3,lt_fcast,False,,
wavelet_search_r1_baseline,DB10_bd192_eq_bcast_ttd3,wavelet_search_round1,"['Trend', 'DB10WaveletV3']",Weather-96,144,96,192,10,1,True,0,42,66.185097,1.057077,14.964142,2490.196533,nan,0.374010,0.276597,6408975,42.66,7,False,False,ReLU,MAX_EPOCHS,43.75621796,44.07244110,54.06539917,4,1.007227,False,"[""47.68406296"", ""44.91110611"", ""44.57829666"", ""44.80397797"", ""43.75621796"", ""44.30595016"", ""44.07244110""]",1,192,0,3,DB10WaveletV3,eq_bcast,False,,
wavelet_search_r1_baseline,DB10_bd192_eq_bcast_ttd3,wavelet_search_round1,"['Trend', 'DB10WaveletV3']",Weather-96,144,96,192,10,1,True,1,43,65.726250,0.985680,13.872662,2118.258789,nan,0.349432,0.236051,6408975,42.15,7,False,False,ReLU,MAX_EPOCHS,43.04027557,44.26135254,54.61614227,3,1.028371,False,"[""48.03256989"", ""44.97154236"", ""44.19640732"", ""43.04027557"", ""44.22050095"", ""44.45327377"", ""44.26135254""]",1,192,0,3,DB10WaveletV3,eq_bcast,False,,
wavelet_search_r1_baseline,DB10_bd192_eq_bcast_ttd3,wavelet_search_round1,"['Trend', 'DB10WaveletV3']",Weather-96,144,96,192,10,1,True,2,44,66.065536,1.019129,14.903180,2521.087402,nan,0.367702,0.265759,6408975,43.00,7,False,False,ReLU,MAX_EPOCHS,43.47093582,44.25755310,54.94749451,3,1.018095,False,"[""49.72087860"", ""46.12007904"", ""44.82950592"", ""43.47093582"", ""43.57453156"", ""44.98538208"", ""44.25755310""]",1,192,0,3,DB10WaveletV3,eq_bcast,False,,
wavelet_search_r1_baseline,DB10_bd192_eq_bcast_ttd5,wavelet_search_round1,"['Trend', 'DB10WaveletV3']",Weather-96,144,96,192,10,1,True,0,42,65.735153,0.975006,13.826121,1798.027100,nan,0.356214,0.242923,6411545,42.18,7,False,False,ReLU,MAX_EPOCHS,43.68745804,44.15727615,56.13562393,3,1.010754,False,"[""46.47903061"", ""45.81814194"", ""45.74641418"", ""43.68745804"", ""44.38429642"", ""44.54265976"", ""44.15727615""]",1,192,0,5,DB10WaveletV3,eq_bcast,False,,
wavelet_search_r1_baseline,DB10_bd192_eq_bcast_ttd5,wavelet_search_round1,"['Trend', 'DB10WaveletV3']",Weather-96,144,96,192,10,1,True,1,43,65.645638,0.943292,13.686255,1902.929688,nan,0.347190,0.221112,6411545,43.04,7,False,False,ReLU,MAX_EPOCHS,42.58795929,44.44562912,54.89781952,4,1.043620,False,"[""49.73990250"", ""44.62351990"", ""45.19174576"", ""43.39454651"", ""42.58795929"", ""43.39565659"", ""44.44562912""]",1,192,0,5,DB10WaveletV3,eq_bcast,False,,
wavelet_search_r1_baseline,DB10_bd192_eq_bcast_ttd5,wavelet_search_round1,"['Trend', 'DB10WaveletV3']",Weather-96,144,96,192,10,1,True,2,44,66.514069,1.040976,14.378989,2418.252930,nan,0.382253,0.267919,6411545,42.17,7,False,False,ReLU,MAX_EPOCHS,43.71762848,45.06890869,54.55427933,3,1.030909,False,"[""48.68804932"", ""48.36160660"", ""44.40901947"", ""43.71762848"", ""43.97880936"", ""44.27663803"", ""45.06890869""]",1,192,0,5,DB10WaveletV3,eq_bcast,False,,
wavelet_search_r1_baseline,DB20_bd96_eq_fcast_ttd3,wavelet_search_round1,"['Trend', 'DB20WaveletV3']",Weather-96,144,96,192,10,1,True,0,42,65.432419,1.137182,17.226379,2636.692383,nan,0.440929,0.531943,6163215,42.39,7,False,False,ReLU,MAX_EPOCHS,43.40453720,44.42610550,54.29224396,2,1.023536,False,"[""48.30374908"", ""44.80592346"", ""43.40453720"", ""44.47623062"", ""43.68874359"", ""44.06949997"", ""44.42610550""]",1,96,0,3,DB20WaveletV3,eq_fcast,False,,
wavelet_search_r1_baseline,DB20_bd96_eq_fcast_ttd3,wavelet_search_round1,"['Trend', 'DB20WaveletV3']",Weather-96,144,96,192,10,1,True,1,43,66.868462,1.036467,14.368732,2177.472900,nan,0.376303,0.254127,6163215,42.19,7,False,False,ReLU,MAX_EPOCHS,43.45585632,44.21187210,54.19825745,3,1.017397,False,"[""47.61408997"", ""44.95648575"", ""44.33346176"", ""43.45585632"", ""44.10605621"", ""43.60186386"", ""44.21187210""]",1,96,0,3,DB20WaveletV3,eq_fcast,False,,
wavelet_search_r1_baseline,DB20_bd96_eq_fcast_ttd3,wavelet_search_round1,"['Trend', 'DB20WaveletV3']",Weather-96,144,96,192,10,1,True,2,44,65.775375,1.537165,15.635325,1790.784912,nan,0.564666,1.019538,6163215,42.66,7,False,False,ReLU,MAX_EPOCHS,43.40251541,44.42673111,54.32003021,2,1.023598,False,"[""46.95084381"", ""46.03469467"", ""43.40251541"", ""44.06879807"", ""44.46632385"", ""44.06000900"", ""44.42673111""]",1,96,0,3,DB20WaveletV3,eq_fcast,False,,
wavelet_search_r1_baseline,DB20_bd96_eq_fcast_ttd5,wavelet_search_round1,"['Trend', 'DB20WaveletV3']",Weather-96,144,96,192,10,1,True,0,42,66.977432,1.010182,15.545281,2619.786377,nan,0.368861,0.239845,6165785,42.30,7,False,False,ReLU,MAX_EPOCHS,43.08395386,43.08395386,54.38809967,6,1.000000,False,"[""48.07373047"", ""47.90781021"", ""46.04137802"", ""44.14049530"", ""43.93896484"", ""44.97542953"", ""43.08395386""]",1,96,0,5,DB20WaveletV3,eq_fcast,False,,
wavelet_search_r1_baseline,DB20_bd96_eq_fcast_ttd5,wavelet_search_round1,"['Trend', 'DB20WaveletV3']",Weather-96,144,96,192,10,1,True,1,43,67.038177,1.030822,16.411768,2458.214111,nan,0.372527,0.244265,6165785,42.80,7,False,False,ReLU,MAX_EPOCHS,43.09392929,43.09392929,54.15568542,6,1.000000,False,"[""49.07792282"", ""48.43758392"", ""45.08826065"", ""43.37467957"", ""44.65955353"", ""44.75610733"", ""43.09392929""]",1,96,0,5,DB20WaveletV3,eq_fcast,False,,
wavelet_search_r1_baseline,DB20_bd96_eq_fcast_ttd5,wavelet_search_round1,"['Trend', 'DB20WaveletV3']",Weather-96,144,96,192,10,1,True,2,44,67.014687,1.007688,16.795752,2475.207031,nan,0.374360,0.237166,6165785,42.47,7,False,False,ReLU,MAX_EPOCHS,43.05892563,44.48626328,55.09031296,4,1.033148,False,"[""47.91059113"", ""45.31556320"", ""43.87880707"", ""43.35737610"", ""43.05892563"", ""44.49394608"", ""44.48626328""]",1,96,0,5,DB20WaveletV3,eq_fcast,False,,
wavelet_search_r1_baseline,DB20_bd94_lt_fcast_ttd3,wavelet_search_round1,"['Trend', 'DB20WaveletV3']",Weather-96,144,96,192,10,1,True,0,42,66.517700,1.096005,14.674819,2422.968018,nan,0.416624,0.385337,6152975,42.60,7,False,False,ReLU,MAX_EPOCHS,43.67559052,43.67559052,54.61453247,6,1.000000,False,"[""49.78467941"", ""45.11661148"", ""44.25661087"", ""43.98025131"", ""44.42287827"", ""44.61988449"", ""43.67559052""]",1,94,0,3,DB20WaveletV3,lt_fcast,False,,
wavelet_search_r1_baseline,DB20_bd94_lt_fcast_ttd3,wavelet_search_round1,"['Trend', 'DB20WaveletV3']",Weather-96,144,96,192,10,1,True,1,43,66.375443,1.166435,15.028306,2398.512451,nan,0.408120,0.372785,6152975,42.45,7,False,False,ReLU,MAX_EPOCHS,43.05400467,43.15628815,54.68432236,2,1.002376,False,"[""46.29336929"", ""44.69565582"", ""43.05400467"", ""44.47221756"", ""44.60585022"", ""44.17048264"", ""43.15628815""]",1,94,0,3,DB20WaveletV3,lt_fcast,False,,
wavelet_search_r1_baseline,DB20_bd94_lt_fcast_ttd3,wavelet_search_round1,"['Trend', 'DB20WaveletV3']",Weather-96,144,96,192,10,1,True,2,44,67.130913,0.994296,14.671022,2558.918701,nan,0.361474,0.236665,6152975,42.72,7,False,False,ReLU,MAX_EPOCHS,43.69040298,44.15489578,54.05079269,5,1.010631,False,"[""48.17046356"", ""44.83900452"", ""44.81008530"", ""44.00573349"", ""43.86594391"", ""43.69040298"", ""44.15489578""]",1,94,0,3,DB20WaveletV3,lt_fcast,False,,
wavelet_search_r1_baseline,DB20_bd94_lt_fcast_ttd5,wavelet_search_round1,"['Trend', 'DB20WaveletV3']",Weather-96,144,96,192,10,1,True,0,42,66.907173,1.070304,15.427610,2428.618164,nan,0.385165,0.268987,6155545,42.36,7,False,False,ReLU,MAX_EPOCHS,43.11416626,43.11416626,53.93816757,6,1.000000,False,"[""45.83960342"", ""45.05540848"", ""44.11223221"", ""43.84050751"", ""44.76698303"", ""43.69628525"", ""43.11416626""]",1,94,0,5,DB20WaveletV3,lt_fcast,False,,
wavelet_search_r1_baseline,DB20_bd94_lt_fcast_ttd5,wavelet_search_round1,"['Trend', 'DB20WaveletV3']",Weather-96,144,96,192,10,1,True,1,43,67.395905,0.976759,14.489588,2364.539551,nan,0.370882,0.236489,6155545,43.08,7,False,False,ReLU,MAX_EPOCHS,43.50955963,43.50955963,53.81277847,6,1.000000,False,"[""47.88348770"", ""47.65478134"", ""44.49715805"", ""43.98514175"", ""43.98266220"", ""43.87478256"", ""43.50955963""]",1,94,0,5,DB20WaveletV3,lt_fcast,False,,
wavelet_search_r1_baseline,DB20_bd94_lt_fcast_ttd5,wavelet_search_round1,"['Trend', 'DB20WaveletV3']",Weather-96,144,96,192,10,1,True,2,44,65.725723,1.118438,14.749063,2380.350830,nan,0.388396,0.322730,6155545,42.49,7,False,False,ReLU,MAX_EPOCHS,43.20410538,43.86726761,54.32321930,5,1.015350,False,"[""48.12964630"", ""45.65072632"", ""46.58623505"", ""44.63788223"", ""43.32782745"", ""43.20410538"", ""43.86726761""]",1,94,0,5,DB20WaveletV3,lt_fcast,False,,
wavelet_search_r1_baseline,DB20_bd192_eq_bcast_ttd3,wavelet_search_round1,"['Trend', 'DB20WaveletV3']",Weather-96,144,96,192,10,1,True,0,42,66.508636,1.295688,18.338633,2458.338379,nan,0.469726,0.496633,6408975,42.48,7,False,False,ReLU,MAX_EPOCHS,43.73643494,44.18468094,54.12730026,1,1.010249,False,"[""49.11045837"", ""43.73643494"", ""44.21791840"", ""44.83354568"", ""43.99201584"", ""44.35689163"", ""44.18468094""]",1,192,0,3,DB20WaveletV3,eq_bcast,False,,
wavelet_search_r1_baseline,DB20_bd192_eq_bcast_ttd3,wavelet_search_round1,"['Trend', 'DB20WaveletV3']",Weather-96,144,96,192,10,1,True,1,43,66.517921,1.224205,15.115552,2254.709717,nan,0.426783,0.450153,6408975,42.56,7,False,False,ReLU,MAX_EPOCHS,43.10873795,44.05938721,54.40309525,2,1.022052,False,"[""48.01860046"", ""44.32254791"", ""43.10873795"", ""44.25090408"", ""43.71327591"", ""44.42564392"", ""44.05938721""]",1,192,0,3,DB20WaveletV3,eq_bcast,False,,
wavelet_search_r1_baseline,DB20_bd192_eq_bcast_ttd3,wavelet_search_round1,"['Trend', 'DB20WaveletV3']",Weather-96,144,96,192,10,1,True,2,44,65.404968,1.369151,16.231485,1842.947998,nan,0.487463,0.605395,6408975,42.56,7,False,False,ReLU,MAX_EPOCHS,43.52801895,44.26245499,53.87150574,1,1.016873,False,"[""49.02991867"", ""43.52801895"", ""44.66852188"", ""44.01510620"", ""44.34178543"", ""43.74227524"", ""44.26245499""]",1,192,0,3,DB20WaveletV3,eq_bcast,False,,
wavelet_search_r1_baseline,DB20_bd192_eq_bcast_ttd5,wavelet_search_round1,"['Trend', 'DB20WaveletV3']",Weather-96,144,96,192,10,1,True,0,42,66.730209,0.918421,17.056528,2718.911133,nan,0.340344,0.201319,6411545,42.51,7,False,False,ReLU,MAX_EPOCHS,43.14541626,43.14541626,54.22947311,6,1.000000,False,"[""47.06675339"", ""45.78344345"", ""44.37270355"", ""43.65690994"", ""43.91410828"", ""45.00168991"", ""43.14541626""]",1,192,0,5,DB20WaveletV3,eq_bcast,False,,
wavelet_search_r1_baseline,DB20_bd192_eq_bcast_ttd5,wavelet_search_round1,"['Trend', 'DB20WaveletV3']",Weather-96,144,96,192,10,1,True,1,43,67.105278,1.011572,15.057473,2393.164795,nan,0.368639,0.247971,6411545,42.97,7,False,False,ReLU,MAX_EPOCHS,43.15290451,43.67945099,55.99080276,5,1.012202,False,"[""47.46534348"", ""45.36563873"", ""45.46584702"", ""45.17207336"", ""43.92148209"", ""43.15290451"", ""43.67945099""]",1,192,0,5,DB20WaveletV3,eq_bcast,False,,
wavelet_search_r1_baseline,DB20_bd192_eq_bcast_ttd5,wavelet_search_round1,"['Trend', 'DB20WaveletV3']",Weather-96,144,96,192,10,1,True,2,44,66.838585,0.993365,14.364641,2404.636719,nan,0.362338,0.237130,6411545,42.43,7,False,False,ReLU,MAX_EPOCHS,43.15207672,44.62326050,54.38734436,4,1.034093,False,"[""49.40323257"", ""47.20757294"", ""45.11829376"", ""44.16767120"", ""43.15207672"", ""43.31257629"", ""44.62326050""]",1,192,0,5,DB20WaveletV3,eq_bcast,False,,
wavelet_search_r1_baseline,Coif1_bd96_eq_fcast_ttd3,wavelet_search_round1,"['Trend', 'Coif1WaveletV3']",Weather-96,144,96,192,10,1,True,0,42,67.163185,1.165860,17.631592,2802.659668,nan,0.405180,0.325001,6163215,42.81,7,False,False,ReLU,MAX_EPOCHS,42.92486191,43.72301102,54.32899475,3,1.018594,False,"[""46.68500900"", ""44.90945816"", ""43.99335098"", ""42.92486191"", ""43.33921051"", ""44.20713806"", ""43.72301102""]",1,96,0,3,Coif1WaveletV3,eq_fcast,False,,
wavelet_search_r1_baseline,Coif1_bd96_eq_fcast_ttd3,wavelet_search_round1,"['Trend', 'Coif1WaveletV3']",Weather-96,144,96,192,10,1,True,1,43,66.787247,1.073266,16.196468,2872.111572,nan,0.383881,0.290229,6163215,42.33,7,False,False,ReLU,MAX_EPOCHS,43.31496811,44.16185760,53.95304108,3,1.019552,False,"[""48.01893997"", ""45.13275909"", ""43.50725555"", ""43.31496811"", ""43.97576523"", ""43.66741180"", ""44.16185760""]",1,96,0,3,Coif1WaveletV3,eq_fcast,False,,
wavelet_search_r1_baseline,Coif1_bd96_eq_fcast_ttd3,wavelet_search_round1,"['Trend', 'Coif1WaveletV3']",Weather-96,144,96,192,10,1,True,2,44,66.065697,1.347859,15.948578,2241.163574,nan,0.475838,0.598472,6163215,42.35,7,False,False,ReLU,MAX_EPOCHS,43.18820572,44.63746643,54.01946259,1,1.033557,False,"[""47.93121719"", ""43.18820572"", ""43.41714859"", ""44.77189636"", ""43.76912308"", ""45.58893585"", ""44.63746643""]",1,96,0,3,Coif1WaveletV3,eq_fcast,False,,
wavelet_search_r1_baseline,Coif1_bd96_eq_fcast_ttd5,wavelet_search_round1,"['Trend', 'Coif1WaveletV3']",Weather-96,144,96,192,10,1,True,0,42,67.968285,1.104773,17.166534,2902.879395,nan,0.402863,0.281361,6165785,42.48,7,False,False,ReLU,MAX_EPOCHS,43.76651001,43.76651001,54.84275818,6,1.000000,False,"[""49.75369263"", ""45.33036041"", ""44.92919922"", ""44.99069977"", ""44.33331299"", ""44.27774811"", ""43.76651001""]",1,96,0,5,Coif1WaveletV3,eq_fcast,False,,
wavelet_search_r1_baseline,Coif1_bd96_eq_fcast_ttd5,wavelet_search_round1,"['Trend', 'Coif1WaveletV3']",Weather-96,144,96,192,10,1,True,1,43,66.033936,1.154486,17.277815,2435.247314,nan,0.400276,0.320677,6165785,42.59,7,False,False,ReLU,MAX_EPOCHS,43.80727386,43.92240143,54.36382294,2,1.002628,False,"[""50.69804382"", ""44.82033539"", ""43.80727386"", ""44.63994980"", ""44.69477463"", ""45.65369034"", ""43.92240143""]",1,96,0,5,Coif1WaveletV3,eq_fcast,False,,
wavelet_search_r1_baseline,Coif1_bd96_eq_fcast_ttd5,wavelet_search_round1,"['Trend', 'Coif1WaveletV3']",Weather-96,144,96,192,10,1,True,2,44,65.580574,1.103205,15.900730,2497.900879,nan,0.418876,0.416602,6165785,42.60,7,False,False,ReLU,MAX_EPOCHS,43.84190750,44.56368256,54.91394424,4,1.016463,False,"[""47.44779587"", ""47.38422775"", ""45.81518555"", ""44.08309174"", ""43.84190750"", ""43.96658707"", ""44.56368256""]",1,96,0,5,Coif1WaveletV3,eq_fcast,False,,
wavelet_search_r1_baseline,Coif1_bd94_lt_fcast_ttd3,wavelet_search_round1,"['Trend', 'Coif1WaveletV3']",Weather-96,144,96,192,10,1,True,0,42,66.038948,1.180229,13.774298,2064.152100,nan,0.400451,0.361232,6152975,42.74,7,False,False,ReLU,MAX_EPOCHS,43.38952637,43.92233276,54.19940186,2,1.012280,False,"[""50.33823776"", ""44.95699310"", ""43.38952637"", ""44.26234055"", ""44.20760727"", ""43.94201660"", ""43.92233276""]",1,94,0,3,Coif1WaveletV3,lt_fcast,False,,
wavelet_search_r1_baseline,Coif1_bd94_lt_fcast_ttd3,wavelet_search_round1,"['Trend', 'Coif1WaveletV3']",Weather-96,144,96,192,10,1,True,1,43,66.391251,1.177279,16.748121,2990.115479,nan,0.421467,0.392402,6152975,42.37,7,False,False,ReLU,MAX_EPOCHS,43.73019791,44.26890945,55.12849045,2,1.012319,False,"[""46.82108688"", ""45.36072540"", ""43.73019791"", ""44.64177704"", ""44.83940887"", ""44.26758957"", ""44.26890945""]",1,94,0,3,Coif1WaveletV3,lt_fcast,False,,
wavelet_search_r1_baseline,Coif1_bd94_lt_fcast_ttd3,wavelet_search_round1,"['Trend', 'Coif1WaveletV3']",Weather-96,144,96,192,10,1,True,2,44,66.301834,1.147478,16.282867,2515.179443,nan,0.404967,0.352685,6152975,42.87,7,False,False,ReLU,MAX_EPOCHS,43.73525238,44.22637939,54.53177643,2,1.011230,False,"[""48.72709656"", ""45.18851471"", ""43.73525238"", ""43.82788467"", ""44.15586472"", ""43.91670609"", ""44.22637939""]",1,94,0,3,Coif1WaveletV3,lt_fcast,False,,
wavelet_search_r1_baseline,Coif1_bd94_lt_fcast_ttd5,wavelet_search_round1,"['Trend', 'Coif1WaveletV3']",Weather-96,144,96,192,10,1,True,0,42,68.492622,1.251407,15.123592,2632.794189,nan,0.444378,0.418920,6155545,42.32,7,False,False,ReLU,MAX_EPOCHS,43.35785675,44.39387894,54.36594009,5,1.023895,False,"[""47.44232178"", ""44.99666977"", ""43.73239136"", ""45.23864365"", ""44.99391174"", ""43.35785675"", ""44.39387894""]",1,94,0,5,Coif1WaveletV3,lt_fcast,False,,
wavelet_search_r1_baseline,Coif1_bd94_lt_fcast_ttd5,wavelet_search_round1,"['Trend', 'Coif1WaveletV3']",Weather-96,144,96,192,10,1,True,1,43,65.736504,1.133514,13.160279,1854.868774,nan,0.379017,0.332841,6155545,43.18,7,False,False,ReLU,MAX_EPOCHS,43.29907227,44.20275116,55.03404236,3,1.020871,False,"[""48.77156448"", ""45.11600113"", ""44.62271881"", ""43.29907227"", ""43.76062775"", ""45.53975296"", ""44.20275116""]",1,94,0,5,Coif1WaveletV3,lt_fcast,False,,
wavelet_search_r1_baseline,Coif1_bd94_lt_fcast_ttd5,wavelet_search_round1,"['Trend', 'Coif1WaveletV3']",Weather-96,144,96,192,10,1,True,2,44,65.818512,0.967677,14.124769,2096.800781,nan,0.350227,0.224974,6155545,42.42,7,False,False,ReLU,MAX_EPOCHS,43.69408417,44.18133926,55.25516129,5,1.011152,False,"[""49.68635178"", ""47.32878113"", ""45.20359421"", ""45.28433609"", ""45.35824203"", ""43.69408417"", ""44.18133926""]",1,94,0,5,Coif1WaveletV3,lt_fcast,False,,
wavelet_search_r1_baseline,Coif1_bd192_eq_bcast_ttd3,wavelet_search_round1,"['Trend', 'Coif1WaveletV3']",Weather-96,144,96,192,10,1,True,0,42,66.207962,0.914734,14.961720,2381.603027,nan,0.340442,0.201145,6408975,43.23,7,False,False,ReLU,MAX_EPOCHS,43.70691299,43.81180573,53.97269821,4,1.002400,False,"[""48.15129852"", ""44.49520874"", ""44.43441772"", ""44.90565491"", ""43.70691299"", ""44.12110138"", ""43.81180573""]",1,192,0,3,Coif1WaveletV3,eq_bcast,False,,
wavelet_search_r1_baseline,Coif1_bd192_eq_bcast_ttd3,wavelet_search_round1,"['Trend', 'Coif1WaveletV3']",Weather-96,144,96,192,10,1,True,1,43,66.421219,1.092296,15.675520,2475.940186,nan,0.385620,0.288125,6408975,42.30,7,False,False,ReLU,MAX_EPOCHS,43.42596054,44.04489136,55.13671494,3,1.014253,False,"[""47.60291672"", ""44.01281357"", ""44.40428162"", ""43.42596054"", ""44.15612411"", ""43.84657288"", ""44.04489136""]",1,192,0,3,Coif1WaveletV3,eq_bcast,False,,
wavelet_search_r1_baseline,Coif1_bd192_eq_bcast_ttd3,wavelet_search_round1,"['Trend', 'Coif1WaveletV3']",Weather-96,144,96,192,10,1,True,2,44,66.071762,0.928154,14.547311,2277.149414,nan,0.349678,0.213834,6408975,43.03,7,False,False,ReLU,MAX_EPOCHS,43.18722916,44.44497681,54.44192123,4,1.029123,False,"[""49.31493759"", ""43.43542480"", ""44.88943100"", ""43.67962265"", ""43.18722916"", ""43.67142105"", ""44.44497681""]",1,192,0,3,Coif1WaveletV3,eq_bcast,False,,
wavelet_search_r1_baseline,Coif1_bd192_eq_bcast_ttd5,wavelet_search_round1,"['Trend', 'Coif1WaveletV3']",Weather-96,144,96,192,10,1,True,0,42,67.204056,1.104837,17.463099,2335.982178,nan,0.403828,0.295203,6411545,42.87,7,False,False,ReLU,MAX_EPOCHS,43.59500885,46.92404556,55.34994125,3,1.076363,False,"[""46.68918991"", ""44.75465012"", ""44.46469116"", ""43.59500885"", ""44.28640366"", ""45.44298935"", ""46.92404556""]",1,192,0,5,Coif1WaveletV3,eq_bcast,False,,
wavelet_search_r1_baseline,Coif1_bd192_eq_bcast_ttd5,wavelet_search_round1,"['Trend', 'Coif1WaveletV3']",Weather-96,144,96,192,10,1,True,1,43,66.096756,0.990560,15.936189,2589.022949,nan,0.389016,0.338136,6411545,43.47,7,False,False,ReLU,MAX_EPOCHS,43.28006363,43.95179367,54.48902893,5,1.015521,False,"[""48.91297531"", ""45.08198166"", ""45.08075333"", ""44.34694672"", ""44.28186035"", ""43.28006363"", ""43.95179367""]",1,192,0,5,Coif1WaveletV3,eq_bcast,False,,
wavelet_search_r1_baseline,Coif1_bd192_eq_bcast_ttd5,wavelet_search_round1,"['Trend', 'Coif1WaveletV3']",Weather-96,144,96,192,10,1,True,2,44,66.738914,0.954151,15.844728,2591.339355,nan,0.348318,0.214580,6411545,42.41,7,False,False,ReLU,MAX_EPOCHS,43.18287659,43.67499924,54.86327362,3,1.011396,False,"[""49.68466949"", ""46.95252609"", ""44.69229507"", ""43.18287659"", ""44.83513260"", ""45.32325745"", ""43.67499924""]",1,192,0,5,Coif1WaveletV3,eq_bcast,False,,
wavelet_search_r1_baseline,Coif2_bd96_eq_fcast_ttd3,wavelet_search_round1,"['Trend', 'Coif2WaveletV3']",Weather-96,144,96,192,10,1,True,0,42,65.259186,0.998623,15.449219,2113.662842,nan,0.365385,0.266976,6163215,43.23,7,False,False,ReLU,MAX_EPOCHS,42.88335800,43.70835114,54.04602814,2,1.019238,False,"[""45.94892120"", ""44.93482590"", ""42.88335800"", ""44.06171417"", ""42.89362335"", ""43.93437195"", ""43.70835114""]",1,96,0,3,Coif2WaveletV3,eq_fcast,False,,
wavelet_search_r1_baseline,Coif2_bd96_eq_fcast_ttd3,wavelet_search_round1,"['Trend', 'Coif2WaveletV3']",Weather-96,144,96,192,10,1,True,1,43,66.084076,1.371819,16.721687,2234.037842,nan,0.473177,0.551678,6163215,42.62,7,False,False,ReLU,MAX_EPOCHS,43.61677933,44.53992081,53.28980637,1,1.021165,False,"[""47.88690948"", ""43.61677933"", ""45.69475174"", ""43.85997391"", ""43.98041153"", ""44.05153275"", ""44.53992081""]",1,96,0,3,Coif2WaveletV3,eq_fcast,False,,
wavelet_search_r1_baseline,Coif2_bd96_eq_fcast_ttd3,wavelet_search_round1,"['Trend', 'Coif2WaveletV3']",Weather-96,144,96,192,10,1,True,2,44,65.381912,0.939922,15.119184,2322.136719,nan,0.352782,0.228990,6163215,43.03,7,False,False,ReLU,MAX_EPOCHS,43.40798950,44.85787582,54.52294922,2,1.033401,False,"[""48.00341415"", ""44.98553467"", ""43.40798950"", ""43.79846573"", ""43.99898911"", ""44.07627106"", ""44.85787582""]",1,96,0,3,Coif2WaveletV3,eq_fcast,False,,
wavelet_search_r1_baseline,Coif2_bd96_eq_fcast_ttd5,wavelet_search_round1,"['Trend', 'Coif2WaveletV3']",Weather-96,144,96,192,10,1,True,0,42,65.643402,1.027290,16.383038,2493.357666,nan,0.395443,0.333100,6165785,42.83,7,False,False,ReLU,MAX_EPOCHS,43.16708374,43.16708374,55.20986176,6,1.000000,False,"[""48.62276459"", ""46.47166061"", ""45.16506577"", ""47.23124313"", ""44.57158279"", ""45.63056946"", ""43.16708374""]",1,96,0,5,Coif2WaveletV3,eq_fcast,False,,
wavelet_search_r1_baseline,Coif2_bd96_eq_fcast_ttd5,wavelet_search_round1,"['Trend', 'Coif2WaveletV3']",Weather-96,144,96,192,10,1,True,1,43,67.469879,1.221352,15.267653,2468.931396,nan,0.468902,0.541778,6165785,42.85,7,False,False,ReLU,MAX_EPOCHS,43.33668900,43.65466690,54.22415161,3,1.007337,False,"[""48.53412628"", ""45.08731079"", ""43.88582993"", ""43.33668900"", ""45.20318985"", ""44.35390854"", ""43.65466690""]",1,96,0,5,Coif2WaveletV3,eq_fcast,False,,
wavelet_search_r1_baseline,Coif2_bd96_eq_fcast_ttd5,wavelet_search_round1,"['Trend', 'Coif2WaveletV3']",Weather-96,144,96,192,10,1,True,2,44,67.006943,0.944448,14.687363,2445.092041,nan,0.351075,0.218629,6165785,42.47,7,False,False,ReLU,MAX_EPOCHS,43.70276260,43.70276260,54.12324524,6,1.000000,False,"[""47.16192627"", ""44.92489243"", ""44.97925949"", ""47.39774704"", ""43.78707504"", ""44.52371979"", ""43.70276260""]",1,96,0,5,Coif2WaveletV3,eq_fcast,False,,
wavelet_search_r1_baseline,Coif2_bd94_lt_fcast_ttd3,wavelet_search_round1,"['Trend', 'Coif2WaveletV3']",Weather-96,144,96,192,10,1,True,0,42,66.244820,0.907877,14.805167,2505.138184,nan,0.345051,0.216485,6152975,42.96,7,False,False,ReLU,MAX_EPOCHS,42.97439194,44.02839279,54.33737564,4,1.024526,False,"[""48.87648392"", ""44.23524475"", ""44.29325485"", ""44.41890717"", ""42.97439194"", ""44.56937790"", ""44.02839279""]",1,94,0,3,Coif2WaveletV3,lt_fcast,False,,
wavelet_search_r1_baseline,Coif2_bd94_lt_fcast_ttd3,wavelet_search_round1,"['Trend', 'Coif2WaveletV3']",Weather-96,144,96,192,10,1,True,1,43,65.473846,1.310642,15.311660,1865.171631,nan,0.439799,0.523262,6152975,42.32,7,False,False,ReLU,MAX_EPOCHS,44.35278702,44.53186417,54.66558838,1,1.004038,False,"[""46.74153137"", ""44.35278702"", ""44.45718002"", ""44.37657166"", ""45.33507919"", ""44.84377289"", ""44.53186417""]",1,94,0,3,Coif2WaveletV3,lt_fcast,False,,
wavelet_search_r1_baseline,Coif2_bd94_lt_fcast_ttd3,wavelet_search_round1,"['Trend', 'Coif2WaveletV3']",Weather-96,144,96,192,10,1,True,2,44,66.350380,1.005340,15.642868,2550.061279,nan,0.361439,0.248807,6152975,42.83,7,False,False,ReLU,MAX_EPOCHS,43.69447708,45.19997406,54.70708466,3,1.034455,False,"[""49.08628464"", ""45.03280258"", ""45.10087585"", ""43.69447708"", ""45.51081085"", ""44.33376312"", ""45.19997406""]",1,94,0,3,Coif2WaveletV3,lt_fcast,False,,
wavelet_search_r1_baseline,Coif2_bd94_lt_fcast_ttd5,wavelet_search_round1,"['Trend', 'Coif2WaveletV3']",Weather-96,144,96,192,10,1,True,0,42,66.922356,1.088511,18.076082,2827.431396,nan,0.410998,0.354332,6155545,42.34,7,False,False,ReLU,MAX_EPOCHS,43.28111267,43.28111267,54.75353622,6,1.000000,False,"[""47.87552261"", ""45.72480774"", ""46.90931320"", ""44.42308426"", ""47.67816544"", ""45.58451462"", ""43.28111267""]",1,94,0,5,Coif2WaveletV3,lt_fcast,False,,
wavelet_search_r1_baseline,Coif2_bd94_lt_fcast_ttd5,wavelet_search_round1,"['Trend', 'Coif2WaveletV3']",Weather-96,144,96,192,10,1,True,1,43,66.715530,1.061995,14.588166,2134.481445,nan,0.387417,0.282852,6155545,43.09,7,False,False,ReLU,MAX_EPOCHS,43.80773163,44.81001282,54.21761703,3,1.022879,False,"[""47.47011948"", ""45.56732559"", ""44.69131088"", ""43.80773163"", ""44.42681885"", ""44.13764954"", ""44.81001282""]",1,94,0,5,Coif2WaveletV3,lt_fcast,False,,
wavelet_search_r1_baseline,Coif2_bd94_lt_fcast_ttd5,wavelet_search_round1,"['Trend', 'Coif2WaveletV3']",Weather-96,144,96,192,10,1,True,2,44,65.639587,0.987866,15.701180,2288.713867,nan,0.363603,0.236841,6155545,42.52,7,False,False,ReLU,MAX_EPOCHS,43.22215652,44.91289139,54.53293228,4,1.039117,False,"[""48.76943970"", ""46.18965912"", ""44.86013794"", ""46.60210419"", ""43.22215652"", ""44.07769775"", ""44.91289139""]",1,94,0,5,Coif2WaveletV3,lt_fcast,False,,
wavelet_search_r1_baseline,Coif2_bd192_eq_bcast_ttd3,wavelet_search_round1,"['Trend', 'Coif2WaveletV3']",Weather-96,144,96,192,10,1,True,0,42,66.098091,0.980397,15.111783,2205.340820,nan,0.357200,0.229854,6408975,43.10,7,False,False,ReLU,MAX_EPOCHS,43.28763962,44.49114990,54.09112549,4,1.027803,False,"[""48.22797394"", ""44.76195145"", ""43.63355255"", ""43.59278870"", ""43.28763962"", ""44.37131119"", ""44.49114990""]",1,192,0,3,Coif2WaveletV3,eq_bcast,False,,
wavelet_search_r1_baseline,Coif2_bd192_eq_bcast_ttd3,wavelet_search_round1,"['Trend', 'Coif2WaveletV3']",Weather-96,144,96,192,10,1,True,1,43,68.147797,1.354669,16.587717,2655.073975,nan,0.471904,0.473433,6408975,42.52,7,False,False,ReLU,MAX_EPOCHS,43.83860016,44.23868179,54.79660797,4,1.009126,False,"[""46.94895935"", ""45.61698151"", ""44.68993759"", ""43.84152985"", ""43.83860016"", ""44.12782288"", ""44.23868179""]",1,192,0,3,Coif2WaveletV3,eq_bcast,False,,
wavelet_search_r1_baseline,Coif2_bd192_eq_bcast_ttd3,wavelet_search_round1,"['Trend', 'Coif2WaveletV3']",Weather-96,144,96,192,10,1,True,2,44,66.259781,1.005400,14.088720,2277.908936,nan,0.372566,0.268221,6408975,42.99,7,False,False,ReLU,MAX_EPOCHS,43.45336151,43.93206406,54.75677109,4,1.011016,False,"[""47.75687790"", ""44.87273788"", ""44.95940781"", ""45.28256989"", ""43.45336151"", ""44.00191498"", ""43.93206406""]",1,192,0,3,Coif2WaveletV3,eq_bcast,False,,
wavelet_search_r1_baseline,Coif2_bd192_eq_bcast_ttd5,wavelet_search_round1,"['Trend', 'Coif2WaveletV3']",Weather-96,144,96,192,10,1,True,0,42,66.696609,1.099859,14.717359,2228.328125,nan,0.393300,0.291813,6411545,42.88,7,False,False,ReLU,MAX_EPOCHS,43.59417725,47.68287277,58.49069214,3,1.093790,False,"[""46.56301880"", ""46.93406677"", ""44.46392441"", ""43.59417725"", ""44.07062912"", ""45.01781082"", ""47.68287277""]",1,192,0,5,Coif2WaveletV3,eq_bcast,False,,
wavelet_search_r1_baseline,Coif2_bd192_eq_bcast_ttd5,wavelet_search_round1,"['Trend', 'Coif2WaveletV3']",Weather-96,144,96,192,10,1,True,1,43,66.028809,0.963504,14.320382,2481.950439,nan,0.350558,0.233447,6411545,43.17,7,False,False,ReLU,MAX_EPOCHS,43.10312653,44.92964554,55.03790283,3,1.042376,False,"[""47.97778702"", ""45.20013428"", ""44.46313858"", ""43.10312653"", ""43.70642471"", ""43.68192291"", ""44.92964554""]",1,192,0,5,Coif2WaveletV3,eq_bcast,False,,
wavelet_search_r1_baseline,Coif2_bd192_eq_bcast_ttd5,wavelet_search_round1,"['Trend', 'Coif2WaveletV3']",Weather-96,144,96,192,10,1,True,2,44,67.625397,1.635834,17.306044,2367.942139,nan,0.613714,1.151586,6411545,43.01,7,False,False,ReLU,MAX_EPOCHS,43.81413651,43.89197159,54.97578430,4,1.001776,False,"[""48.85746765"", ""47.62881088"", ""44.74861145"", ""43.89096069"", ""43.81413651"", ""45.54047012"", ""43.89197159""]",1,192,0,5,Coif2WaveletV3,eq_bcast,False,,
wavelet_search_r1_baseline,Coif3_bd96_eq_fcast_ttd3,wavelet_search_round1,"['Trend', 'Coif3WaveletV3']",Weather-96,144,96,192,10,1,True,0,42,65.838364,0.887100,14.354714,2481.121826,nan,0.335533,0.214992,6163215,43.53,7,False,False,ReLU,MAX_EPOCHS,42.77612686,43.96358109,54.06266403,3,1.027760,False,"[""48.40671158"", ""45.13673401"", ""43.67885208"", ""42.77612686"", ""43.54560471"", ""43.55454254"", ""43.96358109""]",1,96,0,3,Coif3WaveletV3,eq_fcast,False,,
wavelet_search_r1_baseline,Coif3_bd96_eq_fcast_ttd5,wavelet_search_round1,"['Trend', 'Coif3WaveletV3']",Weather-96,144,96,192,10,1,True,0,42,67.033997,1.065931,15.299440,2425.126709,nan,0.396015,0.296742,6165785,43.83,7,False,False,ReLU,MAX_EPOCHS,43.62675476,43.74497986,54.58007050,5,1.002710,False,"[""48.28506851"", ""47.27679062"", ""43.84981537"", ""45.87016296"", ""45.31101227"", ""43.62675476"", ""43.74497986""]",1,96,0,5,Coif3WaveletV3,eq_fcast,False,,
wavelet_search_r1_baseline,Coif3_bd96_eq_fcast_ttd5,wavelet_search_round1,"['Trend', 'Coif3WaveletV3']",Weather-96,144,96,192,10,1,True,1,43,66.505203,1.128795,16.454027,2481.867676,nan,0.397647,0.312689,6165785,43.30,7,False,False,ReLU,MAX_EPOCHS,43.75057602,44.33045959,54.45309830,2,1.013254,False,"[""48.65302658"", ""44.79055023"", ""43.75057602"", ""45.37076569"", ""45.00257492"", ""44.67388535"", ""44.33045959""]",1,96,0,5,Coif3WaveletV3,eq_fcast,False,,
