model_type,config_name,dataset,horizon,backcast_length,n_stacks,n_blocks_per_stack,run,seed,mse,mae,denorm_mse,denorm_mae,smape,n_params,training_time_seconds,epochs_trained,stopping_reason,best_val_loss,loss_function,active_g,normalize,train_ratio,val_ratio,include_target,stack_types,n_pools_kernel_size,n_freq_downsample
NHiTSNet,Pool-2x2x2_Freq-168x24x1,weather,96,480,3,1,0,1,0.179634,0.240973,2414.746582,16.063356,67.551033,3154432,687.56,26,EARLY_STOPPED,0.4295584,MSELoss,False,True,0.7,0.1,True,['Generic'],"[2, 2, 2]","[168, 24, 1]"
NHiTSNet,Pool-2x2x2_Freq-168x24x1,weather,96,480,3,1,1,2,0.185274,0.239245,2453.560059,15.84151,66.199326,3154432,687.27,26,EARLY_STOPPED,0.4359124,MSELoss,False,True,0.7,0.1,True,['Generic'],"[2, 2, 2]","[168, 24, 1]"
NHiTSNet,Pool-2x2x2_Freq-24x12x1,weather,96,480,3,1,0,1,0.176082,0.230597,2305.214844,14.912778,67.349945,3158016,692.12,26,EARLY_STOPPED,0.4250364,MSELoss,False,True,0.7,0.1,True,['Generic'],"[2, 2, 2]","[24, 12, 1]"
NHiTSNet,Pool-2x2x2_Freq-24x12x1,weather,96,480,3,1,1,2,0.185335,0.244307,2517.518555,15.818247,69.214828,3158016,691.33,26,EARLY_STOPPED,0.43366855,MSELoss,False,True,0.7,0.1,True,['Generic'],"[2, 2, 2]","[24, 12, 1]"
NHiTSNet,Pool-2x2x2_Freq-1x1x1,weather,96,480,3,1,1,2,0.185092,0.243764,2306.382812,15.541187,67.87249,3250176,672.1,26,EARLY_STOPPED,0.44272318,MSELoss,False,True,0.7,0.1,True,['Generic'],"[2, 2, 2]","[1, 1, 1]"
NHiTSNet,Pool-2x2x2_Freq-1x1x1,weather,96,480,3,1,0,1,0.17861,0.232199,2252.371582,14.902031,67.773186,3250176,672.9,26,EARLY_STOPPED,0.42956719,MSELoss,False,True,0.7,0.1,True,['Generic'],"[2, 2, 2]","[1, 1, 1]"
NHiTSNet,Pool-16x8x1_Freq-168x24x1,weather,96,480,3,1,1,2,0.18338,0.239771,2316.767334,15.148592,66.174187,3000832,706.03,26,EARLY_STOPPED,0.4307746,MSELoss,False,True,0.7,0.1,True,['Generic'],"[16, 8, 1]","[168, 24, 1]"
NHiTSNet,Pool-16x8x1_Freq-168x24x1,weather,96,480,3,1,0,1,0.182635,0.239524,2480.62915,15.643011,67.856674,3000832,706.06,26,EARLY_STOPPED,0.44071779,MSELoss,False,True,0.7,0.1,True,['Generic'],"[16, 8, 1]","[168, 24, 1]"
NHiTSNet,Pool-16x8x1_Freq-24x12x1,weather,96,480,3,1,0,1,0.183102,0.238193,2288.122803,15.230613,68.854477,3004416,697.65,26,EARLY_STOPPED,0.44402155,MSELoss,False,True,0.7,0.1,True,['Generic'],"[16, 8, 1]","[24, 12, 1]"
NHiTSNet,Pool-16x8x1_Freq-24x12x1,weather,96,480,3,1,1,2,0.181519,0.233595,2216.058594,14.401633,64.616066,3004416,699.23,26,EARLY_STOPPED,0.43938535,MSELoss,False,True,0.7,0.1,True,['Generic'],"[16, 8, 1]","[24, 12, 1]"
NHiTSNet,Pool-16x8x1_Freq-1x1x1,weather,96,480,3,1,0,1,0.185652,0.238699,2145.271484,14.247206,64.999458,3096576,683.73,26,EARLY_STOPPED,0.44759446,MSELoss,False,True,0.7,0.1,True,['Generic'],"[16, 8, 1]","[1, 1, 1]"
NHiTSNet,Pool-16x8x1_Freq-1x1x1,weather,96,480,3,1,1,2,0.176254,0.232781,2110.037354,14.421268,66.398483,3096576,685.61,26,EARLY_STOPPED,0.43547785,MSELoss,False,True,0.7,0.1,True,['Generic'],"[16, 8, 1]","[1, 1, 1]"
NHiTSNet,Pool-2x2x2_Freq-168x24x1,weather,192,960,3,1,0,1,0.280257,0.315923,4356.567383,17.7572,77.667198,3942912,714.14,26,EARLY_STOPPED,0.56673533,MSELoss,False,True,0.7,0.1,True,['Generic'],"[2, 2, 2]","[168, 24, 1]"
NHiTSNet,Pool-2x2x2_Freq-168x24x1,weather,192,960,3,1,1,2,0.275189,0.314967,4175.07959,17.554773,77.355759,3942912,716.1,26,EARLY_STOPPED,0.54925698,MSELoss,False,True,0.7,0.1,True,['Generic'],"[2, 2, 2]","[168, 24, 1]"
NHiTSNet,Pool-2x2x2_Freq-24x12x1,weather,192,960,3,1,0,1,0.281056,0.315729,4138.804199,17.752512,77.445374,3950592,708.94,26,EARLY_STOPPED,0.56375122,MSELoss,False,True,0.7,0.1,True,['Generic'],"[2, 2, 2]","[24, 12, 1]"
NHiTSNet,Pool-2x2x2_Freq-24x12x1,weather,192,960,3,1,1,2,0.267742,0.309101,3817.60376,17.459358,78.223854,3950592,711.59,26,EARLY_STOPPED,0.5561251,MSELoss,False,True,0.7,0.1,True,['Generic'],"[2, 2, 2]","[24, 12, 1]"
NHiTSNet,Pool-2x2x2_Freq-1x1x1,weather,192,960,3,1,0,1,0.265833,0.307201,3599.553955,17.228315,78.190575,4134912,693.92,26,EARLY_STOPPED,0.54876488,MSELoss,False,True,0.7,0.1,True,['Generic'],"[2, 2, 2]","[1, 1, 1]"
NHiTSNet,Pool-2x2x2_Freq-1x1x1,weather,192,960,3,1,1,2,0.286651,0.320961,4034.467773,18.286255,80.844353,4134912,696.27,26,EARLY_STOPPED,0.56285417,MSELoss,False,True,0.7,0.1,True,['Generic'],"[2, 2, 2]","[1, 1, 1]"
NHiTSNet,Pool-16x8x1_Freq-168x24x1,weather,192,960,3,1,1,2,0.277285,0.319653,4027.858154,18.422897,79.470352,3635712,706.96,26,EARLY_STOPPED,0.54148179,MSELoss,False,True,0.7,0.1,True,['Generic'],"[16, 8, 1]","[168, 24, 1]"
NHiTSNet,Pool-16x8x1_Freq-168x24x1,weather,192,960,3,1,0,1,0.316636,0.317418,4736.412598,17.425795,75.287521,3635712,1482.8,55,EARLY_STOPPED,0.55458593,MSELoss,False,True,0.7,0.1,True,['Generic'],"[16, 8, 1]","[168, 24, 1]"
NHiTSNet,Pool-16x8x1_Freq-24x12x1,weather,192,960,3,1,0,1,0.312616,0.313949,4540.377441,16.859596,74.290321,3643392,1209.63,45,EARLY_STOPPED,0.5540958,MSELoss,False,True,0.7,0.1,True,['Generic'],"[16, 8, 1]","[24, 12, 1]"
NHiTSNet,Pool-16x8x1_Freq-24x12x1,weather,192,960,3,1,1,2,0.274551,0.317626,3984.278564,18.53483,80.580666,3643392,692.17,26,EARLY_STOPPED,0.55817574,MSELoss,False,True,0.7,0.1,True,['Generic'],"[16, 8, 1]","[24, 12, 1]"
NHiTSNet,Pool-16x8x1_Freq-1x1x1,weather,192,960,3,1,1,2,0.271159,0.313215,3421.664551,17.142851,77.590393,3827712,721.72,27,EARLY_STOPPED,0.55554169,MSELoss,False,True,0.7,0.1,True,['Generic'],"[16, 8, 1]","[1, 1, 1]"
NHiTSNet,Pool-16x8x1_Freq-1x1x1,weather,192,960,3,1,0,1,0.280874,0.308462,4093.768311,17.028267,73.623817,3827712,1041.05,39,EARLY_STOPPED,0.55610043,MSELoss,False,True,0.7,0.1,True,['Generic'],"[16, 8, 1]","[1, 1, 1]"
NHiTSNet,Pool-2x2x2_Freq-168x24x1,weather,336,1680,3,1,1,2,0.32987,0.359757,4938.709473,20.419535,85.042221,5126144,830.55,30,EARLY_STOPPED,0.49244988,MSELoss,False,True,0.7,0.1,True,['Generic'],"[2, 2, 2]","[168, 24, 1]"
NHiTSNet,Pool-2x2x2_Freq-168x24x1,weather,336,1680,3,1,0,1,0.331901,0.351614,5871.390625,19.917181,81.899155,5126144,1155.78,42,EARLY_STOPPED,0.50082034,MSELoss,False,True,0.7,0.1,True,['Generic'],"[2, 2, 2]","[168, 24, 1]"
NHiTSNet,Pool-2x2x2_Freq-24x12x1,weather,336,1680,3,1,0,1,0.316968,0.352706,4968.393555,21.366613,87.332794,5139456,717.53,26,EARLY_STOPPED,0.50879616,MSELoss,False,True,0.7,0.1,True,['Generic'],"[2, 2, 2]","[24, 12, 1]"
NHiTSNet,Pool-2x2x2_Freq-24x12x1,weather,336,1680,3,1,1,2,0.338035,0.36443,5582.496582,21.204279,87.504738,5139456,709.46,26,EARLY_STOPPED,0.49585268,MSELoss,False,True,0.7,0.1,True,['Generic'],"[2, 2, 2]","[24, 12, 1]"
NHiTSNet,Pool-2x2x2_Freq-1x1x1,weather,336,1680,3,1,0,1,0.331847,0.357921,4916.27832,20.35709,86.267975,5462016,723.8,27,EARLY_STOPPED,0.50202775,MSELoss,False,True,0.7,0.1,True,['Generic'],"[2, 2, 2]","[1, 1, 1]"
NHiTSNet,Pool-2x2x2_Freq-1x1x1,weather,336,1680,3,1,1,2,0.330212,0.354793,4670.98291,19.980658,84.544525,5462016,698.86,26,EARLY_STOPPED,0.50353473,MSELoss,False,True,0.7,0.1,True,['Generic'],"[2, 2, 2]","[1, 1, 1]"
NHiTSNet,Pool-16x8x1_Freq-168x24x1,weather,336,1680,3,1,0,1,0.31712,0.349332,4711.724121,19.771185,83.206841,4588544,768.45,28,EARLY_STOPPED,0.50462621,MSELoss,False,True,0.7,0.1,True,['Generic'],"[16, 8, 1]","[168, 24, 1]"
NHiTSNet,Pool-16x8x1_Freq-168x24x1,weather,336,1680,3,1,1,2,0.34276,0.358356,6466.193359,20.42585,83.585655,4588544,925.74,34,EARLY_STOPPED,0.49868333,MSELoss,False,True,0.7,0.1,True,['Generic'],"[16, 8, 1]","[168, 24, 1]"
NHiTSNet,Pool-16x8x1_Freq-24x12x1,weather,336,1680,3,1,0,1,0.30901,0.338688,4390.162598,18.739176,79.501686,4601856,982.49,36,EARLY_STOPPED,0.48889565,MSELoss,False,True,0.7,0.1,True,['Generic'],"[16, 8, 1]","[24, 12, 1]"
NHiTSNet,Pool-16x8x1_Freq-24x12x1,weather,336,1680,3,1,1,2,0.319745,0.34542,4622.450195,19.027147,81.751648,4601856,891.99,33,EARLY_STOPPED,0.48869136,MSELoss,False,True,0.7,0.1,True,['Generic'],"[16, 8, 1]","[24, 12, 1]"
NHiTSNet,Pool-16x8x1_Freq-1x1x1,weather,336,1680,3,1,0,1,0.322476,0.349702,4335.939941,19.147804,82.953171,4924416,844.49,32,EARLY_STOPPED,0.49363175,MSELoss,False,True,0.7,0.1,True,['Generic'],"[16, 8, 1]","[1, 1, 1]"
NHiTSNet,Pool-16x8x1_Freq-1x1x1,weather,336,1680,3,1,1,2,0.330653,0.358769,4721.147461,20.29661,84.659035,4924416,744.12,28,EARLY_STOPPED,0.49141309,MSELoss,False,True,0.7,0.1,True,['Generic'],"[16, 8, 1]","[1, 1, 1]"
NHiTSNet,Pool-2x2x2_Freq-168x24x1,weather,720,3600,3,1,1,2,0.421657,0.425508,8041.270996,27.465931,98.705864,8281088,1037.38,37,EARLY_STOPPED,0.77490741,MSELoss,False,True,0.7,0.1,True,['Generic'],"[2, 2, 2]","[168, 24, 1]"
NHiTSNet,Pool-2x2x2_Freq-168x24x1,weather,720,3600,3,1,0,1,0.386217,0.393967,6770.744141,25.397602,91.292801,8281088,1450.44,52,EARLY_STOPPED,0.77883619,MSELoss,False,True,0.7,0.1,True,['Generic'],"[2, 2, 2]","[168, 24, 1]"
NHiTSNet,Pool-2x2x2_Freq-24x12x1,weather,720,3600,3,1,1,2,0.427621,0.415187,12938.985352,28.312971,97.533836,8309760,1040.94,36,EARLY_STOPPED,0.77786022,MSELoss,False,True,0.7,0.1,True,['Generic'],"[2, 2, 2]","[24, 12, 1]"
NHiTSNet,Pool-2x2x2_Freq-24x12x1,weather,720,3600,3,1,0,1,0.401443,0.414236,8340.138672,27.928598,97.965523,8309760,1513.84,53,EARLY_STOPPED,0.78758079,MSELoss,False,True,0.7,0.1,True,['Generic'],"[2, 2, 2]","[24, 12, 1]"
NHiTSNet,Pool-2x2x2_Freq-1x1x1,weather,720,3600,3,1,0,1,0.429267,0.42356,7435.581055,27.094461,98.538948,9000960,766.88,27,EARLY_STOPPED,0.78561175,MSELoss,False,True,0.7,0.1,True,['Generic'],"[2, 2, 2]","[1, 1, 1]"
NHiTSNet,Pool-16x8x1_Freq-168x24x1,weather,720,3600,3,1,0,1,0.41022,0.421129,7869.145508,28.147964,99.41378,7129088,721.24,26,EARLY_STOPPED,0.75900668,MSELoss,False,True,0.7,0.1,True,['Generic'],"[16, 8, 1]","[168, 24, 1]"
NHiTSNet,Pool-2x2x2_Freq-1x1x1,weather,720,3600,3,1,1,2,0.463917,0.425011,17126.324219,28.916666,98.929741,9000960,1368.27,49,EARLY_STOPPED,0.78081799,MSELoss,False,True,0.7,0.1,True,['Generic'],"[2, 2, 2]","[1, 1, 1]"
NHiTSNet,Pool-16x8x1_Freq-24x12x1,weather,720,3600,3,1,0,1,0.392274,0.400949,6808.61084,26.134027,95.165031,7157760,751.72,27,EARLY_STOPPED,0.73778737,MSELoss,False,True,0.7,0.1,True,['Generic'],"[16, 8, 1]","[24, 12, 1]"
NHiTSNet,Pool-16x8x1_Freq-168x24x1,weather,720,3600,3,1,1,2,0.416589,0.421751,7059.472168,26.939875,97.381668,7129088,1196.78,43,EARLY_STOPPED,0.73194289,MSELoss,False,True,0.7,0.1,True,['Generic'],"[16, 8, 1]","[168, 24, 1]"
NHiTSNet,Pool-16x8x1_Freq-24x12x1,weather,720,3600,3,1,1,2,0.397783,0.411143,7489.044922,27.385332,97.119942,7157760,712.59,26,EARLY_STOPPED,0.7527833,MSELoss,False,True,0.7,0.1,True,['Generic'],"[16, 8, 1]","[24, 12, 1]"
NHiTSNet,Pool-16x8x1_Freq-1x1x1,weather,720,3600,3,1,0,1,0.434268,0.418315,7555.165527,27.18545,98.066521,7848960,806.31,29,EARLY_STOPPED,0.76331097,MSELoss,False,True,0.7,0.1,True,['Generic'],"[16, 8, 1]","[1, 1, 1]"
NHiTSNet,Pool-16x8x1_Freq-1x1x1,weather,720,3600,3,1,1,2,0.401056,0.404721,7121.421387,26.226055,93.67527,7848960,1311.16,61,EARLY_STOPPED,0.75082153,MSELoss,False,True,0.7,0.1,True,['Generic'],"[16, 8, 1]","[1, 1, 1]"
NHiTSNet,Pool-4x2x1_Freq-168x24x1,weather,96,480,3,1,0,1,0.180311,0.236039,2368.121582,15.463439,67.870483,3277312,670.67,26,EARLY_STOPPED,0.43342617,MSELoss,False,True,0.7,0.1,True,['Generic'],"[4, 2, 1]","[168, 24, 1]"
NHiTSNet,Pool-4x2x1_Freq-168x24x1,weather,96,480,3,1,1,2,0.179153,0.234437,2175.15918,14.360211,64.00248,3277312,671.31,26,EARLY_STOPPED,0.42930168,MSELoss,False,True,0.7,0.1,True,['Generic'],"[4, 2, 1]","[168, 24, 1]"
NHiTSNet,Pool-4x2x1_Freq-24x12x1,weather,96,480,3,1,0,1,0.190996,0.241201,2303.421387,14.687585,66.139587,3280896,698.21,26,EARLY_STOPPED,0.43784148,MSELoss,False,True,0.7,0.1,True,['Generic'],"[4, 2, 1]","[24, 12, 1]"
NHiTSNet,Pool-4x2x1_Freq-24x12x1,weather,96,480,3,1,1,2,0.182816,0.237476,2347.616699,14.829483,67.697929,3280896,697.47,26,EARLY_STOPPED,0.44687328,MSELoss,False,True,0.7,0.1,True,['Generic'],"[4, 2, 1]","[24, 12, 1]"
NHiTSNet,Pool-4x2x1_Freq-1x1x1,weather,96,480,3,1,0,1,0.183878,0.239459,2259.746338,15.729925,68.041504,3373056,671.3,26,EARLY_STOPPED,0.44128942,MSELoss,False,True,0.7,0.1,True,['Generic'],"[4, 2, 1]","[1, 1, 1]"
NHiTSNet,Pool-4x2x1_Freq-1x1x1,weather,96,480,3,1,1,2,0.178588,0.236928,2336.323486,15.613896,68.048782,3373056,670.62,26,EARLY_STOPPED,0.42571142,MSELoss,False,True,0.7,0.1,True,['Generic'],"[4, 2, 1]","[1, 1, 1]"
NHiTSNet,Pool-2x2x1_Freq-168x24x1,weather,96,480,3,1,0,1,0.176837,0.231014,2182.580078,14.390417,65.26741,3400192,683.58,26,EARLY_STOPPED,0.41952536,MSELoss,False,True,0.7,0.1,True,['Generic'],"[2, 2, 1]","[168, 24, 1]"
NHiTSNet,Pool-2x2x1_Freq-168x24x1,weather,96,480,3,1,1,2,0.182194,0.236177,2229.982178,14.403275,63.426781,3400192,682.59,26,EARLY_STOPPED,0.4295547,MSELoss,False,True,0.7,0.1,True,['Generic'],"[2, 2, 1]","[168, 24, 1]"
NHiTSNet,Pool-2x2x1_Freq-24x12x1,weather,96,480,3,1,0,1,0.178719,0.232724,2162.737061,14.610811,65.888046,3403776,686.27,26,EARLY_STOPPED,0.42918095,MSELoss,False,True,0.7,0.1,True,['Generic'],"[2, 2, 1]","[24, 12, 1]"
NHiTSNet,Pool-2x2x1_Freq-24x12x1,weather,96,480,3,1,1,2,0.177284,0.235484,2258.079346,14.749521,66.551537,3403776,685.43,26,EARLY_STOPPED,0.43094805,MSELoss,False,True,0.7,0.1,True,['Generic'],"[2, 2, 1]","[24, 12, 1]"
NHiTSNet,Pool-2x2x1_Freq-1x1x1,weather,96,480,3,1,0,1,0.177442,0.235135,2270.292236,14.638504,67.377335,3495936,669.25,26,EARLY_STOPPED,0.42770407,MSELoss,False,True,0.7,0.1,True,['Generic'],"[2, 2, 1]","[1, 1, 1]"
NHiTSNet,Pool-2x2x1_Freq-1x1x1,weather,96,480,3,1,1,2,0.180922,0.232771,2208.23999,14.688911,64.697037,3495936,668.33,26,EARLY_STOPPED,0.43081689,MSELoss,False,True,0.7,0.1,True,['Generic'],"[2, 2, 1]","[1, 1, 1]"
NHiTSNet,Pool-4x2x1_Freq-168x24x1,weather,192,960,3,1,0,1,0.269675,0.311143,3963.86792,17.369076,77.872681,4188672,696.93,26,EARLY_STOPPED,0.55407566,MSELoss,False,True,0.7,0.1,True,['Generic'],"[4, 2, 1]","[168, 24, 1]"
NHiTSNet,Pool-4x2x1_Freq-168x24x1,weather,192,960,3,1,1,2,0.283547,0.322319,4537.375488,18.789698,80.641457,4188672,697.05,26,EARLY_STOPPED,0.55367094,MSELoss,False,True,0.7,0.1,True,['Generic'],"[4, 2, 1]","[168, 24, 1]"
NHiTSNet,Pool-4x2x1_Freq-24x12x1,weather,192,960,3,1,1,2,0.265437,0.309603,3727.453613,17.669527,80.17672,4196352,685.99,26,EARLY_STOPPED,0.54744518,MSELoss,False,True,0.7,0.1,True,['Generic'],"[4, 2, 1]","[24, 12, 1]"
NHiTSNet,Pool-4x2x1_Freq-24x12x1,weather,192,960,3,1,0,1,0.26672,0.309233,3880.394287,17.307949,78.320816,4196352,713.26,27,EARLY_STOPPED,0.55421776,MSELoss,False,True,0.7,0.1,True,['Generic'],"[4, 2, 1]","[24, 12, 1]"
NHiTSNet,Pool-4x2x1_Freq-1x1x1,weather,192,960,3,1,0,1,0.274252,0.317273,3667.85498,17.696815,79.362762,4380672,665.09,26,EARLY_STOPPED,0.56020838,MSELoss,False,True,0.7,0.1,True,['Generic'],"[4, 2, 1]","[1, 1, 1]"
NHiTSNet,Pool-4x2x1_Freq-1x1x1,weather,192,960,3,1,1,2,0.28088,0.325183,4045.894043,18.645788,80.367126,4380672,665.46,26,EARLY_STOPPED,0.56276846,MSELoss,False,True,0.7,0.1,True,['Generic'],"[4, 2, 1]","[1, 1, 1]"
NHiTSNet,Pool-2x2x1_Freq-168x24x1,weather,192,960,3,1,1,2,0.273375,0.314522,3981.426025,17.337847,79.752983,4434432,715.59,27,EARLY_STOPPED,0.55666405,MSELoss,False,True,0.7,0.1,True,['Generic'],"[2, 2, 1]","[168, 24, 1]"
NHiTSNet,Pool-2x2x1_Freq-168x24x1,weather,192,960,3,1,0,1,0.275413,0.313052,4094.114502,17.435799,78.705696,4434432,742.32,28,EARLY_STOPPED,0.55911613,MSELoss,False,True,0.7,0.1,True,['Generic'],"[2, 2, 1]","[168, 24, 1]"
NHiTSNet,Pool-2x2x1_Freq-24x12x1,weather,192,960,3,1,1,2,0.273492,0.312385,3941.799805,17.568726,76.327202,4442112,710.55,26,EARLY_STOPPED,0.55457109,MSELoss,False,True,0.7,0.1,True,['Generic'],"[2, 2, 1]","[24, 12, 1]"
NHiTSNet,Pool-2x2x1_Freq-24x12x1,weather,192,960,3,1,0,1,0.274617,0.309094,4298.811523,17.132498,73.996017,4442112,1360.5,51,EARLY_STOPPED,0.56374872,MSELoss,False,True,0.7,0.1,True,['Generic'],"[2, 2, 1]","[24, 12, 1]"
NHiTSNet,Pool-2x2x1_Freq-1x1x1,weather,192,960,3,1,0,1,0.271783,0.313169,3732.367188,17.220209,78.048271,4626432,672.34,26,EARLY_STOPPED,0.56191278,MSELoss,False,True,0.7,0.1,True,['Generic'],"[2, 2, 1]","[1, 1, 1]"
NHiTSNet,Pool-2x2x1_Freq-1x1x1,weather,192,960,3,1,1,2,0.268446,0.307368,3810.737305,17.231613,76.790474,4626432,690.45,26,EARLY_STOPPED,0.55835414,MSELoss,False,True,0.7,0.1,True,['Generic'],"[2, 2, 1]","[1, 1, 1]"
NHiTSNet,Pool-4x2x1_Freq-168x24x1,weather,336,1680,3,1,0,1,0.322312,0.350329,5543.80957,20.793789,83.138153,5556224,1033.67,39,EARLY_STOPPED,0.49375004,MSELoss,False,True,0.7,0.1,True,['Generic'],"[4, 2, 1]","[168, 24, 1]"
NHiTSNet,Pool-4x2x1_Freq-24x12x1,weather,336,1680,3,1,0,1,0.322351,0.356005,5338.04834,21.752247,87.766228,5569536,695.23,26,EARLY_STOPPED,0.49867156,MSELoss,False,True,0.7,0.1,True,['Generic'],"[4, 2, 1]","[24, 12, 1]"
NHiTSNet,Pool-4x2x1_Freq-168x24x1,weather,336,1680,3,1,1,2,0.355564,0.359692,8152.272461,21.313402,83.407898,5556224,1273.25,47,EARLY_STOPPED,0.49989042,MSELoss,False,True,0.7,0.1,True,['Generic'],"[4, 2, 1]","[168, 24, 1]"
NHiTSNet,Pool-4x2x1_Freq-24x12x1,weather,336,1680,3,1,1,2,0.324108,0.357031,5111.246094,20.486092,86.371292,5569536,701.39,26,EARLY_STOPPED,0.48916987,MSELoss,False,True,0.7,0.1,True,['Generic'],"[4, 2, 1]","[24, 12, 1]"
NHiTSNet,Pool-4x2x1_Freq-1x1x1,weather,336,1680,3,1,0,1,0.325885,0.355888,4663.193848,20.450535,86.227348,5892096,690.9,26,EARLY_STOPPED,0.49427429,MSELoss,False,True,0.7,0.1,True,['Generic'],"[4, 2, 1]","[1, 1, 1]"
NHiTSNet,Pool-4x2x1_Freq-1x1x1,weather,336,1680,3,1,1,2,0.330264,0.360963,5043.914062,20.519953,85.796425,5892096,684.4,26,EARLY_STOPPED,0.49963021,MSELoss,False,True,0.7,0.1,True,['Generic'],"[4, 2, 1]","[1, 1, 1]"
NHiTSNet,Pool-2x2x1_Freq-168x24x1,weather,336,1680,3,1,0,1,0.331136,0.358028,5311.574707,22.038523,85.509964,5986304,722.17,27,EARLY_STOPPED,0.50573546,MSELoss,False,True,0.7,0.1,True,['Generic'],"[2, 2, 1]","[168, 24, 1]"
NHiTSNet,Pool-2x2x1_Freq-168x24x1,weather,336,1680,3,1,1,2,0.327659,0.354885,5633.155762,20.491583,83.911186,5986304,871.37,32,EARLY_STOPPED,0.50043291,MSELoss,False,True,0.7,0.1,True,['Generic'],"[2, 2, 1]","[168, 24, 1]"
NHiTSNet,Pool-2x2x1_Freq-24x12x1,weather,336,1680,3,1,0,1,0.3329,0.360823,4777.151855,20.367395,85.111595,5999616,735.22,27,EARLY_STOPPED,0.4924719,MSELoss,False,True,0.7,0.1,True,['Generic'],"[2, 2, 1]","[24, 12, 1]"
NHiTSNet,Pool-2x2x1_Freq-24x12x1,weather,336,1680,3,1,1,2,0.327435,0.356798,5032.32959,21.263802,85.585716,5999616,713.02,27,EARLY_STOPPED,0.49781114,MSELoss,False,True,0.7,0.1,True,['Generic'],"[2, 2, 1]","[24, 12, 1]"
NHiTSNet,Pool-2x2x1_Freq-1x1x1,weather,336,1680,3,1,0,1,0.329922,0.355224,5254.913086,20.26799,83.953705,6322176,811.62,31,EARLY_STOPPED,0.5014478,MSELoss,False,True,0.7,0.1,True,['Generic'],"[2, 2, 1]","[1, 1, 1]"
NHiTSNet,Pool-2x2x1_Freq-1x1x1,weather,336,1680,3,1,1,2,0.325612,0.355914,4875.049316,21.008402,85.903725,6322176,702.5,26,EARLY_STOPPED,0.50780076,MSELoss,False,True,0.7,0.1,True,['Generic'],"[2, 2, 1]","[1, 1, 1]"
NHiTSNet,Pool-4x2x1_Freq-168x24x1,weather,720,3600,3,1,0,1,0.409666,0.415168,7497.283691,26.956663,96.74897,9202688,790.89,29,EARLY_STOPPED,0.75654358,MSELoss,False,True,0.7,0.1,True,['Generic'],"[4, 2, 1]","[168, 24, 1]"
NHiTSNet,Pool-4x2x1_Freq-24x12x1,weather,720,3600,3,1,0,1,0.402675,0.408731,7736.621094,27.32416,95.546982,9231360,665.57,26,EARLY_STOPPED,0.78056616,MSELoss,False,True,0.7,0.1,True,['Generic'],"[4, 2, 1]","[24, 12, 1]"
NHiTSNet,Pool-4x2x1_Freq-168x24x1,weather,720,3600,3,1,1,2,0.421175,0.417703,9561.422852,28.454479,98.863541,9202688,1727.03,64,EARLY_STOPPED,0.76205206,MSELoss,False,True,0.7,0.1,True,['Generic'],"[4, 2, 1]","[168, 24, 1]"
NHiTSNet,Pool-4x2x1_Freq-24x12x1,weather,720,3600,3,1,1,2,0.396688,0.405987,8087.706055,26.689907,96.118149,9231360,1115.32,41,EARLY_STOPPED,0.74722409,MSELoss,False,True,0.7,0.1,True,['Generic'],"[4, 2, 1]","[24, 12, 1]"
NHiTSNet,Pool-4x2x1_Freq-1x1x1,weather,720,3600,3,1,0,1,0.450988,0.423177,7878.123047,27.807508,98.72924,9922560,734.33,27,EARLY_STOPPED,0.75633758,MSELoss,False,True,0.7,0.1,True,['Generic'],"[4, 2, 1]","[1, 1, 1]"
NHiTSNet,Pool-4x2x1_Freq-1x1x1,weather,720,3600,3,1,1,2,0.42853,0.425366,7842.955566,27.428347,97.974594,9922560,729.61,27,EARLY_STOPPED,0.74410117,MSELoss,False,True,0.7,0.1,True,['Generic'],"[4, 2, 1]","[1, 1, 1]"
NHiTSNet,Pool-2x2x1_Freq-168x24x1,weather,720,3600,3,1,0,1,0.400014,0.40597,7828.762207,26.830633,93.783272,10124288,1028.76,38,EARLY_STOPPED,0.78759366,MSELoss,False,True,0.7,0.1,True,['Generic'],"[2, 2, 1]","[168, 24, 1]"
NHiTSNet,Pool-2x2x1_Freq-168x24x1,weather,720,3600,3,1,1,2,0.437761,0.412775,7811.288574,27.151342,96.060852,10124288,817.18,30,EARLY_STOPPED,0.77641565,MSELoss,False,True,0.7,0.1,True,['Generic'],"[2, 2, 1]","[168, 24, 1]"
NHiTSNet,Pool-2x2x1_Freq-24x12x1,weather,720,3600,3,1,0,1,0.399015,0.403583,8247.648438,26.661564,94.064156,10152960,1479.47,54,EARLY_STOPPED,0.75853664,MSELoss,False,True,0.7,0.1,True,['Generic'],"[2, 2, 1]","[24, 12, 1]"
NHiTSNet,Pool-2x2x1_Freq-24x12x1,weather,720,3600,3,1,1,2,0.412709,0.411795,7810.401367,26.96011,95.620667,10152960,2149.49,79,EARLY_STOPPED,0.78308618,MSELoss,False,True,0.7,0.1,True,['Generic'],"[2, 2, 1]","[24, 12, 1]"
NHiTSNet,Pool-2x2x1_Freq-1x1x1,weather,720,3600,3,1,0,1,0.459442,0.420615,16556.214844,29.117867,97.915222,10844160,1076.49,40,EARLY_STOPPED,0.79488611,MSELoss,False,True,0.7,0.1,True,['Generic'],"[2, 2, 1]","[1, 1, 1]"
NHiTSNet,Pool-2x2x1_Freq-1x1x1,weather,720,3600,3,1,1,2,0.406047,0.41114,7848.164062,27.469851,95.600754,10844160,634.04,28,EARLY_STOPPED,0.78503072,MSELoss,False,True,0.7,0.1,True,['Generic'],"[2, 2, 1]","[1, 1, 1]"
NHiTSNet,Pool-2x2x2_Freq-48x12x1,weather,96,480,3,1,0,1,0.1766,0.230796,2226.602783,14.518652,66.217804,3156992,585.06,26,EARLY_STOPPED,0.42536536,MSELoss,False,True,0.7,0.1,True,['Generic'],"[2, 2, 2]","[48, 12, 1]"
NHiTSNet,Pool-2x2x2_Freq-48x12x1,weather,96,480,3,1,1,2,0.177658,0.231404,2123.546875,14.287148,67.952965,3156992,559.65,26,EARLY_STOPPED,0.41961607,MSELoss,False,True,0.7,0.1,True,['Generic'],"[2, 2, 2]","[48, 12, 1]"
NHiTSNet,Pool-4x2x1_Freq-48x12x1,weather,96,480,3,1,0,1,0.183803,0.237262,2269.582275,14.772442,65.238663,3279872,547.64,26,EARLY_STOPPED,0.44315314,MSELoss,False,True,0.7,0.1,True,['Generic'],"[4, 2, 1]","[48, 12, 1]"
NHiTSNet,Pool-4x2x1_Freq-48x12x1,weather,96,480,3,1,1,2,0.178355,0.237651,2233.883545,15.060531,69.486359,3279872,548.28,26,EARLY_STOPPED,0.42860189,MSELoss,False,True,0.7,0.1,True,['Generic'],"[4, 2, 1]","[48, 12, 1]"
NHiTSNet,Pool-2x2x1_Freq-48x12x1,weather,96,480,3,1,0,1,0.178324,0.231278,2105.909424,14.255959,65.126503,3402752,551.31,26,EARLY_STOPPED,0.42404997,MSELoss,False,True,0.7,0.1,True,['Generic'],"[2, 2, 1]","[48, 12, 1]"
NHiTSNet,Pool-2x2x1_Freq-48x12x1,weather,96,480,3,1,1,2,0.178549,0.233708,2168.703857,14.435509,65.27626,3402752,551.73,26,EARLY_STOPPED,0.43010893,MSELoss,False,True,0.7,0.1,True,['Generic'],"[2, 2, 1]","[48, 12, 1]"
NHiTSNet,Pool-16x8x1_Freq-48x12x1,weather,96,480,3,1,0,1,0.176895,0.234218,2167.542725,14.406639,65.064133,3003392,550.55,26,EARLY_STOPPED,0.42981541,MSELoss,False,True,0.7,0.1,True,['Generic'],"[16, 8, 1]","[48, 12, 1]"
NHiTSNet,Pool-16x8x1_Freq-48x12x1,weather,96,480,3,1,1,2,0.188182,0.243541,2247.297363,14.792087,67.693077,3003392,573.07,27,EARLY_STOPPED,0.44863126,MSELoss,False,True,0.7,0.1,True,['Generic'],"[16, 8, 1]","[48, 12, 1]"
NHiTSNet,Pool-2x2x2_Freq-72x18x1,weather,96,480,3,1,0,1,0.183899,0.239061,2354.696777,15.391581,66.400238,3154944,560.68,26,EARLY_STOPPED,0.44093564,MSELoss,False,True,0.7,0.1,True,['Generic'],"[2, 2, 2]","[72, 18, 1]"
NHiTSNet,Pool-2x2x2_Freq-72x18x1,weather,96,480,3,1,1,2,0.177555,0.237641,2227.683105,15.307358,69.323036,3154944,567.96,26,EARLY_STOPPED,0.42724159,MSELoss,False,True,0.7,0.1,True,['Generic'],"[2, 2, 2]","[72, 18, 1]"
NHiTSNet,Pool-4x2x1_Freq-72x18x1,weather,96,480,3,1,0,1,0.178275,0.228344,2257.098633,14.445908,62.802685,3277824,551.03,26,EARLY_STOPPED,0.4310405,MSELoss,False,True,0.7,0.1,True,['Generic'],"[4, 2, 1]","[72, 18, 1]"
NHiTSNet,Pool-4x2x1_Freq-72x18x1,weather,96,480,3,1,1,2,0.182673,0.235982,2307.564697,14.7816,66.464218,3277824,550.16,26,EARLY_STOPPED,0.44345063,MSELoss,False,True,0.7,0.1,True,['Generic'],"[4, 2, 1]","[72, 18, 1]"
NHiTSNet,Pool-2x2x1_Freq-72x18x1,weather,96,480,3,1,0,1,0.177153,0.230238,2115.653809,14.200679,63.586056,3400704,550.8,26,EARLY_STOPPED,0.44158837,MSELoss,False,True,0.7,0.1,True,['Generic'],"[2, 2, 1]","[72, 18, 1]"
NHiTSNet,Pool-2x2x1_Freq-72x18x1,weather,96,480,3,1,1,2,0.176229,0.228564,2196.776123,14.556758,64.260857,3400704,550.78,26,EARLY_STOPPED,0.42756161,MSELoss,False,True,0.7,0.1,True,['Generic'],"[2, 2, 1]","[72, 18, 1]"
NHiTSNet,Pool-16x8x1_Freq-72x18x1,weather,96,480,3,1,0,1,0.179315,0.234243,2160.239258,14.447543,64.892349,3001344,551.41,26,EARLY_STOPPED,0.43336812,MSELoss,False,True,0.7,0.1,True,['Generic'],"[16, 8, 1]","[72, 18, 1]"
NHiTSNet,Pool-16x8x1_Freq-72x18x1,weather,96,480,3,1,1,2,0.178034,0.236298,2240.818604,15.293844,68.754852,3001344,551.68,26,EARLY_STOPPED,0.4323982,MSELoss,False,True,0.7,0.1,True,['Generic'],"[16, 8, 1]","[72, 18, 1]"
NHiTSNet,Pool-2x2x2_Freq-144x36x1,weather,96,480,3,1,0,1,0.176009,0.229483,2131.604736,13.949302,63.427197,3153408,561.41,26,EARLY_STOPPED,0.42594901,MSELoss,False,True,0.7,0.1,True,['Generic'],"[2, 2, 2]","[144, 36, 1]"
NHiTSNet,Pool-2x2x2_Freq-144x36x1,weather,96,480,3,1,1,2,0.181508,0.240522,2222.525635,14.929024,69.389526,3153408,560.59,26,EARLY_STOPPED,0.4347204,MSELoss,False,True,0.7,0.1,True,['Generic'],"[2, 2, 2]","[144, 36, 1]"
NHiTSNet,Pool-4x2x1_Freq-144x36x1,weather,96,480,3,1,0,1,0.176468,0.232702,2312.171631,14.90473,66.340385,3276288,551.85,26,EARLY_STOPPED,0.42714271,MSELoss,False,True,0.7,0.1,True,['Generic'],"[4, 2, 1]","[144, 36, 1]"
NHiTSNet,Pool-4x2x1_Freq-144x36x1,weather,96,480,3,1,1,2,0.177365,0.233139,2415.092529,15.06167,66.58297,3276288,551.13,26,EARLY_STOPPED,0.43151948,MSELoss,False,True,0.7,0.1,True,['Generic'],"[4, 2, 1]","[144, 36, 1]"
NHiTSNet,Pool-2x2x1_Freq-144x36x1,weather,96,480,3,1,0,1,0.179814,0.235508,2157.823486,14.569818,66.083733,3399168,551.76,26,EARLY_STOPPED,0.43466714,MSELoss,False,True,0.7,0.1,True,['Generic'],"[2, 2, 1]","[144, 36, 1]"
NHiTSNet,Pool-2x2x1_Freq-144x36x1,weather,96,480,3,1,1,2,0.176789,0.231247,2140.540039,14.556134,66.804977,3399168,552.32,26,EARLY_STOPPED,0.43290287,MSELoss,False,True,0.7,0.1,True,['Generic'],"[2, 2, 1]","[144, 36, 1]"
NHiTSNet,Pool-16x8x1_Freq-144x36x1,weather,96,480,3,1,0,1,0.177041,0.235705,2235.904297,14.942357,67.293373,2999808,551.19,26,EARLY_STOPPED,0.43335816,MSELoss,False,True,0.7,0.1,True,['Generic'],"[16, 8, 1]","[144, 36, 1]"
NHiTSNet,Pool-16x8x1_Freq-144x36x1,weather,96,480,3,1,1,2,0.181417,0.24122,2524.366699,16.043684,72.346565,2999808,552.77,26,EARLY_STOPPED,0.44138533,MSELoss,False,True,0.7,0.1,True,['Generic'],"[16, 8, 1]","[144, 36, 1]"
NHiTSNet,Pool-2x2x2_Freq-48x12x1,weather,192,960,3,1,0,1,0.284091,0.322227,3789.134277,17.442493,80.237671,3948544,624.31,29,EARLY_STOPPED,0.55879271,MSELoss,False,True,0.7,0.1,True,['Generic'],"[2, 2, 2]","[48, 12, 1]"
NHiTSNet,Pool-2x2x2_Freq-48x12x1,weather,192,960,3,1,1,2,0.272217,0.314439,3805.378418,17.320629,79.36277,3948544,580.91,27,EARLY_STOPPED,0.56479454,MSELoss,False,True,0.7,0.1,True,['Generic'],"[2, 2, 2]","[48, 12, 1]"
NHiTSNet,Pool-4x2x1_Freq-48x12x1,weather,192,960,3,1,0,1,0.272455,0.311161,4134.11084,17.407776,76.32592,4194304,635.72,30,EARLY_STOPPED,0.55571425,MSELoss,False,True,0.7,0.1,True,['Generic'],"[4, 2, 1]","[48, 12, 1]"
NHiTSNet,Pool-4x2x1_Freq-48x12x1,weather,192,960,3,1,1,2,0.270447,0.313351,3696.936035,17.328291,78.808128,4194304,551.09,26,EARLY_STOPPED,0.5529868,MSELoss,False,True,0.7,0.1,True,['Generic'],"[4, 2, 1]","[48, 12, 1]"
NHiTSNet,Pool-2x2x1_Freq-48x12x1,weather,192,960,3,1,0,1,0.280882,0.323872,4013.933594,18.282539,83.054665,4440064,549.84,26,EARLY_STOPPED,0.54640961,MSELoss,False,True,0.7,0.1,True,['Generic'],"[2, 2, 1]","[48, 12, 1]"
NHiTSNet,Pool-2x2x1_Freq-48x12x1,weather,192,960,3,1,1,2,0.269114,0.310685,4053.287109,17.846481,78.820618,4440064,551.54,26,EARLY_STOPPED,0.56015325,MSELoss,False,True,0.7,0.1,True,['Generic'],"[2, 2, 1]","[48, 12, 1]"
NHiTSNet,Pool-16x8x1_Freq-48x12x1,weather,192,960,3,1,0,1,0.27738,0.306773,3758.497314,16.523544,73.547096,3641344,1100.2,52,EARLY_STOPPED,0.54736447,MSELoss,False,True,0.7,0.1,True,['Generic'],"[16, 8, 1]","[48, 12, 1]"
NHiTSNet,Pool-16x8x1_Freq-48x12x1,weather,192,960,3,1,1,2,0.283957,0.309013,3556.391113,16.55538,73.904106,3641344,995.48,47,EARLY_STOPPED,0.55185395,MSELoss,False,True,0.7,0.1,True,['Generic'],"[16, 8, 1]","[48, 12, 1]"
NHiTSNet,Pool-2x2x2_Freq-72x18x1,weather,192,960,3,1,0,1,0.28445,0.315239,4039.390381,17.210798,76.431992,3944448,1122.89,52,EARLY_STOPPED,0.55635977,MSELoss,False,True,0.7,0.1,True,['Generic'],"[2, 2, 2]","[72, 18, 1]"
NHiTSNet,Pool-2x2x2_Freq-72x18x1,weather,192,960,3,1,1,2,0.276313,0.314115,3976.133789,17.836163,80.046753,3944448,562.19,26,EARLY_STOPPED,0.55835807,MSELoss,False,True,0.7,0.1,True,['Generic'],"[2, 2, 2]","[72, 18, 1]"
NHiTSNet,Pool-4x2x1_Freq-72x18x1,weather,192,960,3,1,0,1,0.275505,0.31412,4256.514648,17.890446,76.782539,4190208,612.72,29,EARLY_STOPPED,0.5571714,MSELoss,False,True,0.7,0.1,True,['Generic'],"[4, 2, 1]","[72, 18, 1]"
NHiTSNet,Pool-4x2x1_Freq-72x18x1,weather,192,960,3,1,1,2,0.27229,0.314084,4083.765137,17.915241,77.958527,4190208,550.59,26,EARLY_STOPPED,0.5469631,MSELoss,False,True,0.7,0.1,True,['Generic'],"[4, 2, 1]","[72, 18, 1]"
NHiTSNet,Pool-2x2x1_Freq-72x18x1,weather,192,960,3,1,0,1,0.278254,0.321501,3946.668213,18.249453,79.428146,4435968,551.91,26,EARLY_STOPPED,0.56017977,MSELoss,False,True,0.7,0.1,True,['Generic'],"[2, 2, 1]","[72, 18, 1]"
NHiTSNet,Pool-2x2x1_Freq-72x18x1,weather,192,960,3,1,1,2,0.267053,0.308398,4123.932617,17.635843,77.786598,4435968,552.34,26,EARLY_STOPPED,0.55214953,MSELoss,False,True,0.7,0.1,True,['Generic'],"[2, 2, 1]","[72, 18, 1]"
NHiTSNet,Pool-16x8x1_Freq-72x18x1,weather,192,960,3,1,0,1,0.288676,0.311771,3963.422363,16.758469,74.827682,3637248,1482.04,70,EARLY_STOPPED,0.54828048,MSELoss,False,True,0.7,0.1,True,['Generic'],"[16, 8, 1]","[72, 18, 1]"
NHiTSNet,Pool-16x8x1_Freq-72x18x1,weather,192,960,3,1,1,2,0.279704,0.311567,3971.766113,16.916674,74.790192,3637248,955.18,45,EARLY_STOPPED,0.54293936,MSELoss,False,True,0.7,0.1,True,['Generic'],"[16, 8, 1]","[72, 18, 1]"
NHiTSNet,Pool-2x2x2_Freq-144x36x1,weather,192,960,3,1,0,1,0.287011,0.313448,3839.878662,17.007814,75.493683,3941376,1419.13,66,EARLY_STOPPED,0.55142522,MSELoss,False,True,0.7,0.1,True,['Generic'],"[2, 2, 2]","[144, 36, 1]"
NHiTSNet,Pool-2x2x2_Freq-144x36x1,weather,192,960,3,1,1,2,0.269964,0.313519,3627.333496,17.531265,80.819283,3941376,563.22,26,EARLY_STOPPED,0.54948884,MSELoss,False,True,0.7,0.1,True,['Generic'],"[2, 2, 2]","[144, 36, 1]"
NHiTSNet,Pool-4x2x1_Freq-144x36x1,weather,192,960,3,1,0,1,0.271775,0.314315,3780.847168,17.176655,78.54081,4187136,549.01,26,EARLY_STOPPED,0.56039834,MSELoss,False,True,0.7,0.1,True,['Generic'],"[4, 2, 1]","[144, 36, 1]"
NHiTSNet,Pool-4x2x1_Freq-144x36x1,weather,192,960,3,1,1,2,0.269712,0.314442,4320.362793,18.622984,80.416443,4187136,550.39,26,EARLY_STOPPED,0.55641335,MSELoss,False,True,0.7,0.1,True,['Generic'],"[4, 2, 1]","[144, 36, 1]"
NHiTSNet,Pool-2x2x1_Freq-144x36x1,weather,192,960,3,1,0,1,0.272449,0.313889,4071.189209,18.247684,80.534607,4432896,549.16,26,EARLY_STOPPED,0.54343998,MSELoss,False,True,0.7,0.1,True,['Generic'],"[2, 2, 1]","[144, 36, 1]"
NHiTSNet,Pool-2x2x1_Freq-144x36x1,weather,192,960,3,1,1,2,0.272993,0.316023,4063.490967,18.30715,81.473091,4432896,550.9,26,EARLY_STOPPED,0.55535591,MSELoss,False,True,0.7,0.1,True,['Generic'],"[2, 2, 1]","[144, 36, 1]"
NHiTSNet,Pool-16x8x1_Freq-144x36x1,weather,192,960,3,1,0,1,0.277101,0.313976,4021.23877,17.081518,76.443848,3634176,783.24,37,EARLY_STOPPED,0.55839515,MSELoss,False,True,0.7,0.1,True,['Generic'],"[16, 8, 1]","[144, 36, 1]"
NHiTSNet,Pool-16x8x1_Freq-144x36x1,weather,192,960,3,1,1,2,0.269168,0.31339,3853.692627,17.751051,79.158058,3634176,548.22,26,EARLY_STOPPED,0.55315191,MSELoss,False,True,0.7,0.1,True,['Generic'],"[16, 8, 1]","[144, 36, 1]"
NHiTSNet,Pool-2x2x2_Freq-48x12x1,weather,336,1680,3,1,0,1,0.329536,0.356549,5108.533691,20.494328,85.319283,5135872,593.2,28,EARLY_STOPPED,0.5022763,MSELoss,False,True,0.7,0.1,True,['Generic'],"[2, 2, 2]","[48, 12, 1]"
NHiTSNet,Pool-2x2x2_Freq-48x12x1,weather,336,1680,3,1,1,2,0.337466,0.362,5059.503906,20.730444,85.681465,5135872,570.8,27,EARLY_STOPPED,0.49801761,MSELoss,False,True,0.7,0.1,True,['Generic'],"[2, 2, 2]","[48, 12, 1]"
NHiTSNet,Pool-4x2x1_Freq-48x12x1,weather,336,1680,3,1,0,1,0.377222,0.356736,6715.324707,20.487522,82.987442,5565952,644.64,31,EARLY_STOPPED,0.49511555,MSELoss,False,True,0.7,0.1,True,['Generic'],"[4, 2, 1]","[48, 12, 1]"
NHiTSNet,Pool-4x2x1_Freq-48x12x1,weather,336,1680,3,1,1,2,0.334211,0.355517,5800.458984,20.325932,84.05555,5565952,686.48,33,EARLY_STOPPED,0.50204372,MSELoss,False,True,0.7,0.1,True,['Generic'],"[4, 2, 1]","[48, 12, 1]"
NHiTSNet,Pool-2x2x1_Freq-48x12x1,weather,336,1680,3,1,0,1,0.334928,0.360618,5298.914551,20.642054,85.107582,5996032,563.27,27,EARLY_STOPPED,0.49269253,MSELoss,False,True,0.7,0.1,True,['Generic'],"[2, 2, 1]","[48, 12, 1]"
NHiTSNet,Pool-2x2x1_Freq-48x12x1,weather,336,1680,3,1,1,2,0.322115,0.350058,4948.087402,20.439419,85.652283,5996032,560.94,27,EARLY_STOPPED,0.49257016,MSELoss,False,True,0.7,0.1,True,['Generic'],"[2, 2, 1]","[48, 12, 1]"
NHiTSNet,Pool-16x8x1_Freq-48x12x1,weather,336,1680,3,1,0,1,0.327853,0.349746,5650.316895,20.01104,82.847191,4598272,689.14,33,EARLY_STOPPED,0.50089067,MSELoss,False,True,0.7,0.1,True,['Generic'],"[16, 8, 1]","[48, 12, 1]"
NHiTSNet,Pool-16x8x1_Freq-48x12x1,weather,336,1680,3,1,1,2,0.320348,0.347611,4820.213867,19.343496,82.505188,4598272,648.43,31,EARLY_STOPPED,0.4904536,MSELoss,False,True,0.7,0.1,True,['Generic'],"[16, 8, 1]","[48, 12, 1]"
NHiTSNet,Pool-2x2x2_Freq-72x18x1,weather,336,1680,3,1,0,1,0.331322,0.355395,5487.150391,20.738052,83.859909,5129216,594.34,28,EARLY_STOPPED,0.50156528,MSELoss,False,True,0.7,0.1,True,['Generic'],"[2, 2, 2]","[72, 18, 1]"
NHiTSNet,Pool-2x2x2_Freq-72x18x1,weather,336,1680,3,1,1,2,0.33237,0.355725,5646.57959,20.941566,83.824692,5129216,594.36,28,EARLY_STOPPED,0.49656719,MSELoss,False,True,0.7,0.1,True,['Generic'],"[2, 2, 2]","[72, 18, 1]"
NHiTSNet,Pool-4x2x1_Freq-72x18x1,weather,336,1680,3,1,0,1,0.350046,0.362577,6961.547363,20.963144,84.487297,5559296,689.81,33,EARLY_STOPPED,0.50492406,MSELoss,False,True,0.7,0.1,True,['Generic'],"[4, 2, 1]","[72, 18, 1]"
NHiTSNet,Pool-4x2x1_Freq-72x18x1,weather,336,1680,3,1,1,2,0.331042,0.359535,4971.127441,20.418846,84.353424,5559296,630.68,30,EARLY_STOPPED,0.50256902,MSELoss,False,True,0.7,0.1,True,['Generic'],"[4, 2, 1]","[72, 18, 1]"
NHiTSNet,Pool-2x2x1_Freq-72x18x1,weather,336,1680,3,1,0,1,0.328034,0.35768,5006.891602,20.725142,86.833336,5989376,541.96,26,EARLY_STOPPED,0.49740732,MSELoss,False,True,0.7,0.1,True,['Generic'],"[2, 2, 1]","[72, 18, 1]"
NHiTSNet,Pool-2x2x1_Freq-72x18x1,weather,336,1680,3,1,1,2,0.330196,0.357119,5485.524902,20.861813,84.357063,5989376,919.6,44,EARLY_STOPPED,0.4993417,MSELoss,False,True,0.7,0.1,True,['Generic'],"[2, 2, 1]","[72, 18, 1]"
NHiTSNet,Pool-16x8x1_Freq-72x18x1,weather,336,1680,3,1,0,1,0.324285,0.353777,4633.319336,19.665743,84.116188,4591616,608.12,29,EARLY_STOPPED,0.50179684,MSELoss,False,True,0.7,0.1,True,['Generic'],"[16, 8, 1]","[72, 18, 1]"
NHiTSNet,Pool-16x8x1_Freq-72x18x1,weather,336,1680,3,1,1,2,0.344893,0.356759,7212.943848,19.983982,83.245407,4591616,1025.98,49,EARLY_STOPPED,0.49270728,MSELoss,False,True,0.7,0.1,True,['Generic'],"[16, 8, 1]","[72, 18, 1]"
NHiTSNet,Pool-2x2x2_Freq-144x36x1,weather,336,1680,3,1,0,1,0.336245,0.364058,5343.125,21.257174,85.942169,5123584,597.4,28,EARLY_STOPPED,0.50650227,MSELoss,False,True,0.7,0.1,True,['Generic'],"[2, 2, 2]","[144, 36, 1]"
NHiTSNet,Pool-2x2x2_Freq-144x36x1,weather,336,1680,3,1,1,2,0.333776,0.357586,5461.916504,20.622362,84.114174,5123584,639.47,30,EARLY_STOPPED,0.50624591,MSELoss,False,True,0.7,0.1,True,['Generic'],"[2, 2, 2]","[144, 36, 1]"
NHiTSNet,Pool-4x2x1_Freq-144x36x1,weather,336,1680,3,1,0,1,0.327827,0.357341,5087.34668,20.801012,85.875313,5553664,554.99,26,EARLY_STOPPED,0.50213516,MSELoss,False,True,0.7,0.1,True,['Generic'],"[4, 2, 1]","[144, 36, 1]"
NHiTSNet,Pool-4x2x1_Freq-144x36x1,weather,336,1680,3,1,1,2,0.327655,0.359256,5407.370117,21.538349,86.600113,5553664,578.8,26,EARLY_STOPPED,0.49595565,MSELoss,False,True,0.7,0.1,True,['Generic'],"[4, 2, 1]","[144, 36, 1]"
NHiTSNet,Pool-2x2x1_Freq-144x36x1,weather,336,1680,3,1,0,1,0.323154,0.354976,4945.51416,20.577547,85.683311,5983744,872.38,28,EARLY_STOPPED,0.48801911,MSELoss,False,True,0.7,0.1,True,['Generic'],"[2, 2, 1]","[144, 36, 1]"
NHiTSNet,Pool-2x2x1_Freq-144x36x1,weather,336,1680,3,1,1,2,0.329615,0.356779,5189.338379,20.725296,84.617218,5983744,871.5,28,EARLY_STOPPED,0.50026834,MSELoss,False,True,0.7,0.1,True,['Generic'],"[2, 2, 1]","[144, 36, 1]"
NHiTSNet,Pool-16x8x1_Freq-144x36x1,weather,336,1680,3,1,0,1,0.331051,0.362905,5028.916992,20.564926,86.440056,4585984,877.65,28,EARLY_STOPPED,0.49086764,MSELoss,False,True,0.7,0.1,True,['Generic'],"[16, 8, 1]","[144, 36, 1]"
NHiTSNet,Pool-16x8x1_Freq-144x36x1,weather,336,1680,3,1,1,2,0.346146,0.358658,5713.206543,19.53108,83.10202,4585984,2330.59,80,EARLY_STOPPED,0.49144453,MSELoss,False,True,0.7,0.1,True,['Generic'],"[16, 8, 1]","[144, 36, 1]"
NHiTSNet,Pool-2x2x2_Freq-48x12x1,weather,720,3600,3,1,1,2,0.414131,0.416551,7935.119629,27.74873,97.671982,8302080,828.7,29,EARLY_STOPPED,0.79492831,MSELoss,False,True,0.7,0.1,True,['Generic'],"[2, 2, 2]","[48, 12, 1]"
NHiTSNet,Pool-2x2x2_Freq-48x12x1,weather,720,3600,3,1,0,1,0.424242,0.426788,8363.737305,28.308964,100.565269,8302080,1027.02,36,EARLY_STOPPED,0.77443635,MSELoss,False,True,0.7,0.1,True,['Generic'],"[2, 2, 2]","[48, 12, 1]"
NHiTSNet,Pool-4x2x1_Freq-48x12x1,weather,720,3600,3,1,0,1,0.406512,0.411195,7620.23877,27.082661,96.732765,9223680,739.35,26,EARLY_STOPPED,0.78325611,MSELoss,False,True,0.7,0.1,True,['Generic'],"[4, 2, 1]","[48, 12, 1]"
NHiTSNet,Pool-2x2x1_Freq-48x12x1,weather,720,3600,3,1,0,1,0.411063,0.417276,7999.199219,28.025824,97.794388,10145280,824.41,26,EARLY_STOPPED,0.79947817,MSELoss,False,True,0.7,0.1,True,['Generic'],"[2, 2, 1]","[48, 12, 1]"
NHiTSNet,Pool-4x2x1_Freq-48x12x1,weather,720,3600,3,1,1,2,0.413228,0.412456,8410.21875,27.77091,96.072823,9223680,1024.08,33,EARLY_STOPPED,0.76484054,MSELoss,False,True,0.7,0.1,True,['Generic'],"[4, 2, 1]","[48, 12, 1]"
NHiTSNet,Pool-2x2x1_Freq-48x12x1,weather,720,3600,3,1,1,2,0.40937,0.417533,7190.961426,26.891039,98.657654,10145280,910.21,28,EARLY_STOPPED,0.75914192,MSELoss,False,True,0.7,0.1,True,['Generic'],"[2, 2, 1]","[48, 12, 1]"
NHiTSNet,Pool-16x8x1_Freq-48x12x1,weather,720,3600,3,1,0,1,0.40118,0.40971,8122.782227,27.691092,96.601311,7150080,844.29,26,EARLY_STOPPED,0.76480567,MSELoss,False,True,0.7,0.1,True,['Generic'],"[16, 8, 1]","[48, 12, 1]"
NHiTSNet,Pool-16x8x1_Freq-48x12x1,weather,720,3600,3,1,1,2,0.404969,0.413682,7589.144043,27.13534,96.929924,7150080,976.67,30,EARLY_STOPPED,0.79072702,MSELoss,False,True,0.7,0.1,True,['Generic'],"[16, 8, 1]","[48, 12, 1]"
NHiTSNet,Pool-2x2x2_Freq-72x18x1,weather,720,3600,3,1,0,1,0.413639,0.419078,8555.3125,28.206022,98.428276,8289280,952.56,29,EARLY_STOPPED,0.80214489,MSELoss,False,True,0.7,0.1,True,['Generic'],"[2, 2, 2]","[72, 18, 1]"
NHiTSNet,Pool-2x2x2_Freq-72x18x1,weather,720,3600,3,1,1,2,0.406152,0.409647,9267.608398,26.827919,97.1586,8289280,1057.45,32,EARLY_STOPPED,0.77249342,MSELoss,False,True,0.7,0.1,True,['Generic'],"[2, 2, 2]","[72, 18, 1]"
NHiTSNet,Pool-4x2x1_Freq-72x18x1,weather,720,3600,3,1,1,2,0.404599,0.41219,7914.74707,27.394974,96.845192,9210880,883.52,27,EARLY_STOPPED,0.75425172,MSELoss,False,True,0.7,0.1,True,['Generic'],"[4, 2, 1]","[72, 18, 1]"
NHiTSNet,Pool-4x2x1_Freq-72x18x1,weather,720,3600,3,1,0,1,0.398618,0.405648,7786.041992,26.8584,94.155434,9210880,1274.83,39,EARLY_STOPPED,0.75365937,MSELoss,False,True,0.7,0.1,True,['Generic'],"[4, 2, 1]","[72, 18, 1]"
NHiTSNet,Pool-2x2x1_Freq-72x18x1,weather,720,3600,3,1,0,1,0.433056,0.415526,7779.777832,27.512661,96.629791,10132480,1194.56,36,EARLY_STOPPED,0.75724214,MSELoss,False,True,0.7,0.1,True,['Generic'],"[2, 2, 1]","[72, 18, 1]"
NHiTSNet,Pool-16x8x1_Freq-72x18x1,weather,720,3600,3,1,0,1,0.401941,0.41197,7492.520508,26.846138,96.540939,7137280,1040.79,31,EARLY_STOPPED,0.77793729,MSELoss,False,True,0.7,0.1,True,['Generic'],"[16, 8, 1]","[72, 18, 1]"
NHiTSNet,Pool-2x2x1_Freq-72x18x1,weather,720,3600,3,1,1,2,0.416524,0.415398,9962.602539,29.086027,96.690918,10132480,1271.35,38,EARLY_STOPPED,0.76959473,MSELoss,False,True,0.7,0.1,True,['Generic'],"[2, 2, 1]","[72, 18, 1]"
NHiTSNet,Pool-8x4x1_Freq-168x24x1,weather,96,480,3,1,0,1,0.181316,0.236863,2259.557861,14.913962,66.263565,3092992,997.06,26,EARLY_STOPPED,0.43560192,MSELoss,False,True,0.7,0.1,True,['Generic'],"[8, 4, 1]","[168, 24, 1]"
NHiTSNet,Pool-2x2x2_Freq-144x36x1,weather,720,3600,3,1,0,1,0.404516,0.408505,6809.427734,26.281565,95.9245,8276480,1027.37,29,EARLY_STOPPED,0.77183151,MSELoss,False,True,0.7,0.1,True,['Generic'],"[2, 2, 2]","[144, 36, 1]"
NHiTSNet,Pool-16x8x1_Freq-72x18x1,weather,720,3600,3,1,1,2,0.398939,0.406974,7683.106934,26.798441,96.224426,7137280,1555.4,44,EARLY_STOPPED,0.76253837,MSELoss,False,True,0.7,0.1,True,['Generic'],"[16, 8, 1]","[72, 18, 1]"
NHiTSNet,Pool-8x4x1_Freq-168x24x1,weather,96,480,3,1,1,2,0.181419,0.237291,2235.838623,14.690066,66.853371,3092992,999.84,26,EARLY_STOPPED,0.43840775,MSELoss,False,True,0.7,0.1,True,['Generic'],"[8, 4, 1]","[168, 24, 1]"
NHiTSNet,Pool-2x2x2_Freq-144x36x1,weather,720,3600,3,1,1,2,0.40093,0.407352,7286.414551,26.541708,94.222862,8276480,1628.24,46,EARLY_STOPPED,0.80980551,MSELoss,False,True,0.7,0.1,True,['Generic'],"[2, 2, 2]","[144, 36, 1]"
NHiTSNet,Pool-4x2x1_Freq-144x36x1,weather,720,3600,3,1,1,2,0.408205,0.41659,6913.024414,26.180855,97.843559,9198080,967.23,27,EARLY_STOPPED,0.77646005,MSELoss,False,True,0.7,0.1,True,['Generic'],"[4, 2, 1]","[144, 36, 1]"
NHiTSNet,Pool-4x2x1_Freq-144x36x1,weather,720,3600,3,1,0,1,0.403982,0.408788,6967.484375,25.728695,95.055611,9198080,1465.7,41,EARLY_STOPPED,0.78060853,MSELoss,False,True,0.7,0.1,True,['Generic'],"[4, 2, 1]","[144, 36, 1]"
NHiTSNet,Pool-8x4x1_Freq-24x12x1,weather,96,480,3,1,0,1,0.17787,0.231824,2166.599854,14.022638,64.847252,3096576,1019.62,26,EARLY_STOPPED,0.43484867,MSELoss,False,True,0.7,0.1,True,['Generic'],"[8, 4, 1]","[24, 12, 1]"
NHiTSNet,Pool-2x2x1_Freq-144x36x1,weather,720,3600,3,1,0,1,0.406304,0.417198,7248.084473,26.977797,97.484291,10119680,1003.91,28,EARLY_STOPPED,0.77350879,MSELoss,False,True,0.7,0.1,True,['Generic'],"[2, 2, 1]","[144, 36, 1]"
NHiTSNet,Pool-2x2x1_Freq-144x36x1,weather,720,3600,3,1,1,2,0.409789,0.414978,7583.658203,27.128933,97.715218,10119680,1041.17,29,EARLY_STOPPED,0.79053408,MSELoss,False,True,0.7,0.1,True,['Generic'],"[2, 2, 1]","[144, 36, 1]"
NHiTSNet,Pool-8x4x1_Freq-24x12x1,weather,96,480,3,1,1,2,0.177795,0.232645,2148.238037,14.473979,67.738136,3096576,988.87,26,EARLY_STOPPED,0.43338042,MSELoss,False,True,0.7,0.1,True,['Generic'],"[8, 4, 1]","[24, 12, 1]"
NHiTSNet,Pool-16x8x1_Freq-144x36x1,weather,720,3600,3,1,1,2,0.400158,0.411505,6902.872559,26.862926,97.420433,7124480,982.95,28,EARLY_STOPPED,0.73293108,MSELoss,False,True,0.7,0.1,True,['Generic'],"[16, 8, 1]","[144, 36, 1]"
NHiTSNet,Pool-16x8x1_Freq-144x36x1,weather,720,3600,3,1,0,1,0.414903,0.41956,7647.199707,27.102837,96.339134,7124480,1353.68,40,EARLY_STOPPED,0.7310847,MSELoss,False,True,0.7,0.1,True,['Generic'],"[16, 8, 1]","[144, 36, 1]"
NHiTSNet,Pool-8x4x1_Freq-1x1x1,weather,96,480,3,1,0,1,0.176474,0.231811,2302.72583,14.80522,66.017334,3188736,750.91,26,EARLY_STOPPED,0.43043843,MSELoss,False,True,0.7,0.1,True,['Generic'],"[8, 4, 1]","[1, 1, 1]"
NHiTSNet,Pool-8x4x1_Freq-1x1x1,weather,96,480,3,1,1,2,0.176257,0.234497,2255.38208,15.555315,68.308876,3188736,725.52,26,EARLY_STOPPED,0.4275558,MSELoss,False,True,0.7,0.1,True,['Generic'],"[8, 4, 1]","[1, 1, 1]"
NHiTSNet,Pool-32x16x1_Freq-168x24x1,weather,96,480,3,1,0,1,0.18318,0.235921,2355.638184,14.95446,64.304268,2954752,687.68,26,EARLY_STOPPED,0.4284907,MSELoss,False,True,0.7,0.1,True,['Generic'],"[32, 16, 1]","[168, 24, 1]"
NHiTSNet,Pool-32x16x1_Freq-168x24x1,weather,96,480,3,1,1,2,0.186594,0.241703,2480.181885,15.780028,68.471764,2954752,688.71,26,EARLY_STOPPED,0.4471446,MSELoss,False,True,0.7,0.1,True,['Generic'],"[32, 16, 1]","[168, 24, 1]"
NHiTSNet,Pool-32x16x1_Freq-24x12x1,weather,96,480,3,1,0,1,0.183913,0.237703,2266.330566,14.714375,65.605408,2958336,699.08,26,EARLY_STOPPED,0.43212193,MSELoss,False,True,0.7,0.1,True,['Generic'],"[32, 16, 1]","[24, 12, 1]"
NHiTSNet,Pool-32x16x1_Freq-24x12x1,weather,96,480,3,1,1,2,0.179933,0.232937,2166.144531,14.417933,65.656799,2958336,697.47,26,EARLY_STOPPED,0.4320676,MSELoss,False,True,0.7,0.1,True,['Generic'],"[32, 16, 1]","[24, 12, 1]"
NHiTSNet,Pool-32x16x1_Freq-1x1x1,weather,96,480,3,1,0,1,0.181476,0.235665,2331.111572,15.285295,67.778511,3050496,678.17,26,EARLY_STOPPED,0.43410003,MSELoss,False,True,0.7,0.1,True,['Generic'],"[32, 16, 1]","[1, 1, 1]"
NHiTSNet,Pool-32x16x1_Freq-1x1x1,weather,96,480,3,1,1,2,0.188728,0.238762,2271.575928,14.910082,65.983238,3050496,678.51,26,EARLY_STOPPED,0.43688276,MSELoss,False,True,0.7,0.1,True,['Generic'],"[32, 16, 1]","[1, 1, 1]"
NHiTSNet,Pool-8x4x1_Freq-48x12x1,weather,96,480,3,1,0,1,0.177593,0.231542,2246.046387,14.542266,67.422096,3095552,754.55,26,EARLY_STOPPED,0.43258634,MSELoss,False,True,0.7,0.1,True,['Generic'],"[8, 4, 1]","[48, 12, 1]"
NHiTSNet,Pool-8x4x1_Freq-48x12x1,weather,96,480,3,1,1,2,0.184325,0.242082,2261.974365,15.228509,68.105865,3095552,777.82,26,EARLY_STOPPED,0.44551781,MSELoss,False,True,0.7,0.1,True,['Generic'],"[8, 4, 1]","[48, 12, 1]"
NHiTSNet,Pool-32x16x1_Freq-48x12x1,weather,96,480,3,1,0,1,0.181737,0.234864,2305.206055,14.881968,64.267776,2957312,930.69,26,EARLY_STOPPED,0.43674439,MSELoss,False,True,0.7,0.1,True,['Generic'],"[32, 16, 1]","[48, 12, 1]"
NHiTSNet,Pool-32x16x1_Freq-48x12x1,weather,96,480,3,1,1,2,0.187421,0.241913,2421.553467,15.563334,69.213943,2957312,971.23,27,EARLY_STOPPED,0.43921125,MSELoss,False,True,0.7,0.1,True,['Generic'],"[32, 16, 1]","[48, 12, 1]"
NHiTSNet,Pool-8x4x1_Freq-72x18x1,weather,96,480,3,1,0,1,0.175157,0.230568,2297.200684,14.609279,64.752121,3093504,942.3,26,EARLY_STOPPED,0.42495677,MSELoss,False,True,0.7,0.1,True,['Generic'],"[8, 4, 1]","[72, 18, 1]"
NHiTSNet,Pool-8x4x1_Freq-72x18x1,weather,96,480,3,1,1,2,0.180301,0.236819,2232.509277,14.618834,65.781693,3093504,943.15,26,EARLY_STOPPED,0.43272665,MSELoss,False,True,0.7,0.1,True,['Generic'],"[8, 4, 1]","[72, 18, 1]"
NHiTSNet,Pool-32x16x1_Freq-72x18x1,weather,96,480,3,1,1,2,0.182382,0.23468,2359.798828,15.235141,66.481766,2955264,945.5,26,EARLY_STOPPED,0.4324913,MSELoss,False,True,0.7,0.1,True,['Generic'],"[32, 16, 1]","[72, 18, 1]"
NHiTSNet,Pool-32x16x1_Freq-72x18x1,weather,96,480,3,1,0,1,0.186453,0.238282,2353.01123,14.86445,66.100441,2955264,1016.68,28,EARLY_STOPPED,0.45212257,MSELoss,False,True,0.7,0.1,True,['Generic'],"[32, 16, 1]","[72, 18, 1]"
NHiTSNet,Pool-8x4x1_Freq-144x36x1,weather,96,480,3,1,0,1,0.176544,0.232831,2304.889893,14.954965,65.558968,3091968,943.02,26,EARLY_STOPPED,0.43230277,MSELoss,False,True,0.7,0.1,True,['Generic'],"[8, 4, 1]","[144, 36, 1]"
NHiTSNet,Pool-8x4x1_Freq-144x36x1,weather,96,480,3,1,1,2,0.182302,0.236982,2226.483154,14.851128,68.023544,3091968,944.46,26,EARLY_STOPPED,0.43706161,MSELoss,False,True,0.7,0.1,True,['Generic'],"[8, 4, 1]","[144, 36, 1]"
NHiTSNet,Pool-32x16x1_Freq-144x36x1,weather,96,480,3,1,0,1,0.181652,0.232249,2270.170898,14.735415,63.372486,2953728,956.95,26,EARLY_STOPPED,0.43295425,MSELoss,False,True,0.7,0.1,True,['Generic'],"[32, 16, 1]","[144, 36, 1]"
NHiTSNet,Pool-32x16x1_Freq-144x36x1,weather,96,480,3,1,1,2,0.182395,0.233304,2449.231445,14.759861,63.658585,2953728,954.32,26,EARLY_STOPPED,0.43332759,MSELoss,False,True,0.7,0.1,True,['Generic'],"[32, 16, 1]","[144, 36, 1]"
NHiTSNet,Pool-8x4x1_Freq-168x24x1,weather,192,960,3,1,1,2,0.265054,0.308455,3918.849854,17.506294,81.029655,3820032,948.49,26,EARLY_STOPPED,0.550973,MSELoss,False,True,0.7,0.1,True,['Generic'],"[8, 4, 1]","[168, 24, 1]"
NHiTSNet,Pool-8x4x1_Freq-168x24x1,weather,192,960,3,1,0,1,0.277696,0.315603,4183.88623,17.246782,76.376167,3820032,1163.16,32,EARLY_STOPPED,0.54703921,MSELoss,False,True,0.7,0.1,True,['Generic'],"[8, 4, 1]","[168, 24, 1]"
NHiTSNet,Pool-8x4x1_Freq-24x12x1,weather,192,960,3,1,0,1,0.272094,0.313729,4184.058594,18.492868,80.107178,3827712,927.88,26,EARLY_STOPPED,0.56085849,MSELoss,False,True,0.7,0.1,True,['Generic'],"[8, 4, 1]","[24, 12, 1]"
NHiTSNet,Pool-8x4x1_Freq-1x1x1,weather,192,960,3,1,0,1,0.27564,0.319464,3866.621094,17.721685,80.495461,4012032,915.15,26,EARLY_STOPPED,0.56209022,MSELoss,False,True,0.7,0.1,True,['Generic'],"[8, 4, 1]","[1, 1, 1]"
NHiTSNet,Pool-8x4x1_Freq-1x1x1,weather,192,960,3,1,1,2,0.283265,0.322443,4004.600342,17.736078,79.62397,4012032,952.73,27,EARLY_STOPPED,0.56182081,MSELoss,False,True,0.7,0.1,True,['Generic'],"[8, 4, 1]","[1, 1, 1]"
NHiTSNet,Pool-32x16x1_Freq-168x24x1,weather,192,960,3,1,0,1,0.271185,0.310652,3564.868408,16.762798,76.092079,3543552,1287.47,35,EARLY_STOPPED,0.55040503,MSELoss,False,True,0.7,0.1,True,['Generic'],"[32, 16, 1]","[168, 24, 1]"
NHiTSNet,Pool-8x4x1_Freq-24x12x1,weather,192,960,3,1,1,2,0.292278,0.310208,5606.512207,16.573584,74.287056,3827712,2210.23,61,EARLY_STOPPED,0.55594814,MSELoss,False,True,0.7,0.1,True,['Generic'],"[8, 4, 1]","[24, 12, 1]"
NHiTSNet,Pool-32x16x1_Freq-168x24x1,weather,192,960,3,1,1,2,0.276117,0.312358,3764.992432,16.742653,75.624016,3543552,1481.25,40,EARLY_STOPPED,0.55310601,MSELoss,False,True,0.7,0.1,True,['Generic'],"[32, 16, 1]","[168, 24, 1]"
NHiTSNet,Pool-32x16x1_Freq-1x1x1,weather,192,960,3,1,0,1,0.275636,0.318394,3645.965332,18.175686,78.837814,3735552,940.06,26,EARLY_STOPPED,0.55207825,MSELoss,False,True,0.7,0.1,True,['Generic'],"[32, 16, 1]","[1, 1, 1]"
NHiTSNet,Pool-8x4x1_Freq-48x12x1,weather,192,960,3,1,0,1,0.277699,0.319341,4083.394043,18.606697,78.920731,3825664,946.9,26,EARLY_STOPPED,0.55797148,MSELoss,False,True,0.7,0.1,True,['Generic'],"[8, 4, 1]","[48, 12, 1]"
NHiTSNet,Pool-32x16x1_Freq-24x12x1,weather,192,960,3,1,1,2,0.269157,0.306347,3504.069092,16.209614,74.415627,3551232,2187.79,60,EARLY_STOPPED,0.5454241,MSELoss,False,True,0.7,0.1,True,['Generic'],"[32, 16, 1]","[24, 12, 1]"
NHiTSNet,Pool-32x16x1_Freq-24x12x1,weather,192,960,3,1,0,1,0.276184,0.30458,3507.681885,16.062561,72.955307,3551232,3077.49,84,EARLY_STOPPED,0.54644299,MSELoss,False,True,0.7,0.1,True,['Generic'],"[32, 16, 1]","[24, 12, 1]"
NHiTSNet,Pool-32x16x1_Freq-1x1x1,weather,192,960,3,1,1,2,0.275946,0.307142,3966.578369,16.694372,76.224518,3735552,3196.98,88,EARLY_STOPPED,0.5447737,MSELoss,False,True,0.7,0.1,True,['Generic'],"[32, 16, 1]","[1, 1, 1]"
NHiTSNet,Pool-8x4x1_Freq-48x12x1,weather,192,960,3,1,1,2,0.280411,0.306828,3957.806396,16.747896,73.50737,3825664,1856.49,51,EARLY_STOPPED,0.55456078,MSELoss,False,True,0.7,0.1,True,['Generic'],"[8, 4, 1]","[48, 12, 1]"
NHiTSNet,Pool-32x16x1_Freq-48x12x1,weather,192,960,3,1,0,1,0.267551,0.304082,3683.271973,16.5959,72.869377,3549184,1646.18,45,EARLY_STOPPED,0.55202287,MSELoss,False,True,0.7,0.1,True,['Generic'],"[32, 16, 1]","[48, 12, 1]"
NHiTSNet,Pool-32x16x1_Freq-48x12x1,weather,192,960,3,1,1,2,0.269644,0.306642,3753.409912,16.617273,72.951424,3549184,1754.24,48,EARLY_STOPPED,0.54647869,MSELoss,False,True,0.7,0.1,True,['Generic'],"[32, 16, 1]","[48, 12, 1]"
NHiTSNet,Pool-8x4x1_Freq-72x18x1,weather,192,960,3,1,0,1,0.27725,0.320105,4270.778809,19.114584,81.338303,3821568,959.23,26,EARLY_STOPPED,0.55340636,MSELoss,False,True,0.7,0.1,True,['Generic'],"[8, 4, 1]","[72, 18, 1]"
NHiTSNet,Pool-32x16x1_Freq-72x18x1,weather,192,960,3,1,1,2,0.27729,0.311453,3985.908691,17.494596,77.653458,3545088,1294.62,35,EARLY_STOPPED,0.54442149,MSELoss,False,True,0.7,0.1,True,['Generic'],"[32, 16, 1]","[72, 18, 1]"
NHiTSNet,Pool-8x4x1_Freq-72x18x1,weather,192,960,3,1,1,2,0.276272,0.311307,4070.003662,17.014565,74.718712,3821568,1550.89,42,EARLY_STOPPED,0.55612308,MSELoss,False,True,0.7,0.1,True,['Generic'],"[8, 4, 1]","[72, 18, 1]"
NHiTSNet,Pool-8x4x1_Freq-144x36x1,weather,192,960,3,1,0,1,0.270766,0.313028,4056.52417,18.055077,79.743767,3818496,962.24,26,EARLY_STOPPED,0.5490796,MSELoss,False,True,0.7,0.1,True,['Generic'],"[8, 4, 1]","[144, 36, 1]"
NHiTSNet,Pool-32x16x1_Freq-72x18x1,weather,192,960,3,1,0,1,0.286381,0.311475,4359.892578,16.858006,75.583145,3545088,2411.74,65,EARLY_STOPPED,0.54859227,MSELoss,False,True,0.7,0.1,True,['Generic'],"[32, 16, 1]","[72, 18, 1]"
NHiTSNet,Pool-8x4x1_Freq-144x36x1,weather,192,960,3,1,1,2,0.274962,0.316287,4057.932861,18.848078,80.44252,3818496,966.79,26,EARLY_STOPPED,0.55121028,MSELoss,False,True,0.7,0.1,True,['Generic'],"[8, 4, 1]","[144, 36, 1]"
NHiTSNet,Pool-32x16x1_Freq-144x36x1,weather,192,960,3,1,0,1,0.27341,0.310388,3947.974121,17.12859,75.375732,3542016,1540.55,41,EARLY_STOPPED,0.54777503,MSELoss,False,True,0.7,0.1,True,['Generic'],"[32, 16, 1]","[144, 36, 1]"
NHiTSNet,Pool-32x16x1_Freq-144x36x1,weather,192,960,3,1,1,2,0.294759,0.316643,4029.653809,17.603863,75.417473,3542016,1245.05,33,EARLY_STOPPED,0.54763967,MSELoss,False,True,0.7,0.1,True,['Generic'],"[32, 16, 1]","[144, 36, 1]"
NHiTSNet,Pool-8x4x1_Freq-168x24x1,weather,336,1680,3,1,1,2,0.336594,0.367815,5300.447754,21.522739,88.686325,4911104,967.6,26,EARLY_STOPPED,0.49668831,MSELoss,False,True,0.7,0.1,True,['Generic'],"[8, 4, 1]","[168, 24, 1]"
NHiTSNet,Pool-8x4x1_Freq-168x24x1,weather,336,1680,3,1,0,1,0.323213,0.352033,5330.315918,20.392006,83.65889,4911104,1186.64,32,EARLY_STOPPED,0.50096315,MSELoss,False,True,0.7,0.1,True,['Generic'],"[8, 4, 1]","[168, 24, 1]"
NHiTSNet,Pool-8x4x1_Freq-24x12x1,weather,336,1680,3,1,0,1,0.326081,0.358161,4587.646973,20.133675,85.455002,4924416,979.23,27,EARLY_STOPPED,0.4989875,MSELoss,False,True,0.7,0.1,True,['Generic'],"[8, 4, 1]","[24, 12, 1]"
NHiTSNet,Pool-8x4x1_Freq-24x12x1,weather,336,1680,3,1,1,2,0.325137,0.352498,5528.112305,20.813509,84.076797,4924416,1041.67,29,EARLY_STOPPED,0.48361376,MSELoss,False,True,0.7,0.1,True,['Generic'],"[8, 4, 1]","[24, 12, 1]"
NHiTSNet,Pool-8x4x1_Freq-1x1x1,weather,336,1680,3,1,1,2,0.325152,0.355849,4563.696289,20.003935,85.264587,5246976,840.34,28,EARLY_STOPPED,0.50107336,MSELoss,False,True,0.7,0.1,True,['Generic'],"[8, 4, 1]","[1, 1, 1]"
NHiTSNet,Pool-8x4x1_Freq-1x1x1,weather,336,1680,3,1,0,1,0.338562,0.351203,6772.217285,19.906244,83.387634,5246976,1051.38,34,EARLY_STOPPED,0.49607351,MSELoss,False,True,0.7,0.1,True,['Generic'],"[8, 4, 1]","[1, 1, 1]"
NHiTSNet,Pool-32x16x1_Freq-168x24x1,weather,336,1680,3,1,1,2,0.317776,0.351471,4702.253418,20.379423,84.577866,4427776,736.44,28,EARLY_STOPPED,0.49365616,MSELoss,False,True,0.7,0.1,True,['Generic'],"[32, 16, 1]","[168, 24, 1]"
NHiTSNet,Pool-32x16x1_Freq-168x24x1,weather,336,1680,3,1,0,1,0.330574,0.355169,4989.371094,19.966606,83.818634,4427776,807.94,31,EARLY_STOPPED,0.49715111,MSELoss,False,True,0.7,0.1,True,['Generic'],"[32, 16, 1]","[168, 24, 1]"
NHiTSNet,Pool-32x16x1_Freq-24x12x1,weather,336,1680,3,1,1,2,0.324508,0.357216,4451.23877,20.10187,85.842621,4441088,740.12,27,EARLY_STOPPED,0.4868207,MSELoss,False,True,0.7,0.1,True,['Generic'],"[32, 16, 1]","[24, 12, 1]"
NHiTSNet,Pool-32x16x1_Freq-24x12x1,weather,336,1680,3,1,0,1,0.321919,0.350235,4933.260742,19.769697,82.360756,4441088,851.77,31,EARLY_STOPPED,0.48944637,MSELoss,False,True,0.7,0.1,True,['Generic'],"[32, 16, 1]","[24, 12, 1]"
NHiTSNet,Pool-32x16x1_Freq-1x1x1,weather,336,1680,3,1,0,1,0.324498,0.353416,4797.517578,19.615622,83.733627,4763648,993.06,37,EARLY_STOPPED,0.48519623,MSELoss,False,True,0.7,0.1,True,['Generic'],"[32, 16, 1]","[1, 1, 1]"
NHiTSNet,Pool-32x16x1_Freq-1x1x1,weather,336,1680,3,1,1,2,0.319122,0.341731,5796.449219,19.564144,80.897614,4763648,1263.85,47,EARLY_STOPPED,0.47892493,MSELoss,False,True,0.7,0.1,True,['Generic'],"[32, 16, 1]","[1, 1, 1]"
NHiTSNet,Pool-8x4x1_Freq-48x12x1,weather,336,1680,3,1,0,1,0.328814,0.355324,4545.125,19.743097,85.004333,4920832,736.48,27,EARLY_STOPPED,0.49652329,MSELoss,False,True,0.7,0.1,True,['Generic'],"[8, 4, 1]","[48, 12, 1]"
NHiTSNet,Pool-8x4x1_Freq-48x12x1,weather,336,1680,3,1,1,2,0.332042,0.361613,5476.665527,21.509369,88.457939,4920832,712.77,26,EARLY_STOPPED,0.50710118,MSELoss,False,True,0.7,0.1,True,['Generic'],"[8, 4, 1]","[48, 12, 1]"
NHiTSNet,Pool-32x16x1_Freq-48x12x1,weather,336,1680,3,1,0,1,0.319832,0.350028,4514.556152,19.624861,82.688858,4437504,822.81,30,EARLY_STOPPED,0.4961724,MSELoss,False,True,0.7,0.1,True,['Generic'],"[32, 16, 1]","[48, 12, 1]"
NHiTSNet,Pool-32x16x1_Freq-48x12x1,weather,336,1680,3,1,1,2,0.323986,0.351675,5333.783691,19.895668,83.194389,4437504,1045.41,38,EARLY_STOPPED,0.49005517,MSELoss,False,True,0.7,0.1,True,['Generic'],"[32, 16, 1]","[48, 12, 1]"
NHiTSNet,Pool-8x4x1_Freq-72x18x1,weather,336,1680,3,1,0,1,0.334489,0.356032,6164.422363,21.322855,85.195366,4914176,822.36,30,EARLY_STOPPED,0.50753963,MSELoss,False,True,0.7,0.1,True,['Generic'],"[8, 4, 1]","[72, 18, 1]"
NHiTSNet,Pool-8x4x1_Freq-72x18x1,weather,336,1680,3,1,1,2,0.32584,0.362521,4758.413574,20.985758,87.802528,4914176,713.76,26,EARLY_STOPPED,0.49277011,MSELoss,False,True,0.7,0.1,True,['Generic'],"[8, 4, 1]","[72, 18, 1]"
NHiTSNet,Pool-32x16x1_Freq-72x18x1,weather,336,1680,3,1,0,1,0.321251,0.355072,4651.524902,20.491991,85.079308,4430848,742.01,27,EARLY_STOPPED,0.49512631,MSELoss,False,True,0.7,0.1,True,['Generic'],"[32, 16, 1]","[72, 18, 1]"
NHiTSNet,Pool-32x16x1_Freq-72x18x1,weather,336,1680,3,1,1,2,0.327987,0.362188,4857.394043,21.201258,87.11277,4430848,745.78,27,EARLY_STOPPED,0.49007586,MSELoss,False,True,0.7,0.1,True,['Generic'],"[32, 16, 1]","[72, 18, 1]"
NHiTSNet,Pool-8x4x1_Freq-144x36x1,weather,336,1680,3,1,1,2,0.326423,0.354905,5000.423828,20.088055,84.970818,4908544,738.7,27,EARLY_STOPPED,0.50422865,MSELoss,False,True,0.7,0.1,True,['Generic'],"[8, 4, 1]","[144, 36, 1]"
NHiTSNet,Pool-8x4x1_Freq-144x36x1,weather,336,1680,3,1,0,1,0.362032,0.355462,9718.681641,20.93573,83.104942,4908544,1511.1,55,EARLY_STOPPED,0.50528377,MSELoss,False,True,0.7,0.1,True,['Generic'],"[8, 4, 1]","[144, 36, 1]"
NHiTSNet,Pool-32x16x1_Freq-144x36x1,weather,336,1680,3,1,1,2,0.315864,0.35166,4715.354004,20.43881,85.094093,4425216,773.51,28,EARLY_STOPPED,0.49478704,MSELoss,False,True,0.7,0.1,True,['Generic'],"[32, 16, 1]","[144, 36, 1]"
NHiTSNet,Pool-32x16x1_Freq-144x36x1,weather,336,1680,3,1,0,1,0.348928,0.357521,6371.864258,19.837919,83.486198,4425216,1507.37,54,EARLY_STOPPED,0.49902672,MSELoss,False,True,0.7,0.1,True,['Generic'],"[32, 16, 1]","[144, 36, 1]"
NHiTSNet,Pool-8x4x1_Freq-168x24x1,weather,720,3600,3,1,0,1,0.403697,0.412581,7636.617188,27.286119,98.511078,7820288,961.12,35,EARLY_STOPPED,0.76896662,MSELoss,False,True,0.7,0.1,True,['Generic'],"[8, 4, 1]","[168, 24, 1]"
NHiTSNet,Pool-8x4x1_Freq-168x24x1,weather,720,3600,3,1,1,2,0.42593,0.412674,11057.332031,28.458456,96.366241,7820288,762.91,27,EARLY_STOPPED,0.76072228,MSELoss,False,True,0.7,0.1,True,['Generic'],"[8, 4, 1]","[168, 24, 1]"
NHiTSNet,Pool-8x4x1_Freq-24x12x1,weather,720,3600,3,1,1,2,0.41721,0.411287,7454.404785,27.208233,96.121399,7848960,783.99,27,EARLY_STOPPED,0.76748151,MSELoss,False,True,0.7,0.1,True,['Generic'],"[8, 4, 1]","[24, 12, 1]"
NHiTSNet,Pool-8x4x1_Freq-1x1x1,weather,720,3600,3,1,0,1,0.393585,0.404234,7184.228027,27.087231,94.987457,8540160,762.29,26,EARLY_STOPPED,0.73159331,MSELoss,False,True,0.7,0.1,True,['Generic'],"[8, 4, 1]","[1, 1, 1]"
NHiTSNet,Pool-8x4x1_Freq-24x12x1,weather,720,3600,3,1,0,1,0.539557,0.420844,35781.636719,29.133417,97.358505,7848960,1955.77,67,EARLY_STOPPED,0.76234585,MSELoss,False,True,0.7,0.1,True,['Generic'],"[8, 4, 1]","[24, 12, 1]"
NHiTSNet,Pool-8x4x1_Freq-1x1x1,weather,720,3600,3,1,1,2,0.411881,0.419154,7476.115234,27.340849,97.701752,8540160,748.04,26,EARLY_STOPPED,0.76436758,MSELoss,False,True,0.7,0.1,True,['Generic'],"[8, 4, 1]","[1, 1, 1]"
NHiTSNet,Pool-32x16x1_Freq-168x24x1,weather,720,3600,3,1,0,1,0.419901,0.422391,7481.147461,27.05715,97.051849,6784000,1162.71,41,EARLY_STOPPED,0.7456134,MSELoss,False,True,0.7,0.1,True,['Generic'],"[32, 16, 1]","[168, 24, 1]"
NHiTSNet,Pool-32x16x1_Freq-168x24x1,weather,720,3600,3,1,1,2,0.40097,0.410516,7186.654297,26.638142,96.30397,6784000,789.73,28,EARLY_STOPPED,0.74784136,MSELoss,False,True,0.7,0.1,True,['Generic'],"[32, 16, 1]","[168, 24, 1]"
NHiTSNet,Pool-32x16x1_Freq-24x12x1,weather,720,3600,3,1,0,1,0.395359,0.408511,7275.958496,28.310356,97.19635,6812672,768.51,27,EARLY_STOPPED,0.77405322,MSELoss,False,True,0.7,0.1,True,['Generic'],"[32, 16, 1]","[24, 12, 1]"
NHiTSNet,Pool-32x16x1_Freq-24x12x1,weather,720,3600,3,1,1,2,0.387482,0.401758,6788.21582,26.351688,95.533211,6812672,732.58,26,EARLY_STOPPED,0.75316852,MSELoss,False,True,0.7,0.1,True,['Generic'],"[32, 16, 1]","[24, 12, 1]"
NHiTSNet,Pool-32x16x1_Freq-1x1x1,weather,720,3600,3,1,1,2,0.385005,0.402022,7106.227051,27.250494,96.629265,7503872,754.7,26,EARLY_STOPPED,0.74439108,MSELoss,False,True,0.7,0.1,True,['Generic'],"[32, 16, 1]","[1, 1, 1]"
NHiTSNet,Pool-32x16x1_Freq-1x1x1,weather,720,3600,3,1,0,1,0.409246,0.407705,8591.816406,26.625231,96.354362,7503872,1031.43,36,EARLY_STOPPED,0.77268165,MSELoss,False,True,0.7,0.1,True,['Generic'],"[32, 16, 1]","[1, 1, 1]"
NHiTSNet,Pool-8x4x1_Freq-48x12x1,weather,720,3600,3,1,1,2,0.400847,0.404607,8024.095215,27.449337,94.740143,7841280,1026.77,36,EARLY_STOPPED,0.80332369,MSELoss,False,True,0.7,0.1,True,['Generic'],"[8, 4, 1]","[48, 12, 1]"
NHiTSNet,Pool-8x4x1_Freq-48x12x1,weather,720,3600,3,1,0,1,0.53809,0.41885,38714.847656,30.521179,96.278709,7841280,1558.84,55,EARLY_STOPPED,0.78294498,MSELoss,False,True,0.7,0.1,True,['Generic'],"[8, 4, 1]","[48, 12, 1]"
NHiTSNet,Pool-32x16x1_Freq-48x12x1,weather,720,3600,3,1,0,1,0.395972,0.407479,6879.727539,26.095606,95.691696,6804992,781.11,28,EARLY_STOPPED,0.7856074,MSELoss,False,True,0.7,0.1,True,['Generic'],"[32, 16, 1]","[48, 12, 1]"
NHiTSNet,Pool-32x16x1_Freq-48x12x1,weather,720,3600,3,1,1,2,0.408981,0.414895,7091.61084,27.287411,97.932304,6804992,728.86,26,EARLY_STOPPED,0.76642418,MSELoss,False,True,0.7,0.1,True,['Generic'],"[32, 16, 1]","[48, 12, 1]"
NHiTSNet,Pool-8x4x1_Freq-72x18x1,weather,720,3600,3,1,0,1,0.389925,0.40212,8237.569336,27.355503,95.182838,7828480,872.93,31,EARLY_STOPPED,0.77542102,MSELoss,False,True,0.7,0.1,True,['Generic'],"[8, 4, 1]","[72, 18, 1]"
NHiTSNet,Pool-8x4x1_Freq-72x18x1,weather,720,3600,3,1,1,2,0.393073,0.404395,7404.025879,26.714226,96.365204,7828480,850.1,30,EARLY_STOPPED,0.76949739,MSELoss,False,True,0.7,0.1,True,['Generic'],"[8, 4, 1]","[72, 18, 1]"
NHiTSNet,Pool-32x16x1_Freq-72x18x1,weather,720,3600,3,1,0,1,0.397823,0.409673,7259.273926,26.727612,96.242744,6792192,767.33,27,EARLY_STOPPED,0.77990782,MSELoss,False,True,0.7,0.1,True,['Generic'],"[32, 16, 1]","[72, 18, 1]"
NHiTSNet,Pool-8x4x1_Freq-144x36x1,weather,720,3600,3,1,0,1,0.3999,0.409067,7203.875488,26.652163,97.295425,7815680,756.24,27,EARLY_STOPPED,0.76399022,MSELoss,False,True,0.7,0.1,True,['Generic'],"[8, 4, 1]","[144, 36, 1]"
NHiTSNet,Pool-32x16x1_Freq-72x18x1,weather,720,3600,3,1,1,2,0.394763,0.407105,7018.003906,26.33532,96.035828,6792192,782.59,28,EARLY_STOPPED,0.73410976,MSELoss,False,True,0.7,0.1,True,['Generic'],"[32, 16, 1]","[72, 18, 1]"
NHiTSNet,Pool-8x4x1_Freq-144x36x1,weather,720,3600,3,1,1,2,0.405448,0.414641,6612.297852,25.697073,96.933632,7815680,722.63,26,EARLY_STOPPED,0.77199954,MSELoss,False,True,0.7,0.1,True,['Generic'],"[8, 4, 1]","[144, 36, 1]"
NHiTSNet,Pool-32x16x1_Freq-144x36x1,weather,720,3600,3,1,0,1,0.425866,0.430596,7834.865723,28.360691,100.378677,6779392,924.68,42,EARLY_STOPPED,0.74079484,MSELoss,False,True,0.7,0.1,True,['Generic'],"[32, 16, 1]","[144, 36, 1]"
NHiTSNet,Pool-4x4x4_Freq-144x36x1,weather,96,480,3,1,0,1,0.175269,0.228812,2216.977295,14.323807,66.343689,1208832,622.94,26,EARLY_STOPPED,0.43401209,MSELoss,False,True,0.7,0.1,True,['NHiTSGenericRoot'],"[4, 4, 4]","[144, 36, 1]"
NHiTSNet,Pool-4x4x4_Freq-144x36x1,weather,96,480,3,1,1,2,0.179850,0.238478,2186.119141,14.766270,66.342316,1208832,632.94,26,EARLY_STOPPED,0.45447564,MSELoss,False,True,0.7,0.1,True,['NHiTSGenericRoot'],"[4, 4, 4]","[144, 36, 1]"
NHiTSNet,Pool-4x4x4_Freq-72x18x1,weather,96,480,3,1,0,1,0.176057,0.228672,2108.833984,13.992605,65.193298,1210368,691.62,26,EARLY_STOPPED,0.43246067,MSELoss,False,True,0.7,0.1,True,['NHiTSGenericRoot'],"[4, 4, 4]","[72, 18, 1]"
NHiTSNet,Pool-4x4x4_Freq-72x18x1,weather,96,480,3,1,1,2,0.178770,0.234143,2295.839844,14.838962,67.917419,1210368,693.90,26,EARLY_STOPPED,0.45197725,MSELoss,False,True,0.7,0.1,True,['NHiTSGenericRoot'],"[4, 4, 4]","[72, 18, 1]"
NHiTSNet,Pool-4x4x4_Freq-48x12x1,weather,96,480,3,1,0,1,0.174162,0.226955,2210.400391,14.548706,66.781303,1210368,708.24,26,EARLY_STOPPED,0.43270704,MSELoss,False,True,0.7,0.1,True,['NHiTSGenericRoot'],"[4, 4, 4]","[48, 20, 1]"
NHiTSNet,Pool-4x4x4_Freq-48x12x1,weather,96,480,3,1,1,2,0.176205,0.232271,2341.339355,14.736599,67.271500,1210368,718.64,26,EARLY_STOPPED,0.44030201,MSELoss,False,True,0.7,0.1,True,['NHiTSGenericRoot'],"[4, 4, 4]","[48, 20, 1]"
NHiTSNet,Pool 4x4x4_Freq-144x36x1,weather,192,960,3,1,1,2,0.271519,0.312486,3942.343262,18.063637,78.368614,1628160,828.20,26,EARLY_STOPPED,0.55721730,MSELoss,False,True,0.7,0.1,True,['NHiTSGenericRoot'],"[4, 4, 4]","[144, 36, 1]"
NHiTSNet,Pool 4x4x4_Freq-144x36x1,weather,192,960,3,1,0,1,0.277300,0.314869,3970.868896,17.753431,77.269318,1628160,1093.27,33,EARLY_STOPPED,0.55328321,MSELoss,False,True,0.7,0.1,True,['NHiTSGenericRoot'],"[4, 4, 4]","[144, 36, 1]"
NHiTSNet,Pool-4x4x4_Freq-40x20x1,weather,96,480,3,1,0,1,0.178034,0.230560,2155.166992,14.652000,68.101631,1210368,1004.92,26,EARLY_STOPPED,0.43351886,MSELoss,False,True,0.7,0.1,True,['NHiTSGenericRoot'],"[4, 4, 4]","[40, 20, 1]"
NHiTSNet,Pool-4x4x4_Freq-40x20x1,weather,96,480,3,1,1,2,0.175798,0.232371,2258.427734,14.931028,67.238968,1210368,1006.58,26,EARLY_STOPPED,0.44840211,MSELoss,False,True,0.7,0.1,True,['NHiTSGenericRoot'],"[4, 4, 4]","[40, 20, 1]"
NHiTSNet,Pool-4x4x4_Freq-72x18x1,weather,192,960,3,1,1,2,0.275997,0.315399,3842.488525,18.052441,78.686066,1631232,1075.17,28,EARLY_STOPPED,0.55861187,MSELoss,False,True,0.7,0.1,True,['NHiTSGenericRoot'],"[4, 4, 4]","[72, 18, 1]"
NHiTSNet,Pool-4x4x4_Freq-48x12x1,weather,192,960,3,1,0,1,0.275263,0.315708,3840.911621,18.093908,79.777351,1631744,1040.02,27,EARLY_STOPPED,0.56404579,MSELoss,False,True,0.7,0.1,True,['NHiTSGenericRoot'],"[4, 4, 4]","[48, 20, 1]"
NHiTSNet,Pool-4x4x4_Freq-48x12x1,weather,192,960,3,1,1,2,0.273274,0.315672,3564.283691,18.071707,79.770699,1631744,1009.69,26,EARLY_STOPPED,0.56151056,MSELoss,False,True,0.7,0.1,True,['NHiTSGenericRoot'],"[4, 4, 4]","[48, 20, 1]"
NHiTSNet,Pool-4x4x4_Freq-64x8x1,weather,96,480,3,1,0,1,0.174633,0.227726,2204.859375,14.351206,63.798279,1213952,1031.97,26,EARLY_STOPPED,0.43912536,MSELoss,False,True,0.7,0.1,True,['NHiTSGenericRoot'],"[4, 4, 4]","[64, 8, 1]"
NHiTSNet,Pool-4x4x4_Freq-64x8x1,weather,96,480,3,1,1,2,0.179098,0.234159,2173.732178,14.505151,68.206184,1213952,1032.11,26,EARLY_STOPPED,0.45200819,MSELoss,False,True,0.7,0.1,True,['NHiTSGenericRoot'],"[4, 4, 4]","[64, 8, 1]"
NHiTSNet,Pool-4x4x4_Freq-72x18x1,weather,192,960,3,1,0,1,0.274079,0.309544,3758.833740,17.285194,76.076965,1631232,2258.50,58,EARLY_STOPPED,0.55817491,MSELoss,False,True,0.7,0.1,True,['NHiTSGenericRoot'],"[4, 4, 4]","[72, 18, 1]"
NHiTSNet,Pool-4x4x4_Freq-72x18x1,weather,336,1680,3,1,0,1,0.328186,0.360094,5145.471191,21.209164,86.835632,2263040,1061.77,27,EARLY_STOPPED,0.50876784,MSELoss,False,True,0.7,0.1,True,['NHiTSGenericRoot'],"[4, 4, 4]","[72, 18, 1]"
NHiTSNet,Pool 4x4x4_Freq-144x36x1,weather,336,1680,3,1,1,2,0.323465,0.351479,4439.064453,19.632618,83.595284,2257408,1419.67,36,EARLY_STOPPED,0.50316703,MSELoss,False,True,0.7,0.1,True,['NHiTSGenericRoot'],"[4, 4, 4]","[144, 36, 1]"
NHiTSNet,Pool 4x4x4_Freq-144x36x1,weather,336,1680,3,1,0,1,0.331110,0.357214,4414.267578,19.866234,83.880547,2257408,1805.66,46,EARLY_STOPPED,0.50126421,MSELoss,False,True,0.7,0.1,True,['NHiTSGenericRoot'],"[4, 4, 4]","[144, 36, 1]"
NHiTSNet,Pool 2x2x2_Freq-180x60x1,weather,96,480,3,1,0,1,0.172832,0.228997,2202.294922,14.429687,64.434906,1576960,1061.91,26,EARLY_STOPPED,0.43374062,MSELoss,False,True,0.7,0.1,True,['NHiTSGenericRoot'],"[2, 2, 2]","[180, 60, 1]"
NHiTSNet,Pool 2x2x2_Freq-180x60x1,weather,96,480,3,1,1,2,0.176341,0.231189,2522.060547,15.362669,65.463570,1576960,1062.00,26,EARLY_STOPPED,0.43356386,MSELoss,False,True,0.7,0.1,True,['NHiTSGenericRoot'],"[2, 2, 2]","[180, 60, 1]"
NHiTSNet,Pool-4x4x4_Freq-72x18x1,weather,336,1680,3,1,1,2,0.333667,0.364381,5663.083008,22.241102,87.245979,2263040,1029.44,26,EARLY_STOPPED,0.50280702,MSELoss,False,True,0.7,0.1,True,['NHiTSGenericRoot'],"[4, 4, 4]","[72, 18, 1]"
NHiTSNet,Pool-4x4x4_Freq-48x12x1,weather,336,1680,3,1,0,1,0.326011,0.353381,4805.011230,20.198212,83.996582,2263552,1175.30,29,EARLY_STOPPED,0.50715303,MSELoss,False,True,0.7,0.1,True,['NHiTSGenericRoot'],"[4, 4, 4]","[48, 20, 1]"
NHiTSNet,Pool-4x4x4_Freq-48x12x1,weather,336,1680,3,1,1,2,0.326131,0.353752,4675.582031,20.124651,84.405296,2263552,1225.32,30,EARLY_STOPPED,0.51132941,MSELoss,False,True,0.7,0.1,True,['NHiTSGenericRoot'],"[4, 4, 4]","[48, 20, 1]"
NHiTSNet,Pool-2x2x2_Freq-40x20x1,weather,96,480,3,1,0,1,0.180152,0.238471,2234.909912,14.928965,69.368973,1579008,1105.23,26,EARLY_STOPPED,0.44102052,MSELoss,False,True,0.7,0.1,True,['NHiTSGenericRoot'],"[2, 2, 2]","[40, 20, 1]"
NHiTSNet,Pool-2x2x2_Freq-40x20x1,weather,96,480,3,1,1,2,0.176813,0.235970,2288.900391,14.835328,68.568489,1579008,1103.75,26,EARLY_STOPPED,0.43748870,MSELoss,False,True,0.7,0.1,True,['NHiTSGenericRoot'],"[2, 2, 2]","[40, 20, 1]"
NHiTSNet,Pool-32x16x1_Freq-144x36x1,weather,720,3600,3,1,1,2,0.395011,0.410101,6772.859863,26.369942,96.462166,6779392,1479.61,28,EARLY_STOPPED,0.74785644,MSELoss,False,True,0.7,0.1,True,['Generic'],"[32, 16, 1]","[144, 36, 1]"
NHiTSNet,Pool 4x4x4_Freq-144x36x1,weather,720,3600,3,1,0,1,0.388537,0.401001,6570.650879,25.894962,94.647827,3935744,1589.07,40,EARLY_STOPPED,0.75562841,MSELoss,False,True,0.7,0.1,True,['NHiTSGenericRoot'],"[4, 4, 4]","[144, 36, 1]"
NHiTSNet,Pool 4x4x4_Freq-144x36x1,weather,720,3600,3,1,1,2,0.402667,0.413347,6685.758789,26.850790,97.007286,3935744,1075.92,27,EARLY_STOPPED,0.75152940,MSELoss,False,True,0.7,0.1,True,['NHiTSGenericRoot'],"[4, 4, 4]","[144, 36, 1]"
NHiTSNet,Pool-4x4x4_Freq-72x18x1,weather,720,3600,3,1,0,1,0.414013,0.417185,6969.519531,27.313427,97.470879,3948544,1071.98,27,EARLY_STOPPED,0.75029844,MSELoss,False,True,0.7,0.1,True,['NHiTSGenericRoot'],"[4, 4, 4]","[72, 18, 1]"
NHiTSNet,Pool-2x2x2_Freq-64x8x1,weather,96,480,3,1,0,1,0.181543,0.243289,2268.089600,15.252030,70.036987,1582592,1094.08,26,EARLY_STOPPED,0.43347880,MSELoss,False,True,0.7,0.1,True,['NHiTSGenericRoot'],"[2, 2, 2]","[64, 8, 1]"
NHiTSNet,Pool-2x2x2_Freq-64x8x1,weather,96,480,3,1,1,2,0.174494,0.230762,2240.528564,14.552370,66.308945,1582592,1091.59,26,EARLY_STOPPED,0.42970327,MSELoss,False,True,0.7,0.1,True,['NHiTSGenericRoot'],"[2, 2, 2]","[64, 8, 1]"
NHiTSNet,Pool-4x4x4_Freq-72x18x1,weather,720,3600,3,1,1,2,0.403876,0.407173,7642.380859,26.928438,96.186356,3948544,1342.63,36,EARLY_STOPPED,0.74586987,MSELoss,False,True,0.7,0.1,True,['NHiTSGenericRoot'],"[4, 4, 4]","[72, 18, 1]"
NHiTSNet,Pool-4x4x4_Freq-40x20x1,weather,192,960,3,1,1,2,0.277950,0.314045,3963.738525,18.013893,78.496384,1631744,891.72,26,EARLY_STOPPED,0.56347919,MSELoss,False,True,0.7,0.1,True,['NHiTSGenericRoot'],"[4, 4, 4]","[40, 20, 1]"
NHiTSNet,Pool-4x4x4_Freq-48x12x1,weather,720,3600,3,1,0,1,0.412251,0.409045,7569.244141,26.178276,94.878830,3949056,1573.69,47,EARLY_STOPPED,0.77125347,MSELoss,False,True,0.7,0.1,True,['NHiTSGenericRoot'],"[4, 4, 4]","[48, 20, 1]"
NHiTSNet,Pool-4x4x4_Freq-40x20x1,weather,192,960,3,1,0,1,0.278748,0.310520,3998.315186,17.390108,76.199333,1631744,1494.49,46,EARLY_STOPPED,0.55554640,MSELoss,False,True,0.7,0.1,True,['NHiTSGenericRoot'],"[4, 4, 4]","[40, 20, 1]"
NHiTSNet,Pool-4x4x4_Freq-48x12x1,weather,720,3600,3,1,1,2,0.401757,0.402178,7730.072266,25.795486,94.068634,3949056,1813.39,57,EARLY_STOPPED,0.74327350,MSELoss,False,True,0.7,0.1,True,['NHiTSGenericRoot'],"[4, 4, 4]","[48, 20, 1]"
NHiTSNet,Pool-4x4x4_Freq-64x8x1,weather,192,960,3,1,0,1,0.278074,0.319746,3430.882568,17.838030,78.706001,1638912,764.46,27,EARLY_STOPPED,0.55996847,MSELoss,False,True,0.7,0.1,True,['NHiTSGenericRoot'],"[4, 4, 4]","[64, 8, 1]"
NHiTSNet,Pool-4x4x4_Freq-64x8x1,weather,192,960,3,1,1,2,0.279903,0.317659,3502.697998,17.911514,79.510132,1638912,612.97,26,EARLY_STOPPED,0.55756813,MSELoss,False,True,0.7,0.1,True,['NHiTSGenericRoot'],"[4, 4, 4]","[64, 8, 1]"
NHiTSNet,Pool 2x2x2_Freq-180x60x1,weather,192,960,3,1,0,1,0.269512,0.311585,4001.927979,17.869598,78.384415,2364416,608.65,26,EARLY_STOPPED,0.54225725,MSELoss,False,True,0.7,0.1,True,['NHiTSGenericRoot'],"[2, 2, 2]","[180, 60, 1]"
NHiTSNet,Pool-2x2x2_Freq-40x20x1,weather,192,960,3,1,0,1,0.267783,0.313750,4077.666992,18.633486,80.505768,2369024,608.14,26,EARLY_STOPPED,0.55066419,MSELoss,False,True,0.7,0.1,True,['NHiTSGenericRoot'],"[2, 2, 2]","[40, 20, 1]"
NHiTSNet,Pool 2x2x2_Freq-180x60x1,weather,192,960,3,1,1,2,0.273973,0.313087,3967.698975,17.848881,77.806763,2364416,840.37,36,EARLY_STOPPED,0.55772591,MSELoss,False,True,0.7,0.1,True,['NHiTSGenericRoot'],"[2, 2, 2]","[180, 60, 1]"
NHiTSNet,Pool-2x2x2_Freq-40x20x1,weather,192,960,3,1,1,2,0.267777,0.309174,4210.055176,18.664412,78.520988,2369024,606.39,26,EARLY_STOPPED,0.55045003,MSELoss,False,True,0.7,0.1,True,['NHiTSGenericRoot'],"[2, 2, 2]","[40, 20, 1]"
NHiTSNet,Pool-2x2x2_Freq-64x8x1,weather,192,960,3,1,0,1,0.274398,0.313721,4213.866699,18.490110,79.045372,2376192,628.23,27,EARLY_STOPPED,0.55195230,MSELoss,False,True,0.7,0.1,True,['NHiTSGenericRoot'],"[2, 2, 2]","[64, 8, 1]"
NHiTSNet,Pool-4x4x4_Freq-40x20x1,weather,336,1680,3,1,0,1,0.326062,0.356469,4713.190918,20.757746,86.336502,2264064,639.03,27,EARLY_STOPPED,0.50284672,MSELoss,False,True,0.7,0.1,True,['NHiTSGenericRoot'],"[4, 4, 4]","[40, 20, 1]"
NHiTSNet,Pool-2x2x2_Freq-64x8x1,weather,192,960,3,1,1,2,0.267898,0.307133,3566.036377,17.056442,77.049927,2376192,826.37,34,EARLY_STOPPED,0.55311024,MSELoss,False,True,0.7,0.1,True,['NHiTSGenericRoot'],"[2, 2, 2]","[64, 8, 1]"
NHiTSNet,Pool-4x4x4_Freq-64x8x1,weather,336,1680,3,1,0,1,0.323787,0.352365,4672.497070,20.004541,83.709114,2275840,798.40,32,EARLY_STOPPED,0.50676477,MSELoss,False,True,0.7,0.1,True,['NHiTSGenericRoot'],"[4, 4, 4]","[64, 8, 1]"
NHiTSNet,Pool-4x4x4_Freq-40x20x1,weather,336,1680,3,1,1,2,0.320507,0.347359,4272.363770,18.987650,82.148140,2264064,1688.53,68,EARLY_STOPPED,0.50931722,MSELoss,False,True,0.7,0.1,True,['NHiTSGenericRoot'],"[4, 4, 4]","[40, 20, 1]"
NHiTSNet,Pool-4x4x4_Freq-64x8x1,weather,336,1680,3,1,1,2,0.322870,0.348681,4868.205566,20.123972,83.408188,2275840,842.66,34,EARLY_STOPPED,0.50865108,MSELoss,False,True,0.7,0.1,True,['NHiTSGenericRoot'],"[4, 4, 4]","[64, 8, 1]"
NHiTSNet,Pool 2x2x2_Freq-180x60x1,weather,336,1680,3,1,0,1,0.330539,0.356752,5117.063965,20.945440,86.040207,3545088,661.53,27,EARLY_STOPPED,0.49502471,MSELoss,False,True,0.7,0.1,True,['NHiTSGenericRoot'],"[2, 2, 2]","[180, 60, 1]"
NHiTSNet,Pool 2x2x2_Freq-180x60x1,weather,336,1680,3,1,1,2,0.328337,0.350778,4570.463379,19.338533,83.103653,3545088,1046.33,43,EARLY_STOPPED,0.51292759,MSELoss,False,True,0.7,0.1,True,['NHiTSGenericRoot'],"[2, 2, 2]","[180, 60, 1]"
NHiTSNet,Pool-2x2x2_Freq-40x20x1,weather,336,1680,3,1,0,1,0.331475,0.356118,5449.036621,20.457708,84.892303,3554304,791.88,33,EARLY_STOPPED,0.50059974,MSELoss,False,True,0.7,0.1,True,['NHiTSGenericRoot'],"[2, 2, 2]","[40, 20, 1]"
NHiTSNet,Pool-2x2x2_Freq-40x20x1,weather,336,1680,3,1,1,2,0.328067,0.355047,4722.043945,19.836809,84.537239,3554304,839.09,35,EARLY_STOPPED,0.50622952,MSELoss,False,True,0.7,0.1,True,['NHiTSGenericRoot'],"[2, 2, 2]","[40, 20, 1]"
NHiTSNet,Pool-2x2x2_Freq-64x8x1,weather,336,1680,3,1,0,1,0.316800,0.346955,5011.063965,20.508450,83.873459,3566080,623.50,26,EARLY_STOPPED,0.50230640,MSELoss,False,True,0.7,0.1,True,['NHiTSGenericRoot'],"[2, 2, 2]","[64, 8, 1]"
NHiTSNet,Pool-2x2x2_Freq-64x8x1,weather,336,1680,3,1,1,2,0.326334,0.353055,5745.522949,21.019075,85.454369,3566080,678.05,27,EARLY_STOPPED,0.49734536,MSELoss,False,True,0.7,0.1,True,['NHiTSGenericRoot'],"[2, 2, 2]","[64, 8, 1]"
NHiTSNet,Pool-4x4x4_Freq-40x20x1,weather,720,3600,3,1,0,1,0.416174,0.413355,7380.884766,27.435152,97.726479,3950592,796.84,32,EARLY_STOPPED,0.75234568,MSELoss,False,True,0.7,0.1,True,['NHiTSGenericRoot'],"[4, 4, 4]","[40, 20, 1]"
NHiTSNet,Pool-4x4x4_Freq-40x20x1,weather,720,3600,3,1,1,2,0.405088,0.410407,6655.343750,26.449957,96.627434,3950592,708.44,27,EARLY_STOPPED,0.75747842,MSELoss,False,True,0.7,0.1,True,['NHiTSGenericRoot'],"[4, 4, 4]","[40, 20, 1]"
NHiTSNet,Pool-4x4x4_Freq-64x8x1,weather,720,3600,3,1,0,1,0.397529,0.404165,7012.188965,26.110632,94.974091,3974656,944.99,36,EARLY_STOPPED,0.76431745,MSELoss,False,True,0.7,0.1,True,['NHiTSGenericRoot'],"[4, 4, 4]","[64, 8, 1]"
NHiTSNet,Pool-4x4x4_Freq-64x8x1,weather,720,3600,3,1,1,2,0.397306,0.406084,6915.701660,26.628693,96.606956,3974656,807.39,31,EARLY_STOPPED,0.76062161,MSELoss,False,True,0.7,0.1,True,['NHiTSGenericRoot'],"[4, 4, 4]","[64, 8, 1]"
NHiTSNet,Pool 2x2x2_Freq-180x60x1,weather,720,3600,3,1,1,2,0.391127,0.404994,6845.044922,26.656883,96.907059,6695936,763.60,29,EARLY_STOPPED,0.78657043,MSELoss,False,True,0.7,0.1,True,['NHiTSGenericRoot'],"[2, 2, 2]","[180, 60, 1]"
NHiTSNet,Pool-2x2x2_Freq-40x20x1,weather,720,3600,3,1,0,1,0.487551,0.422354,19150.701172,29.876104,94.513809,6715392,1178.67,45,EARLY_STOPPED,0.75904864,MSELoss,False,True,0.7,0.1,True,['NHiTSGenericRoot'],"[2, 2, 2]","[40, 20, 1]"
NHiTSNet,Pool 2x2x2_Freq-180x60x1,weather,720,3600,3,1,0,1,0.526764,0.414548,31788.388672,28.866589,96.347603,6695936,2278.16,87,EARLY_STOPPED,0.77558327,MSELoss,False,True,0.7,0.1,True,['NHiTSGenericRoot'],"[2, 2, 2]","[180, 60, 1]"
NHiTSNet,Pool-2x2x2_Freq-40x20x1,weather,720,3600,3,1,1,2,0.430221,0.410719,11397.366211,26.696571,94.716118,6715392,1079.20,41,EARLY_STOPPED,0.75320137,MSELoss,False,True,0.7,0.1,True,['NHiTSGenericRoot'],"[2, 2, 2]","[40, 20, 1]"
NHiTSNet,Pool-2x2x2_Freq-64x8x1,weather,720,3600,3,1,0,1,0.417350,0.410404,6951.243164,25.529282,93.342125,6739456,1651.04,63,EARLY_STOPPED,0.77289981,MSELoss,False,True,0.7,0.1,True,['NHiTSGenericRoot'],"[2, 2, 2]","[64, 8, 1]"
NHiTSNet,Pool-2x2x2_Freq-64x8x1,weather,720,3600,3,1,1,2,0.405109,0.407677,7527.035156,26.370609,96.435356,6739456,901.39,39,EARLY_STOPPED,0.76921421,MSELoss,False,True,0.7,0.1,True,['NHiTSGenericRoot'],"[2, 2, 2]","[64, 8, 1]"
NHiTSNet,Pool-2x2x2_Freq-180x60x1,weather,96,480,3,1,0,1,0.174175,0.228471,2176.933105,14.465889,62.678192,1576960,5812.30,200,MAX_EPOCHS,0.42790562,MSELoss,False,True,0.7,0.1,True,['NHiTSGenericRoot'],"[2, 2, 2]","[180, 60, 1]"
NHiTSNet,Pool-2x2x2_Freq-180x60x1,weather,96,480,3,1,1,2,0.174479,0.230898,2361.479492,15.127139,67.208084,1576960,5819.40,200,MAX_EPOCHS,0.42681447,MSELoss,False,True,0.7,0.1,True,['NHiTSGenericRoot'],"[2, 2, 2]","[180, 60, 1]"
NHiTSNet,Pool-8x8x8_Freq-144x36x1,weather,96,480,3,1,0,1,0.179138,0.230770,2341.500732,15.125961,64.625389,1024512,5857.83,200,MAX_EPOCHS,0.44426757,MSELoss,False,True,0.7,0.1,True,['NHiTSGenericRoot'],"[8, 8, 8]","[144, 36, 1]"
NHiTSNet,Pool-8x8x8_Freq-144x36x1,weather,96,480,3,1,1,2,0.180034,0.236374,2351.248047,14.884230,64.610710,1024512,5853.87,200,MAX_EPOCHS,0.44684383,MSELoss,False,True,0.7,0.1,True,['NHiTSGenericRoot'],"[8, 8, 8]","[144, 36, 1]"
NHiTSNet,Pool-8x8x8_Freq-72x18x1,weather,96,480,3,1,0,1,0.176890,0.229436,2215.381104,14.365355,66.302643,1026048,5820.34,200,MAX_EPOCHS,0.44909871,MSELoss,False,True,0.7,0.1,True,['NHiTSGenericRoot'],"[8, 8, 8]","[72, 18, 1]"
NHiTSNet,Pool-8x8x8_Freq-72x18x1,weather,96,480,3,1,1,2,0.178631,0.230942,2260.071777,14.406326,63.768269,1026048,5824.39,200,MAX_EPOCHS,0.44371155,MSELoss,False,True,0.7,0.1,True,['NHiTSGenericRoot'],"[8, 8, 8]","[72, 18, 1]"
NHiTSNet,Pool-8x8x8_Freq-48x12x1,weather,96,480,3,1,0,1,0.181614,0.235860,2311.866211,14.667440,65.772606,1028096,5812.17,200,MAX_EPOCHS,0.44952530,MSELoss,False,True,0.7,0.1,True,['NHiTSGenericRoot'],"[8, 8, 8]","[48, 12, 1]"
NHiTSNet,Pool-8x8x8_Freq-48x12x1,weather,96,480,3,1,1,2,0.181243,0.233003,2262.692139,14.397205,63.987804,1028096,5825.14,200,MAX_EPOCHS,0.44781482,MSELoss,False,True,0.7,0.1,True,['NHiTSGenericRoot'],"[8, 8, 8]","[48, 12, 1]"
NHiTSNet,Pool-8x8x8_Freq-40x20x1,weather,96,480,3,1,0,1,0.178872,0.231144,2159.301270,14.297831,64.770599,1026048,5802.28,200,MAX_EPOCHS,0.45467943,MSELoss,False,True,0.7,0.1,True,['NHiTSGenericRoot'],"[8, 8, 8]","[40, 20, 1]"
NHiTSNet,Pool-8x8x8_Freq-40x20x1,weather,96,480,3,1,1,2,0.179795,0.232702,2270.512207,14.447175,63.489193,1026048,5809.84,200,MAX_EPOCHS,0.44760650,MSELoss,False,True,0.7,0.1,True,['NHiTSGenericRoot'],"[8, 8, 8]","[40, 20, 1]"
NHiTSNet,Pool-8x8x8_Freq-64x8x1,weather,96,480,3,1,0,1,0.185241,0.238975,2413.468018,15.099544,66.053200,1029632,5805.20,200,MAX_EPOCHS,0.45479685,MSELoss,False,True,0.7,0.1,True,['NHiTSGenericRoot'],"[8, 8, 8]","[64, 8, 1]"
NHiTSNet,Pool-8x8x8_Freq-64x8x1,weather,96,480,3,1,1,2,0.178376,0.233086,2281.410156,14.684159,65.770271,1029632,5796.00,200,MAX_EPOCHS,0.43671694,MSELoss,False,True,0.7,0.1,True,['NHiTSGenericRoot'],"[8, 8, 8]","[64, 8, 1]"
