model_type,config_name,dataset,horizon,backcast_length,n_stacks,n_blocks_per_stack,run,seed,mse,mae,norm_mse,norm_mae,smape,n_params,training_time_seconds,epochs_trained,stopping_reason,best_val_loss,loss_function,normalize,train_ratio,val_ratio,include_target,stack_types
NBeatsNet,GenericAELG-10,weather,96,480,10,1,0,1,0.270308,0.347955,0.011794,0.059993,64.279282,5581120,339.37,11,EARLY_STOPPED,0.35709053,MSELoss,True,0.7,0.1,True,['GenericAELG']
NBeatsNet,GenericAELG-10,weather,96,480,10,1,1,2,0.215071,0.304051,0.009805,0.054535,53.588783,5581120,339.85,11,EARLY_STOPPED,0.34576848,MSELoss,True,0.7,0.1,True,['GenericAELG']
NBeatsNet,GenericAELG-10,weather,96,480,10,1,2,3,0.194063,0.281569,0.010897,0.054362,53.398598,5581120,348.11,11,EARLY_STOPPED,0.34621683,MSELoss,True,0.7,0.1,True,['GenericAELG']
NHiTSNet,NHiTS-GenericAELG,weather,96,480,3,1,0,1,0.172344,0.296723,0.037504,0.080575,61.977619,983136,146.41,11,EARLY_STOPPED,0.34160927,MSELoss,True,0.7,0.1,True,['GenericAELG']
NHiTSNet,NHiTS-TrendWaveletAELG,weather,96,480,3,1,0,1,0.180510,0.293441,0.064159,0.084132,64.894806,733047,167.43,11,EARLY_STOPPED,0.34840071,MSELoss,True,0.7,0.1,True,['TrendWaveletAELG']
NHiTSNet,NHiTS-GenericAELG,weather,96,480,3,1,1,2,0.245054,0.344129,0.082471,0.102165,68.742699,983136,145.38,11,EARLY_STOPPED,0.33924723,MSELoss,True,0.7,0.1,True,['GenericAELG']
NBeatsNet,TrendAELG+Sym20V3AELG,weather,96,480,10,1,0,1,0.204500,0.293405,0.008907,0.050110,56.917793,2305615,304.07,11,EARLY_STOPPED,0.34985298,MSELoss,True,0.7,0.1,True,"['TrendAELG', 'Symlet20WaveletV3AELG']"
NHiTSNet,NHiTS-TrendWaveletAELG,weather,96,480,3,1,1,2,0.172197,0.305655,0.036355,0.081044,69.155434,733047,165.59,11,EARLY_STOPPED,0.34503770,MSELoss,True,0.7,0.1,True,['TrendWaveletAELG']
NHiTSNet,NHiTS-GenericAELG,weather,96,480,3,1,2,3,0.137089,0.260176,0.010924,0.053596,48.019638,983136,157.49,11,EARLY_STOPPED,0.34498203,MSELoss,True,0.7,0.1,True,['GenericAELG']
NHiTSNet,NHiTS-TrendWaveletAELG,weather,96,480,3,1,2,3,0.186545,0.302481,0.018520,0.066881,65.868370,733047,190.81,11,EARLY_STOPPED,0.34660354,MSELoss,True,0.7,0.1,True,['TrendWaveletAELG']
NHiTSNet,NHiTS-GenericAELG,weather,96,480,3,1,3,4,0.137121,0.248124,0.028780,0.066028,60.660545,983136,177.73,11,EARLY_STOPPED,0.33120495,MSELoss,True,0.7,0.1,True,['GenericAELG']
NBeatsNet,TrendAELG+Sym20V3AELG,weather,96,480,10,1,1,2,0.195562,0.306567,0.012528,0.059691,60.720028,2305615,346.33,11,EARLY_STOPPED,0.35041815,MSELoss,True,0.7,0.1,True,"['TrendAELG', 'Symlet20WaveletV3AELG']"
NBeatsNet,GenericAELG-10,weather,96,480,10,1,3,4,0.300220,0.380137,0.043142,0.091849,71.145752,5581120,328.71,11,EARLY_STOPPED,0.35837820,MSELoss,True,0.7,0.1,True,['GenericAELG']
NBeatsNet,GenericAELG-10,weather,96,480,10,1,4,5,0.270715,0.339608,0.009929,0.054510,61.021225,5581120,330.82,11,EARLY_STOPPED,0.35120791,MSELoss,True,0.7,0.1,True,['GenericAELG']
NHiTSNet,NHiTS-TrendWaveletAELG,weather,96,480,3,1,3,4,0.131626,0.261373,0.029166,0.065781,61.772812,733047,199.95,11,EARLY_STOPPED,0.34866193,MSELoss,True,0.7,0.1,True,['TrendWaveletAELG']
NBeatsNet,GenericAELG-10,weather,96,480,10,1,5,6,0.198208,0.307718,0.051151,0.091310,69.262741,5581120,321.65,11,EARLY_STOPPED,0.35458681,MSELoss,True,0.7,0.1,True,['GenericAELG']
NHiTSNet,NHiTS-GenericAELG,weather,96,480,3,1,4,5,0.148110,0.273823,0.138137,0.114196,65.644768,983136,177.21,11,EARLY_STOPPED,0.33848646,MSELoss,True,0.7,0.1,True,['GenericAELG']
NHiTSNet,NHiTS-TrendWaveletAELG,weather,96,480,3,1,4,5,0.214982,0.330124,0.027667,0.074351,66.278297,733047,202.41,11,EARLY_STOPPED,0.34676284,MSELoss,True,0.7,0.1,True,['TrendWaveletAELG']
NHiTSNet,NHiTS-GenericAELG,weather,96,480,3,1,5,6,0.171209,0.296015,0.023180,0.069018,63.722698,983136,177.85,11,EARLY_STOPPED,0.33530462,MSELoss,True,0.7,0.1,True,['GenericAELG']
NBeatsNet,GenericAELG-10,weather,96,480,10,1,6,7,0.290079,0.354545,0.028422,0.076294,64.042198,5581120,329.59,11,EARLY_STOPPED,0.35928398,MSELoss,True,0.7,0.1,True,['GenericAELG']
NBeatsNet,TrendAELG+Sym20V3AELG,weather,96,480,10,1,2,3,0.303344,0.401202,0.048772,0.096089,77.553505,2305615,359.44,11,EARLY_STOPPED,0.34410241,MSELoss,True,0.7,0.1,True,"['TrendAELG', 'Symlet20WaveletV3AELG']"
NBeatsNet,GenericAELG-10,weather,96,480,10,1,7,8,0.306263,0.393561,0.043182,0.096001,81.358292,5581120,330.17,11,EARLY_STOPPED,0.35015219,MSELoss,True,0.7,0.1,True,['GenericAELG']
NBeatsNet,BottleneckGenericAELG-10,weather,96,480,10,1,0,1,0.197049,0.310270,0.011757,0.055890,58.122337,2686450,378.51,11,EARLY_STOPPED,0.33996105,MSELoss,True,0.7,0.1,True,['BottleneckGenericAELG']
NHiTSNet,NHiTS-GenericAELG,weather,96,480,3,1,6,7,0.153210,0.278702,0.092659,0.088027,53.017342,983136,178.89,11,EARLY_STOPPED,0.33982173,MSELoss,True,0.7,0.1,True,['GenericAELG']
NHiTSNet,NHiTS-TrendWaveletAELG,weather,96,480,3,1,5,6,0.188993,0.308259,0.048798,0.088653,68.631706,733047,240.39,13,EARLY_STOPPED,0.36420822,MSELoss,True,0.7,0.1,True,['TrendWaveletAELG']
NHiTSNet,NHiTS-GenericAELG,weather,96,480,3,1,7,8,0.159560,0.288273,0.072315,0.089555,65.974457,983136,177.52,11,EARLY_STOPPED,0.34039500,MSELoss,True,0.7,0.1,True,['GenericAELG']
NHiTSNet,NHiTS-TrendWaveletAELG,weather,96,480,3,1,6,7,0.204955,0.328497,0.015272,0.063704,62.942974,733047,201.57,11,EARLY_STOPPED,0.34555548,MSELoss,True,0.7,0.1,True,['TrendWaveletAELG']
NBeatsNet,BottleneckGenericAELG-10,weather,96,480,10,1,1,2,0.141853,0.250630,0.028642,0.065610,58.923714,2686450,390.90,11,EARLY_STOPPED,0.34685615,MSELoss,True,0.7,0.1,True,['BottleneckGenericAELG']
NBeatsNet,TrendAELG+Sym20V3AELG,weather,96,480,10,1,3,4,0.247609,0.333544,0.018494,0.063779,65.807365,2305615,364.93,11,EARLY_STOPPED,0.34302968,MSELoss,True,0.7,0.1,True,"['TrendAELG', 'Symlet20WaveletV3AELG']"
NBeatsNet,BottleneckGenericAELG-10,weather,96,480,10,1,2,3,0.257219,0.352505,0.017724,0.069256,70.287819,2686450,389.00,11,EARLY_STOPPED,0.35232919,MSELoss,True,0.7,0.1,True,['BottleneckGenericAELG']
NBeatsNet,BottleneckGenericAELG-10,weather,96,480,10,1,3,4,0.217122,0.325542,0.034698,0.080009,67.703453,2686450,383.51,11,EARLY_STOPPED,0.34583694,MSELoss,True,0.7,0.1,True,['BottleneckGenericAELG']
NHiTSNet,NHiTS-TrendAELG+Coif2V3AELG,weather,96,480,3,1,0,1,0.165253,0.275225,0.029938,0.069904,58.896183,828259,184.30,11,EARLY_STOPPED,0.34510407,MSELoss,True,0.7,0.1,True,"['TrendAELG', 'Coif2WaveletV3AELG', 'GenericAELG']"
NHiTSNet,NHiTS-TrendWaveletAELG,weather,96,480,3,1,7,8,0.183721,0.313356,0.186412,0.132654,70.661530,733047,202.29,11,EARLY_STOPPED,0.34442648,MSELoss,True,0.7,0.1,True,['TrendWaveletAELG']
NHiTSNet,NHiTS-TrendAELG+Coif2V3AELG,weather,96,480,3,1,1,2,0.170578,0.279647,0.055457,0.083884,62.398643,828259,188.79,11,EARLY_STOPPED,0.33381742,MSELoss,True,0.7,0.1,True,"['TrendAELG', 'Coif2WaveletV3AELG', 'GenericAELG']"
NBeatsNet,TrendAELG+Sym20V3AELG,weather,96,480,10,1,4,5,0.252986,0.349125,0.010552,0.057104,68.541588,2305615,370.30,11,EARLY_STOPPED,0.34058914,MSELoss,True,0.7,0.1,True,"['TrendAELG', 'Symlet20WaveletV3AELG']"
NBeatsNet,BottleneckGenericAELG-10,weather,96,480,10,1,4,5,0.204486,0.306198,0.018610,0.066520,63.986664,2686450,396.84,11,EARLY_STOPPED,0.33923525,MSELoss,True,0.7,0.1,True,['BottleneckGenericAELG']
NHiTSNet,NHiTS-TrendWaveletAELG,weather,192,960,3,1,0,1,0.242905,0.349219,0.100284,0.111578,79.202827,1037439,208.75,11,EARLY_STOPPED,0.44529295,MSELoss,True,0.7,0.1,True,['TrendWaveletAELG']
NBeatsNet,BottleneckGenericAELG-10,weather,96,480,10,1,5,6,0.254041,0.365342,0.083401,0.111598,80.869034,2686450,393.74,11,EARLY_STOPPED,0.34403029,MSELoss,True,0.7,0.1,True,['BottleneckGenericAELG']
NBeatsNet,BottleneckGenericAELG-10,weather,96,480,10,1,6,7,0.199201,0.314623,0.055907,0.093047,69.500595,2686450,390.13,11,EARLY_STOPPED,0.35319358,MSELoss,True,0.7,0.1,True,['BottleneckGenericAELG']
NHiTSNet,NHiTS-TrendAELG+Coif2V3AELG,weather,96,480,3,1,2,3,0.195781,0.307629,0.026943,0.076164,65.231422,828259,186.72,11,EARLY_STOPPED,0.34202009,MSELoss,True,0.7,0.1,True,"['TrendAELG', 'Coif2WaveletV3AELG', 'GenericAELG']"
NHiTSNet,NHiTS-TrendWaveletAELG,weather,192,960,3,1,1,2,0.168310,0.269806,0.028063,0.067188,66.913872,1037439,205.09,11,EARLY_STOPPED,0.43228391,MSELoss,True,0.7,0.1,True,['TrendWaveletAELG']
NHiTSNet,NHiTS-TrendAELG+Coif2V3AELG,weather,96,480,3,1,3,4,0.195938,0.320403,0.018879,0.063923,57.511719,828259,185.01,11,EARLY_STOPPED,0.32638901,MSELoss,True,0.7,0.1,True,"['TrendAELG', 'Coif2WaveletV3AELG', 'GenericAELG']"
NBeatsNet,TrendAELG+Sym20V3AELG,weather,96,480,10,1,5,6,0.186603,0.291614,0.017796,0.060066,55.750286,2305615,367.37,11,EARLY_STOPPED,0.34147105,MSELoss,True,0.7,0.1,True,"['TrendAELG', 'Symlet20WaveletV3AELG']"
NBeatsNet,BottleneckGenericAELG-10,weather,96,480,10,1,7,8,0.218158,0.308379,0.012801,0.060093,54.763092,2686450,395.94,11,EARLY_STOPPED,0.34726512,MSELoss,True,0.7,0.1,True,['BottleneckGenericAELG']
NBeatsNet,TrendAELG+Sym20V3AELG,weather,96,480,10,1,5,6,0.186603,0.291614,0.017796,0.060066,55.750286,2305615,365.95,11,EARLY_STOPPED,0.34147105,MSELoss,True,0.7,0.1,True,"['TrendAELG', 'Symlet20WaveletV3AELG']"
NHiTSNet,NHiTS-TrendWaveletAELG,weather,192,960,3,1,2,3,0.226075,0.355892,0.018937,0.072701,72.852280,1037439,204.69,11,EARLY_STOPPED,0.44673982,MSELoss,True,0.7,0.1,True,['TrendWaveletAELG']
NBeatsNet,TrendAELG+Sym20V3AELG,weather,96,480,10,1,6,7,0.187006,0.271383,0.011526,0.052615,58.523064,2305615,358.84,11,EARLY_STOPPED,0.34537369,MSELoss,True,0.7,0.1,True,"['TrendAELG', 'Symlet20WaveletV3AELG']"
NHiTSNet,NHiTS-TrendAELG+Coif2V3AELG,weather,96,480,3,1,4,5,0.131759,0.235878,0.030074,0.064849,54.614639,828259,187.53,11,EARLY_STOPPED,0.33695492,MSELoss,True,0.7,0.1,True,"['TrendAELG', 'Coif2WaveletV3AELG', 'GenericAELG']"
NHiTSNet,NHiTS-TrendWaveletAELG,weather,192,960,3,1,3,4,0.234879,0.334589,0.037639,0.084797,69.672684,1037439,204.70,11,EARLY_STOPPED,0.43109384,MSELoss,True,0.7,0.1,True,['TrendWaveletAELG']
NHiTSNet,NHiTS-TrendAELG+Coif2V3AELG,weather,96,480,3,1,5,6,0.158885,0.262192,0.010650,0.051724,56.972195,828259,186.50,11,EARLY_STOPPED,0.33719704,MSELoss,True,0.7,0.1,True,"['TrendAELG', 'Coif2WaveletV3AELG', 'GenericAELG']"
NBeatsNet,TrendAELG+Sym20V3AELG,weather,96,480,10,1,6,7,0.187006,0.271383,0.011526,0.052615,58.523064,2305615,367.26,11,EARLY_STOPPED,0.34537369,MSELoss,True,0.7,0.1,True,"['TrendAELG', 'Symlet20WaveletV3AELG']"
NBeatsNet,TrendAELG+Sym20V3AELG,weather,96,480,10,1,7,8,0.176380,0.292280,0.019678,0.065610,59.421055,2305615,369.10,11,EARLY_STOPPED,0.34258705,MSELoss,True,0.7,0.1,True,"['TrendAELG', 'Symlet20WaveletV3AELG']"
NBeatsNet,TrendWaveletAELG-10,weather,96,480,10,1,0,1,0.157667,0.254365,0.012745,0.050679,54.935181,3139870,417.40,11,EARLY_STOPPED,0.34708834,MSELoss,True,0.7,0.1,True,['TrendWaveletAELG']
NHiTSNet,NHiTS-TrendAELG+Coif2V3AELG,weather,96,480,3,1,6,7,0.194076,0.302619,0.046591,0.084733,60.845383,828259,187.82,11,EARLY_STOPPED,0.34254429,MSELoss,True,0.7,0.1,True,"['TrendAELG', 'Coif2WaveletV3AELG', 'GenericAELG']"
NHiTSNet,NHiTS-TrendWaveletAELG,weather,192,960,3,1,4,5,0.280693,0.361281,0.072393,0.110746,77.272453,1037439,205.96,11,EARLY_STOPPED,0.43376136,MSELoss,True,0.7,0.1,True,['TrendWaveletAELG']
NBeatsNet,TrendWaveletAELG-10,weather,96,480,10,1,1,2,0.177796,0.279849,0.022727,0.067156,59.366989,3139870,414.97,11,EARLY_STOPPED,0.33997449,MSELoss,True,0.7,0.1,True,['TrendWaveletAELG']
NHiTSNet,NHiTS-TrendAELG+Coif2V3AELG,weather,96,480,3,1,7,8,0.210374,0.315478,0.028180,0.075972,60.992718,828259,186.85,11,EARLY_STOPPED,0.34504154,MSELoss,True,0.7,0.1,True,"['TrendAELG', 'Coif2WaveletV3AELG', 'GenericAELG']"
NHiTSNet,NHiTS-TrendWaveletAELG,weather,192,960,3,1,5,6,0.270002,0.366534,0.114287,0.114397,77.925041,1037439,207.71,11,EARLY_STOPPED,0.42639109,MSELoss,True,0.7,0.1,True,['TrendWaveletAELG']
NBeatsNet,TrendAELG+Sym20V3AELG,weather,96,480,10,1,7,8,0.176380,0.292280,0.019678,0.065610,59.421055,2305615,370.35,11,EARLY_STOPPED,0.34258705,MSELoss,True,0.7,0.1,True,"['TrendAELG', 'Symlet20WaveletV3AELG']"
NBeatsNet,TrendWaveletAELG-10,weather,96,480,10,1,2,3,0.189216,0.281419,0.009129,0.049916,54.770271,3139870,426.66,11,EARLY_STOPPED,0.34635797,MSELoss,True,0.7,0.1,True,['TrendWaveletAELG']
NHiTSNet,NHiTS-GenericAELG,weather,192,960,3,1,0,1,0.165180,0.270437,0.061070,0.090323,62.632786,1545312,184.86,11,EARLY_STOPPED,0.43295652,MSELoss,True,0.7,0.1,True,['GenericAELG']
NBeatsNet,TrendWaveletAELG-10,weather,96,480,10,1,3,4,0.192497,0.313898,0.056077,0.091570,73.240646,3139870,433.87,11,EARLY_STOPPED,0.34104910,MSELoss,True,0.7,0.1,True,['TrendWaveletAELG']
NHiTSNet,NHiTS-TrendWaveletAELG,weather,192,960,3,1,6,7,0.178775,0.299322,0.064148,0.090214,72.547096,1037439,210.52,11,EARLY_STOPPED,0.42744073,MSELoss,True,0.7,0.1,True,['TrendWaveletAELG']
NBeatsNet,TrendWaveletAELG-10,weather,96,480,10,1,4,5,0.211592,0.308638,0.010575,0.053208,58.492672,3139870,423.30,11,EARLY_STOPPED,0.34549341,MSELoss,True,0.7,0.1,True,['TrendWaveletAELG']
NHiTSNet,NHiTS-GenericAELG,weather,192,960,3,1,1,2,0.192890,0.312542,0.047075,0.078062,72.357567,1545312,183.82,11,EARLY_STOPPED,0.43138123,MSELoss,True,0.7,0.1,True,['GenericAELG']
NHiTSNet,NHiTS-TrendWaveletAELG,weather,192,960,3,1,7,8,0.172244,0.296211,0.167444,0.121996,71.782921,1037439,205.63,11,EARLY_STOPPED,0.43099713,MSELoss,True,0.7,0.1,True,['TrendWaveletAELG']
NBeatsNet,TrendWaveletAELG-10,weather,96,480,10,1,2,3,0.189216,0.281419,0.009129,0.049916,54.770271,3139870,433.71,11,EARLY_STOPPED,0.34635797,MSELoss,True,0.7,0.1,True,['TrendWaveletAELG']
NHiTSNet,NHiTS-GenericAELG,weather,192,960,3,1,2,3,0.187334,0.307289,0.017918,0.062503,64.349113,1545312,185.44,11,EARLY_STOPPED,0.43315119,MSELoss,True,0.7,0.1,True,['GenericAELG']
NBeatsNet,TrendWaveletAELG-10,weather,96,480,10,1,5,6,0.244649,0.293378,0.028329,0.068193,62.141060,3139870,433.55,11,EARLY_STOPPED,0.34296167,MSELoss,True,0.7,0.1,True,['TrendWaveletAELG']
NBeatsNet,TrendWaveletAELG-10,weather,96,480,10,1,6,7,0.205777,0.305020,0.026200,0.069118,68.993988,3139870,428.50,11,EARLY_STOPPED,0.34738752,MSELoss,True,0.7,0.1,True,['TrendWaveletAELG']
NHiTSNet,NHiTS-TrendWaveletAELG,weather,336,1680,3,1,0,1,0.290704,0.393449,0.025695,0.085439,78.784210,1494027,216.95,11,EARLY_STOPPED,0.42819944,MSELoss,True,0.7,0.1,True,['TrendWaveletAELG']
NBeatsNet,TrendWaveletAELG-10,weather,96,480,10,1,7,8,0.153924,0.276692,0.057195,0.086671,63.635834,3139870,426.85,11,EARLY_STOPPED,0.33241808,MSELoss,True,0.7,0.1,True,['TrendWaveletAELG']
NHiTSNet,NHiTS-GenericAELG,weather,192,960,3,1,3,4,0.240442,0.345275,0.096497,0.108435,75.908508,1545312,183.49,11,EARLY_STOPPED,0.43666834,MSELoss,True,0.7,0.1,True,['GenericAELG']
NHiTSNet,NHiTS-GenericAELG,weather,192,960,3,1,4,5,0.301139,0.377149,0.102886,0.110428,79.902473,1545312,188.65,11,EARLY_STOPPED,0.42382914,MSELoss,True,0.7,0.1,True,['GenericAELG']
NBeatsNet,TrendWaveletAELG-10,weather,96,480,10,1,5,6,0.244649,0.293378,0.028329,0.068193,62.141060,3139870,433.05,11,EARLY_STOPPED,0.34296167,MSELoss,True,0.7,0.1,True,['TrendWaveletAELG']
NBeatsNet,GenericAELG-10,weather,192,960,10,1,0,1,0.171387,0.295112,0.027815,0.073786,71.657646,9759040,352.58,11,EARLY_STOPPED,0.44692782,MSELoss,True,0.7,0.1,True,['GenericAELG']
NHiTSNet,NHiTS-TrendWaveletAELG,weather,336,1680,3,1,1,2,0.280287,0.374142,0.042942,0.092737,77.523857,1494027,259.46,13,EARLY_STOPPED,0.42573929,MSELoss,True,0.7,0.1,True,['TrendWaveletAELG']
NBeatsNet,GenericAELG-10,weather,192,960,10,1,2,3,0.207786,0.301570,0.041586,0.080045,66.089180,9759040,345.98,11,EARLY_STOPPED,0.42887238,MSELoss,True,0.7,0.1,True,['GenericAELG']
NHiTSNet,NHiTS-GenericAELG,weather,192,960,3,1,5,6,0.205325,0.310899,0.024487,0.069006,67.317719,1545312,189.21,11,EARLY_STOPPED,0.43900836,MSELoss,True,0.7,0.1,True,['GenericAELG']
NBeatsNet,GenericAELG-10,weather,192,960,10,1,1,2,0.210877,0.310912,0.016741,0.059547,67.536758,9759040,450.22,14,EARLY_STOPPED,0.44620645,MSELoss,True,0.7,0.1,True,['GenericAELG']
NHiTSNet,NHiTS-TrendWaveletAELG,weather,336,1680,3,1,2,3,0.295593,0.377978,0.039096,0.090441,71.535995,1494027,239.17,12,EARLY_STOPPED,0.42902970,MSELoss,True,0.7,0.1,True,['TrendWaveletAELG']
NHiTSNet,NHiTS-GenericAELG,weather,192,960,3,1,6,7,0.160960,0.283172,0.023792,0.065138,68.992470,1545312,187.24,11,EARLY_STOPPED,0.43510211,MSELoss,True,0.7,0.1,True,['GenericAELG']
NBeatsNet,GenericAELG-10,weather,192,960,10,1,3,4,0.362156,0.434788,0.106263,0.124172,90.352974,9759040,351.05,11,EARLY_STOPPED,0.43051535,MSELoss,True,0.7,0.1,True,['GenericAELG']
NBeatsNet,TrendAELG+Sym20V3AELG,weather,192,960,10,1,0,1,0.224572,0.338811,0.063660,0.095913,72.019714,3718735,375.67,11,EARLY_STOPPED,0.43455014,MSELoss,True,0.7,0.1,True,"['TrendAELG', 'Symlet20WaveletV3AELG']"
NBeatsNet,GenericAELG-10,weather,192,960,10,1,4,5,0.269918,0.364651,0.063799,0.104318,76.824806,9759040,353.24,11,EARLY_STOPPED,0.43528911,MSELoss,True,0.7,0.1,True,['GenericAELG']
NBeatsNet,GenericAELG-10,weather,192,960,10,1,5,6,0.225784,0.331944,0.043029,0.089882,74.675423,9759040,348.88,11,EARLY_STOPPED,0.43282190,MSELoss,True,0.7,0.1,True,['GenericAELG']
NHiTSNet,NHiTS-TrendWaveletAELG,weather,336,1680,3,1,3,4,0.233272,0.343664,0.021624,0.074056,68.320755,1494027,222.90,11,EARLY_STOPPED,0.43660003,MSELoss,True,0.7,0.1,True,['TrendWaveletAELG']
NHiTSNet,NHiTS-GenericAELG,weather,192,960,3,1,7,8,0.226477,0.322297,0.150729,0.123413,76.317543,1545312,191.90,11,EARLY_STOPPED,0.42580464,MSELoss,True,0.7,0.1,True,['GenericAELG']
NBeatsNet,GenericAELG-10,weather,192,960,10,1,6,7,0.348422,0.409374,0.021146,0.077826,84.235832,9759040,351.86,11,EARLY_STOPPED,0.43508035,MSELoss,True,0.7,0.1,True,['GenericAELG']
NHiTSNet,NHiTS-TrendAELG+Coif2V3AELG,weather,192,960,3,1,0,1,0.286212,0.386769,0.123109,0.126048,80.954948,1337699,197.88,11,EARLY_STOPPED,0.42211235,MSELoss,True,0.7,0.1,True,"['TrendAELG', 'Coif2WaveletV3AELG', 'GenericAELG']"
NHiTSNet,NHiTS-TrendWaveletAELG,weather,336,1680,3,1,4,5,0.189078,0.299702,0.020450,0.064321,65.810951,1494027,240.99,12,EARLY_STOPPED,0.44574884,MSELoss,True,0.7,0.1,True,['TrendWaveletAELG']
NBeatsNet,GenericAELG-10,weather,192,960,10,1,7,8,0.222581,0.347808,0.027166,0.076472,80.224106,9759040,350.53,11,EARLY_STOPPED,0.44386017,MSELoss,True,0.7,0.1,True,['GenericAELG']
NBeatsNet,TrendAELG+Sym20V3AELG,weather,192,960,10,1,1,2,0.287852,0.380554,0.037540,0.093357,80.191414,3718735,385.44,11,EARLY_STOPPED,0.43157914,MSELoss,True,0.7,0.1,True,"['TrendAELG', 'Symlet20WaveletV3AELG']"
NBeatsNet,BottleneckGenericAELG-10,weather,192,960,10,1,0,1,0.210796,0.321601,0.024472,0.069707,73.092499,3944050,413.67,11,EARLY_STOPPED,0.42687345,MSELoss,True,0.7,0.1,True,['BottleneckGenericAELG']
NHiTSNet,NHiTS-TrendAELG+Coif2V3AELG,weather,192,960,3,1,1,2,0.283518,0.388457,0.053718,0.100217,79.855942,1337699,202.39,11,EARLY_STOPPED,0.42189747,MSELoss,True,0.7,0.1,True,"['TrendAELG', 'Coif2WaveletV3AELG', 'GenericAELG']"
NHiTSNet,NHiTS-TrendWaveletAELG,weather,336,1680,3,1,5,6,0.444909,0.483869,0.041961,0.107807,88.413910,1494027,220.24,11,EARLY_STOPPED,0.43117285,MSELoss,True,0.7,0.1,True,['TrendWaveletAELG']
NBeatsNet,BottleneckGenericAELG-10,weather,192,960,10,1,1,2,0.216770,0.327171,0.041731,0.088782,75.675529,3944050,414.51,11,EARLY_STOPPED,0.41798267,MSELoss,True,0.7,0.1,True,['BottleneckGenericAELG']
NHiTSNet,NHiTS-TrendAELG+Coif2V3AELG,weather,192,960,3,1,2,3,0.171812,0.298059,0.068136,0.094242,70.012993,1337699,200.71,11,EARLY_STOPPED,0.43226904,MSELoss,True,0.7,0.1,True,"['TrendAELG', 'Coif2WaveletV3AELG', 'GenericAELG']"
NBeatsNet,BottleneckGenericAELG-10,weather,192,960,10,1,2,3,0.168640,0.278856,0.011494,0.054413,61.612255,3944050,404.66,11,EARLY_STOPPED,0.44222704,MSELoss,True,0.7,0.1,True,['BottleneckGenericAELG']
NBeatsNet,TrendAELG+Sym20V3AELG,weather,192,960,10,1,2,3,0.201629,0.329174,0.031671,0.079063,76.731964,3718735,377.54,11,EARLY_STOPPED,0.43417284,MSELoss,True,0.7,0.1,True,"['TrendAELG', 'Symlet20WaveletV3AELG']"
NHiTSNet,NHiTS-TrendWaveletAELG,weather,336,1680,3,1,6,7,0.294681,0.380953,0.024952,0.084039,73.625275,1494027,219.10,11,EARLY_STOPPED,0.44115984,MSELoss,True,0.7,0.1,True,['TrendWaveletAELG']
NBeatsNet,BottleneckGenericAELG-10,weather,192,960,10,1,3,4,0.200754,0.310599,0.036211,0.072827,69.845070,3944050,416.56,11,EARLY_STOPPED,0.43886322,MSELoss,True,0.7,0.1,True,['BottleneckGenericAELG']
NHiTSNet,NHiTS-TrendAELG+Coif2V3AELG,weather,192,960,3,1,3,4,0.334318,0.414728,0.082579,0.121556,86.271790,1337699,206.77,11,EARLY_STOPPED,0.42853829,MSELoss,True,0.7,0.1,True,"['TrendAELG', 'Coif2WaveletV3AELG', 'GenericAELG']"
NBeatsNet,BottleneckGenericAELG-10,weather,192,960,10,1,4,5,0.197536,0.295085,0.040607,0.077260,69.289764,3944050,416.79,11,EARLY_STOPPED,0.44100556,MSELoss,True,0.7,0.1,True,['BottleneckGenericAELG']
NHiTSNet,NHiTS-TrendWaveletAELG,weather,336,1680,3,1,7,8,0.235091,0.329970,0.027310,0.076251,65.583260,1494027,217.31,11,EARLY_STOPPED,0.42408746,MSELoss,True,0.7,0.1,True,['TrendWaveletAELG']
NHiTSNet,NHiTS-TrendAELG+Coif2V3AELG,weather,192,960,3,1,4,5,0.322784,0.412357,0.061974,0.107816,89.010101,1337699,195.15,11,EARLY_STOPPED,0.42581302,MSELoss,True,0.7,0.1,True,"['TrendAELG', 'Coif2WaveletV3AELG', 'GenericAELG']"
NBeatsNet,BottleneckGenericAELG-10,weather,192,960,10,1,5,6,0.320104,0.351006,0.019588,0.066377,68.251297,3944050,419.66,11,EARLY_STOPPED,0.42960519,MSELoss,True,0.7,0.1,True,['BottleneckGenericAELG']
NBeatsNet,TrendAELG+Sym20V3AELG,weather,192,960,10,1,3,4,0.343338,0.402965,0.026848,0.082450,76.918228,3718735,383.99,11,EARLY_STOPPED,0.42808604,MSELoss,True,0.7,0.1,True,"['TrendAELG', 'Symlet20WaveletV3AELG']"
NHiTSNet,NHiTS-TrendAELG+Coif2V3AELG,weather,192,960,3,1,5,6,0.303921,0.396001,0.066579,0.108847,80.153580,1337699,208.77,11,EARLY_STOPPED,0.43154234,MSELoss,True,0.7,0.1,True,"['TrendAELG', 'Coif2WaveletV3AELG', 'GenericAELG']"
NBeatsNet,BottleneckGenericAELG-10,weather,192,960,10,1,6,7,0.252345,0.348714,0.015805,0.067236,75.042953,3944050,420.47,11,EARLY_STOPPED,0.43181252,MSELoss,True,0.7,0.1,True,['BottleneckGenericAELG']
NHiTSNet,NHiTS-TrendWaveletAELG,weather,720,3600,3,1,0,1,0.699372,0.597250,0.153226,0.153561,110.074387,2711595,306.18,15,EARLY_STOPPED,5.36563158,MSELoss,True,0.7,0.1,True,['TrendWaveletAELG']
NHiTSNet,NHiTS-TrendAELG+Coif2V3AELG,weather,192,960,3,1,6,7,0.384816,0.421514,0.065233,0.116793,85.589622,1337699,203.57,11,EARLY_STOPPED,0.43383801,MSELoss,True,0.7,0.1,True,"['TrendAELG', 'Coif2WaveletV3AELG', 'GenericAELG']"
NBeatsNet,BottleneckGenericAELG-10,weather,192,960,10,1,7,8,0.160614,0.273990,0.007231,0.046241,60.908722,3944050,431.36,11,EARLY_STOPPED,0.43070108,MSELoss,True,0.7,0.1,True,['BottleneckGenericAELG']
NBeatsNet,TrendAELG+Sym20V3AELG,weather,192,960,10,1,3,4,0.343338,0.402965,0.026848,0.082450,76.918228,3718735,403.45,11,EARLY_STOPPED,0.42808604,MSELoss,True,0.7,0.1,True,"['TrendAELG', 'Symlet20WaveletV3AELG']"
NBeatsNet,TrendAELG+Sym20V3AELG,weather,192,960,10,1,4,5,0.266399,0.353381,0.015047,0.067181,68.997833,3718735,393.36,11,EARLY_STOPPED,0.43956751,MSELoss,True,0.7,0.1,True,"['TrendAELG', 'Symlet20WaveletV3AELG']"
NHiTSNet,NHiTS-TrendAELG+Coif2V3AELG,weather,192,960,3,1,7,8,0.221937,0.325202,0.052372,0.090625,69.885094,1337699,204.34,11,EARLY_STOPPED,0.43583131,MSELoss,True,0.7,0.1,True,"['TrendAELG', 'Coif2WaveletV3AELG', 'GenericAELG']"
NBeatsNet,TrendAELG+Sym20V3AELG,weather,192,960,10,1,4,5,0.266399,0.353381,0.015047,0.067181,68.997833,3718735,399.70,11,EARLY_STOPPED,0.43956751,MSELoss,True,0.7,0.1,True,"['TrendAELG', 'Symlet20WaveletV3AELG']"
NHiTSNet,NHiTS-TrendWaveletAELG,weather,720,3600,3,1,1,2,0.648812,0.597589,0.847230,0.246460,110.639023,2711595,370.12,18,EARLY_STOPPED,5.14937687,MSELoss,True,0.7,0.1,True,['TrendWaveletAELG']
NHiTSNet,NHiTS-GenericAELG,weather,336,1680,3,1,0,1,0.318368,0.387283,0.024975,0.084780,69.377502,2388576,207.22,11,EARLY_STOPPED,0.43340883,MSELoss,True,0.7,0.1,True,['GenericAELG']
NBeatsNet,TrendAELG+Sym20V3AELG,weather,192,960,10,1,5,6,0.191388,0.302258,0.073971,0.093907,68.292618,3718735,412.16,11,EARLY_STOPPED,0.44033399,MSELoss,True,0.7,0.1,True,"['TrendAELG', 'Symlet20WaveletV3AELG']"
NBeatsNet,TrendAELG+Sym20V3AELG,weather,192,960,10,1,6,7,0.189462,0.314699,0.026538,0.073104,74.581970,3718735,411.90,11,EARLY_STOPPED,0.44104725,MSELoss,True,0.7,0.1,True,"['TrendAELG', 'Symlet20WaveletV3AELG']"
NHiTSNet,NHiTS-GenericAELG,weather,336,1680,3,1,1,2,0.221347,0.308075,0.032828,0.072662,61.327095,2388576,202.65,11,EARLY_STOPPED,0.40480074,MSELoss,True,0.7,0.1,True,['GenericAELG']
NBeatsNet,TrendAELG+Sym20V3AELG,weather,192,960,10,1,5,6,0.191388,0.302258,0.073971,0.093907,68.292618,3718735,408.65,11,EARLY_STOPPED,0.44033399,MSELoss,True,0.7,0.1,True,"['TrendAELG', 'Symlet20WaveletV3AELG']"
NBeatsNet,TrendAELG+Sym20V3AELG,weather,192,960,10,1,7,8,0.181681,0.287469,0.024075,0.064549,70.143158,3718735,410.86,11,EARLY_STOPPED,0.43422943,MSELoss,True,0.7,0.1,True,"['TrendAELG', 'Symlet20WaveletV3AELG']"
NHiTSNet,NHiTS-GenericAELG,weather,336,1680,3,1,2,3,0.192353,0.313498,0.011275,0.051825,67.504425,2388576,207.51,11,EARLY_STOPPED,0.41941503,MSELoss,True,0.7,0.1,True,['GenericAELG']
NHiTSNet,NHiTS-TrendWaveletAELG,weather,720,3600,3,1,2,3,0.769489,0.646072,0.346887,0.190868,114.538895,2711595,384.39,18,EARLY_STOPPED,13.29053497,MSELoss,True,0.7,0.1,True,['TrendWaveletAELG']
NBeatsNet,TrendWaveletAELG-10,weather,192,960,10,1,0,1,0.310966,0.384520,0.046775,0.099062,83.642822,4861150,462.04,11,EARLY_STOPPED,0.41910610,MSELoss,True,0.7,0.1,True,['TrendWaveletAELG']
NHiTSNet,NHiTS-GenericAELG,weather,336,1680,3,1,3,4,0.172195,0.297901,0.051855,0.081552,66.695938,2388576,204.37,11,EARLY_STOPPED,0.41422033,MSELoss,True,0.7,0.1,True,['GenericAELG']
NBeatsNet,TrendAELG+Sym20V3AELG,weather,192,960,10,1,7,8,0.181681,0.287469,0.024075,0.064549,70.143158,3718735,398.50,11,EARLY_STOPPED,0.43422943,MSELoss,True,0.7,0.1,True,"['TrendAELG', 'Symlet20WaveletV3AELG']"
NBeatsNet,TrendWaveletAELG-10,weather,192,960,10,1,1,2,0.311494,0.380795,0.033595,0.092127,83.307106,4861150,470.56,11,EARLY_STOPPED,0.43627661,MSELoss,True,0.7,0.1,True,['TrendWaveletAELG']
NHiTSNet,NHiTS-GenericAELG,weather,336,1680,3,1,4,5,0.322184,0.398420,0.029839,0.086146,78.521141,2388576,208.23,11,EARLY_STOPPED,0.42202523,MSELoss,True,0.7,0.1,True,['GenericAELG']
NBeatsNet,TrendWaveletAELG-10,weather,192,960,10,1,2,3,0.353635,0.449781,0.040316,0.099426,93.751068,4861150,480.23,11,EARLY_STOPPED,0.43267861,MSELoss,True,0.7,0.1,True,['TrendWaveletAELG']
NHiTSNet,NHiTS-TrendWaveletAELG,weather,720,3600,3,1,3,4,0.666291,0.602482,0.296163,0.183440,109.653114,2711595,415.92,20,EARLY_STOPPED,8.70787811,MSELoss,True,0.7,0.1,True,['TrendWaveletAELG']
NHiTSNet,NHiTS-GenericAELG,weather,336,1680,3,1,5,6,0.202942,0.306933,0.023345,0.072274,60.832222,2388576,203.72,11,EARLY_STOPPED,0.40916723,MSELoss,True,0.7,0.1,True,['GenericAELG']
NBeatsNet,TrendWaveletAELG-10,weather,192,960,10,1,3,4,0.194892,0.301563,0.046784,0.085452,70.495537,4861150,480.06,11,EARLY_STOPPED,0.42957771,MSELoss,True,0.7,0.1,True,['TrendWaveletAELG']
NHiTSNet,NHiTS-GenericAELG,weather,336,1680,3,1,6,7,0.178602,0.298627,0.020783,0.063337,61.330109,2388576,203.79,11,EARLY_STOPPED,0.43733999,MSELoss,True,0.7,0.1,True,['GenericAELG']
NBeatsNet,TrendWaveletAELG-10,weather,192,960,10,1,1,2,0.311494,0.380795,0.033595,0.092127,83.307106,4861150,460.46,11,EARLY_STOPPED,0.43627661,MSELoss,True,0.7,0.1,True,['TrendWaveletAELG']
NBeatsNet,TrendWaveletAELG-10,weather,192,960,10,1,4,5,0.224203,0.333078,0.018775,0.066410,69.805229,4861150,473.70,11,EARLY_STOPPED,0.42526224,MSELoss,True,0.7,0.1,True,['TrendWaveletAELG']
NBeatsNet,TrendWaveletAELG-10,weather,192,960,10,1,5,6,0.197535,0.295369,0.014224,0.059725,61.425774,4861150,482.72,11,EARLY_STOPPED,0.43128377,MSELoss,True,0.7,0.1,True,['TrendWaveletAELG']
NHiTSNet,NHiTS-GenericAELG,weather,336,1680,3,1,7,8,0.204775,0.318934,0.024347,0.071720,64.155823,2388576,221.99,11,EARLY_STOPPED,0.41375232,MSELoss,True,0.7,0.1,True,['GenericAELG']
NHiTSNet,NHiTS-TrendWaveletAELG,weather,720,3600,3,1,4,5,0.617941,0.562258,0.246208,0.170228,99.019012,2711595,438.37,21,EARLY_STOPPED,14.45134354,MSELoss,True,0.7,0.1,True,['TrendWaveletAELG']
NHiTSNet,NHiTS-TrendAELG+Coif2V3AELG,weather,336,1680,3,1,0,1,0.186663,0.298086,0.030058,0.073344,67.309227,2101859,213.97,11,EARLY_STOPPED,0.44378075,MSELoss,True,0.7,0.1,True,"['TrendAELG', 'Coif2WaveletV3AELG', 'GenericAELG']"
NBeatsNet,TrendWaveletAELG-10,weather,192,960,10,1,6,7,0.205464,0.318734,0.058288,0.095361,75.369843,4861150,504.51,11,EARLY_STOPPED,0.42015868,MSELoss,True,0.7,0.1,True,['TrendWaveletAELG']
NBeatsNet,TrendWaveletAELG-10,weather,192,960,10,1,4,5,0.224203,0.333078,0.018775,0.066410,69.805229,4861150,484.97,11,EARLY_STOPPED,0.42526224,MSELoss,True,0.7,0.1,True,['TrendWaveletAELG']
NBeatsNet,GenericAELG-10,weather,336,1680,10,1,0,1,0.253032,0.347892,0.016369,0.066065,66.813393,16025920,459.10,13,EARLY_STOPPED,0.42286539,MSELoss,True,0.7,0.1,True,['GenericAELG']
NHiTSNet,NHiTS-TrendAELG+Coif2V3AELG,weather,336,1680,3,1,1,2,0.362113,0.408683,0.019330,0.076625,71.017189,2101859,230.65,11,EARLY_STOPPED,0.43436214,MSELoss,True,0.7,0.1,True,"['TrendAELG', 'Coif2WaveletV3AELG', 'GenericAELG']"
NBeatsNet,TrendWaveletAELG-10,weather,192,960,10,1,7,8,0.242854,0.348813,0.049060,0.090362,73.437408,4861150,465.86,11,EARLY_STOPPED,0.43621513,MSELoss,True,0.7,0.1,True,['TrendWaveletAELG']
NHiTSNet,NHiTS-TrendWaveletAELG,weather,720,3600,3,1,5,6,0.783930,0.628119,0.131522,0.145199,106.868027,2711595,451.25,21,EARLY_STOPPED,8.98061371,MSELoss,True,0.7,0.1,True,['TrendWaveletAELG']
NHiTSNet,NHiTS-TrendAELG+Coif2V3AELG,weather,336,1680,3,1,2,3,0.355498,0.405458,0.027564,0.086311,70.778084,2101859,220.33,11,EARLY_STOPPED,0.40927696,MSELoss,True,0.7,0.1,True,"['TrendAELG', 'Coif2WaveletV3AELG', 'GenericAELG']"
NBeatsNet,GenericAELG-10,weather,336,1680,10,1,1,2,0.329202,0.404220,0.020186,0.076564,76.689941,16025920,583.83,16,EARLY_STOPPED,0.41916108,MSELoss,True,0.7,0.1,True,['GenericAELG']
NBeatsNet,GenericAELG-10,weather,336,1680,10,1,3,4,0.205087,0.313466,0.018377,0.065725,63.277428,16025920,372.63,11,EARLY_STOPPED,0.40668806,MSELoss,True,0.7,0.1,True,['GenericAELG']
NHiTSNet,NHiTS-TrendAELG+Coif2V3AELG,weather,336,1680,3,1,3,4,0.376947,0.443713,0.071018,0.117491,85.342857,2101859,222.17,11,EARLY_STOPPED,0.42916894,MSELoss,True,0.7,0.1,True,"['TrendAELG', 'Coif2WaveletV3AELG', 'GenericAELG']"
NBeatsNet,TrendWaveletAELG-10,weather,192,960,10,1,7,8,0.242854,0.348813,0.049060,0.090362,73.437408,4861150,464.67,11,EARLY_STOPPED,0.43621513,MSELoss,True,0.7,0.1,True,['TrendWaveletAELG']
NBeatsNet,GenericAELG-10,weather,336,1680,10,1,2,3,0.318098,0.392612,0.016652,0.072451,69.550858,16025920,634.11,18,EARLY_STOPPED,0.41547689,MSELoss,True,0.7,0.1,True,['GenericAELG']
NHiTSNet,NHiTS-TrendAELG+Coif2V3AELG,weather,336,1680,3,1,4,5,0.390652,0.438374,0.032677,0.097933,77.477043,2101859,219.76,11,EARLY_STOPPED,0.43485704,MSELoss,True,0.7,0.1,True,"['TrendAELG', 'Coif2WaveletV3AELG', 'GenericAELG']"
NBeatsNet,GenericAELG-10,weather,336,1680,10,1,4,5,0.279414,0.364402,0.017129,0.069057,68.294266,16025920,409.80,12,EARLY_STOPPED,0.40864453,MSELoss,True,0.7,0.1,True,['GenericAELG']
NHiTSNet,NHiTS-TrendWaveletAELG,weather,720,3600,3,1,6,7,0.865935,0.651263,0.101359,0.144837,106.831909,2711595,708.79,33,EARLY_STOPPED,11.25900269,MSELoss,True,0.7,0.1,True,['TrendWaveletAELG']
NHiTSNet,NHiTS-TrendAELG+Coif2V3AELG,weather,336,1680,3,1,5,6,0.393777,0.433809,0.025956,0.087465,82.108688,2101859,224.45,11,EARLY_STOPPED,0.40881965,MSELoss,True,0.7,0.1,True,"['TrendAELG', 'Coif2WaveletV3AELG', 'GenericAELG']"
NBeatsNet,GenericAELG-10,weather,336,1680,10,1,6,7,0.205854,0.324746,0.014935,0.062304,64.816658,16025920,381.99,11,EARLY_STOPPED,0.42124099,MSELoss,True,0.7,0.1,True,['GenericAELG']
NBeatsNet,GenericAELG-10,weather,336,1680,10,1,5,6,0.228567,0.329062,0.015265,0.064830,62.299191,16025920,622.99,18,EARLY_STOPPED,0.42166680,MSELoss,True,0.7,0.1,True,['GenericAELG']
NHiTSNet,NHiTS-TrendAELG+Coif2V3AELG,weather,336,1680,3,1,6,7,0.209590,0.329282,0.026919,0.077157,67.081757,2101859,222.54,11,EARLY_STOPPED,0.41976368,MSELoss,True,0.7,0.1,True,"['TrendAELG', 'Coif2WaveletV3AELG', 'GenericAELG']"
NBeatsNet,TrendAELG+Sym20V3AELG,weather,336,1680,10,1,0,1,0.372847,0.420085,0.015621,0.071381,71.025040,5838415,546.61,15,EARLY_STOPPED,0.41085929,MSELoss,True,0.7,0.1,True,"['TrendAELG', 'Symlet20WaveletV3AELG']"
NHiTSNet,NHiTS-TrendWaveletAELG,weather,720,3600,3,1,7,8,0.660489,0.586051,0.166216,0.160985,105.041145,2711595,302.60,14,EARLY_STOPPED,8.62920284,MSELoss,True,0.7,0.1,True,['TrendWaveletAELG']
